State Name,City Name,Year,Month,Day of Week,Time of Day,Accident Severity,Number of Vehicles Involved,Vehicle Type Involved,Number of Casualties,Number of Fatalities,Weather Conditions,Road Type,Road Condition,Lighting Conditions,Traffic Control Presence,Speed Limit (km/h),Driver Age,Driver Gender,Driver License Status,Alcohol Involvement,Accident Location Details,severity,hour,month,day_enc,road_type_enc,weather_enc,road_cond_enc,lighting_enc,alcohol,num_vehicles,num_casualties,junction_enc,cause_enc,risk_score,latitude,longitude,highway,state_region
Odisha,Unknown,2023,May,Wednesday,6:14,Fatal,5,Cycle,4,4,Foggy,National Highway,Damaged,Dusk,Police Checkpost,58,47,Male,Valid,No,Straight Road,3,6,5,2,0,1,0,3,0,5,4,0,0,6.67,25.81657,79.52562,NH27_East_West,Rajasthan / MP / UP
Chhattisgarh,Unknown,2023,April,Tuesday,17:10,Fatal,1,Auto-Rickshaw,2,5,Hazy,Urban Road,Dry,Daylight,Signs,117,50,Male,,No,Straight Road,3,17,4,1,2,2,1,2,0,1,2,0,0,6.97,17.52173,75.50717,NH9_Pune_Hyderabad,Maharashtra / Telangana
Sikkim,Unknown,2018,June,Saturday,5:53,Serious,2,Two-Wheeler,3,2,Rainy,State Highway,Wet,Dusk,Police Checkpost,40,48,Female,Valid,Yes,Curve,2,5,6,5,1,3,3,3,1,2,3,0,0,4.55,25.5927,85.16821,NH30_Patna_Visakhapatnam,Chhattisgarh
Mizoram,Unknown,2019,June,Monday,5:35,Minor,4,Cycle,6,5,Foggy,Urban Road,Under Construction,Daylight,Signs,35,47,Female,Expired,Yes,Straight Road,1,5,6,0,2,1,2,2,1,4,6,0,0,7.58,28.88395,77.46603,NH58_Delhi_Badrinath,Uttarakhand
West Bengal,Siliguri,2018,August,Thursday,3:40,Serious,1,Auto-Rickshaw,8,0,Stormy,Village Road,Under Construction,Daylight,Signals,48,28,Male,Valid,No,Bridge,2,3,8,3,3,4,2,2,0,1,8,0,0,3.64,15.30119,76.96232,NH44_Hyderabad_Bangalore,Karnataka
Bihar,Unknown,2019,May,Sunday,5:19,Minor,3,Truck,7,4,Stormy,National Highway,Under Construction,Daylight,Signs,118,22,Female,Valid,Yes,Straight Road,1,5,5,6,0,4,2,2,1,3,7,0,0,6.97,28.64707,77.21318,NH48_Delhi_Mumbai,Rajasthan / Gujarat
Tripura,Unknown,2018,February,Wednesday,0:6,Serious,5,Cycle,1,4,Clear,National Highway,Damaged,Dark,Signals,53,26,Male,,Yes,Intersection,2,0,2,2,0,0,0,0,1,5,1,0,0,5.76,18.66537,84.18561,NH16_Kolkata_Chennai,Odisha / Andhra Pradesh
West Bengal,Durgapur,2021,July,Saturday,3:30,Minor,3,Auto-Rickshaw,0,2,Clear,State Highway,Under Construction,Dark,Signals,38,69,Male,Expired,No,Intersection,1,3,7,5,1,0,2,0,0,3,0,0,0,2.42,23.46914,86.10469,NH19_Delhi_Kolkata,Uttar Pradesh / Bihar
Rajasthan,Udaipur,2023,December,Tuesday,22:0,Minor,5,Car,6,4,Clear,Village Road,Wet,Dusk,Police Checkpost,62,38,Female,Expired,Yes,Straight Road,1,22,12,1,3,0,3,3,1,5,6,0,0,6.67,26.17287,81.52459,NH19_Delhi_Kolkata,Uttar Pradesh / Bihar
Tripura,Unknown,2018,April,Wednesday,20:12,Serious,1,Bus,8,3,Foggy,National Highway,Damaged,Dawn,,90,43,Female,Expired,No,Curve,2,20,4,2,0,1,0,1,0,1,8,0,0,6.36,12.5963,77.82544,NH44_Bangalore_Chennai,Tamil Nadu
Bihar,Unknown,2021,January,Sunday,20:17,Fatal,3,Bus,9,3,Foggy,National Highway,Wet,Daylight,Signs,40,40,Female,Expired,No,Intersection,3,20,1,6,0,1,3,2,0,3,9,0,0,7.27,32.29339,74.94102,NH44_North,Jammu & Kashmir
Rajasthan,Udaipur,2022,February,Tuesday,12:25,Serious,4,Car,6,3,Hazy,Urban Road,Under Construction,Dawn,,51,47,Male,,No,Intersection,2,12,2,1,2,2,2,1,0,4,6,0,0,5.76,20.1721,73.49044,NH48_Delhi_Mumbai,Rajasthan / Gujarat
Jharkhand,Unknown,2023,June,Tuesday,7:2,Fatal,5,Two-Wheeler,2,0,Stormy,State Highway,Wet,Dawn,,83,40,Female,Expired,No,Curve,3,7,6,1,1,4,3,1,0,5,2,0,0,2.42,23.71537,73.18937,NH48_Delhi_Mumbai,Rajasthan / Gujarat
Delhi,New Delhi,2023,October,Tuesday,22:37,Serious,3,Pedestrian,6,3,Clear,National Highway,Damaged,Daylight,Signs,55,64,Male,Expired,Yes,Straight Road,2,22,10,1,0,0,0,2,1,3,6,0,0,6.36,27.04302,78.05973,NH44_Delhi_Agra,Uttar Pradesh
Punjab,Unknown,2018,June,Monday,0:54,Minor,4,Car,1,3,Hazy,Village Road,Wet,Dark,Signals,106,45,Female,Valid,Yes,Intersection,1,0,6,0,3,2,3,0,1,4,1,0,0,4.24,17.73434,83.25023,NH30_Patna_Visakhapatnam,Chhattisgarh
Sikkim,Unknown,2020,April,Saturday,4:9,Minor,5,Pedestrian,5,2,Stormy,State Highway,Under Construction,Dark,Police Checkpost,120,40,Female,,No,Bridge,1,4,4,5,1,4,2,0,0,5,5,0,0,3.94,23.8901,79.086,NH44_Agra_Nagpur,Madhya Pradesh
Tamil Nadu,Chennai,2018,May,Tuesday,12:58,Minor,4,Pedestrian,9,2,Foggy,Urban Road,Under Construction,Dusk,,117,60,Female,Expired,Yes,Straight Road,1,12,5,1,2,1,2,3,1,4,9,0,0,5.76,17.31927,73.46836,NH48_Mumbai_Bangalore,Maharashtra / Karnataka
Uttarakhand,Unknown,2020,June,Monday,13:34,Fatal,1,Auto-Rickshaw,3,0,Hazy,Urban Road,Under Construction,Dawn,Police Checkpost,50,29,Female,Expired,Yes,Curve,3,13,6,0,2,2,2,1,1,1,3,0,0,3.33,16.50148,80.59877,NH16_Kolkata_Chennai,Odisha / Andhra Pradesh
Himachal Pradesh,Unknown,2020,November,Monday,3:3,Minor,4,Bus,5,0,Rainy,National Highway,Damaged,Daylight,Police Checkpost,32,60,Female,Valid,Yes,Intersection,1,3,11,0,0,3,0,2,1,4,5,0,0,2.73,25.79457,82.22542,NH19_Delhi_Kolkata,Uttar Pradesh / Bihar
Gujarat,Ahmedabad,2022,June,Wednesday,15:17,Fatal,1,Cycle,9,1,Hazy,State Highway,Damaged,Dusk,Police Checkpost,32,23,Male,Valid,Yes,Intersection,3,15,6,2,1,2,0,3,1,1,9,0,0,6.06,22.82094,88.52674,NH52_Barasat_Guwahati,West Bengal / Assam
Uttar Pradesh,Varanasi,2018,October,Tuesday,19:42,Serious,2,Car,7,0,Stormy,State Highway,Dry,Dusk,Signs,106,22,Male,Expired,No,Curve,2,19,10,1,1,4,1,3,0,2,7,0,0,3.33,25.75106,79.462,NH27_East_West,Rajasthan / MP / UP
Madhya Pradesh,Unknown,2020,August,Sunday,14:42,Serious,5,Two-Wheeler,6,1,Hazy,Urban Road,Under Construction,Dawn,,34,38,Female,Valid,No,Straight Road,2,14,8,6,2,2,2,1,0,5,6,0,0,3.94,27.47388,78.21089,NH19_Delhi_Kolkata,Uttar Pradesh / Bihar
Karnataka,Mangalore,2019,January,Tuesday,12:21,Fatal,3,Cycle,6,2,Hazy,State Highway,Damaged,Dark,Police Checkpost,41,22,Female,Expired,No,Curve,3,12,1,1,1,2,0,0,0,3,6,0,0,5.45,26.81868,78.28914,NH44_Agra_Nagpur,Madhya Pradesh
Manipur,Unknown,2019,August,Friday,2:1,Minor,5,Truck,1,4,Hazy,Urban Road,Wet,Daylight,Signs,120,67,Female,Expired,No,Straight Road,1,2,8,4,2,2,3,2,0,5,1,0,0,4.55,22.26934,83.01598,NH30_Patna_Visakhapatnam,Chhattisgarh
Madhya Pradesh,Unknown,2019,February,Thursday,8:19,Serious,2,Cycle,8,2,Clear,Village Road,Under Construction,Dusk,Signs,84,66,Male,Valid,No,Curve,2,8,2,3,3,0,2,3,0,2,8,0,0,5.45,25.52869,85.14678,NH30_Patna_Visakhapatnam,Chhattisgarh
Uttarakhand,Unknown,2021,November,Sunday,13:44,Minor,4,Car,9,4,Stormy,State Highway,Under Construction,Daylight,,49,53,Female,,Yes,Curve,1,13,11,6,1,4,2,2,1,4,9,0,0,7.58,12.96489,74.92098,NH66_West_Coast,Maharashtra / Kerala
Jammu and Kashmir,Unknown,2021,October,Friday,11:52,Minor,1,Two-Wheeler,2,3,Stormy,Village Road,Under Construction,Dusk,Signals,79,54,Male,Expired,No,Straight Road,1,11,10,4,3,4,2,3,0,1,2,0,0,3.94,27.81698,77.47055,NH44_Delhi_Agra,Uttar Pradesh
Goa,Unknown,2022,February,Friday,21:5,Fatal,4,Two-Wheeler,9,4,Hazy,Village Road,Wet,Daylight,Signals,95,27,Female,,No,Intersection,3,21,2,4,3,2,3,2,0,4,9,0,0,8.18,24.82699,83.8381,NH19_Delhi_Kolkata,Uttar Pradesh / Bihar
Uttarakhand,Unknown,2021,May,Tuesday,0:41,Fatal,5,Cycle,1,2,Rainy,Urban Road,Damaged,Daylight,Police Checkpost,105,58,Female,,Yes,Straight Road,3,0,5,1,2,3,0,2,1,5,1,0,0,4.55,18.58571,73.24778,NH66_West_Coast,Maharashtra / Kerala
Chhattisgarh,Unknown,2021,November,Friday,4:24,Minor,1,Auto-Rickshaw,0,2,Stormy,State Highway,Damaged,Daylight,Police Checkpost,111,36,Male,Expired,Yes,Intersection,1,4,11,4,1,4,0,2,1,1,0,0,0,3.03,27.19925,82.4344,NH27_East_West,Rajasthan / MP / UP
Maharashtra,Pune,2021,May,Thursday,13:53,Minor,2,Two-Wheeler,9,3,Stormy,Urban Road,Wet,Daylight,Signals,75,44,Male,,No,Intersection,1,13,5,3,2,4,3,2,0,2,9,0,0,6.06,22.32367,79.10912,NH44_Agra_Nagpur,Madhya Pradesh
Maharashtra,Mumbai,2021,May,Monday,1:4,Serious,3,Two-Wheeler,8,0,Hazy,Urban Road,Damaged,Dark,,50,40,Male,Valid,Yes,Straight Road,2,1,5,0,2,2,0,0,1,3,8,0,0,4.24,23.40747,86.13507,NH19_Delhi_Kolkata,Uttar Pradesh / Bihar
Manipur,Unknown,2022,October,Saturday,0:6,Fatal,4,Bus,0,3,Clear,Urban Road,Dry,Dawn,Signs,98,27,Male,Expired,No,Straight Road,3,0,10,5,2,0,1,1,0,4,0,0,0,4.55,24.19984,84.57465,NH19_Delhi_Kolkata,Uttar Pradesh / Bihar
Himachal Pradesh,Unknown,2023,March,Tuesday,5:14,Minor,3,Two-Wheeler,3,3,Stormy,Village Road,Damaged,Dark,Signs,93,22,Male,Valid,No,Intersection,1,5,3,1,3,4,0,0,0,3,3,0,0,4.24,24.88512,89.90353,NH52_Barasat_Guwahati,West Bengal / Assam
Delhi,New Delhi,2021,September,Thursday,20:15,Serious,1,Truck,10,0,Stormy,National Highway,Damaged,Dusk,Signs,102,63,Female,Expired,Yes,Straight Road,2,20,9,3,0,4,0,3,1,1,10,0,0,4.85,17.33636,78.49768,NH9_Pune_Hyderabad,Maharashtra / Telangana
Nagaland,Unknown,2021,January,Wednesday,14:19,Minor,1,Two-Wheeler,2,1,Foggy,State Highway,Dry,Daylight,Signals,38,69,Female,Valid,No,Intersection,1,14,1,2,1,1,1,2,0,1,2,0,0,2.12,25.81682,90.17859,NH52_Barasat_Guwahati,West Bengal / Assam
Karnataka,Mysore,2023,March,Friday,21:18,Serious,3,Two-Wheeler,7,3,Clear,Urban Road,Wet,Dark,Signs,118,47,Female,Expired,Yes,Curve,2,21,3,4,2,0,3,0,1,3,7,0,0,6.67,29.22712,77.93285,NH58_Delhi_Badrinath,Uttarakhand
Manipur,Unknown,2022,May,Wednesday,17:8,Serious,5,Pedestrian,9,1,Hazy,Village Road,Damaged,Daylight,Signals,120,28,Female,Valid,Yes,Intersection,2,17,5,2,3,2,0,2,1,5,9,0,0,5.45,22.93445,80.51492,NH7_Varanasi_Kanyakumari,MP / Karnataka / TN
Meghalaya,Unknown,2021,November,Saturday,22:53,Fatal,4,Auto-Rickshaw,2,4,Hazy,National Highway,Damaged,Daylight,,99,50,Female,,Yes,Straight Road,3,22,11,5,0,2,0,2,1,4,2,0,0,6.67,31.88878,77.44186,NH22_Shimla_Manali,Himachal Pradesh
Telangana,Unknown,2019,June,Wednesday,9:33,Minor,2,Truck,8,0,Hazy,Urban Road,Damaged,Dawn,Signs,30,20,Male,Valid,Yes,Straight Road,1,9,6,2,2,2,0,1,1,2,8,0,0,3.64,28.47278,77.24829,NH44_Delhi_Agra,Uttar Pradesh
Arunachal Pradesh,Unknown,2021,November,Monday,13:4,Minor,5,Cycle,1,2,Rainy,Urban Road,Under Construction,Dawn,,43,67,Male,Expired,Yes,Curve,1,13,11,0,2,3,2,1,1,5,1,0,0,3.33,24.21974,89.23924,NH52_Barasat_Guwahati,West Bengal / Assam
Goa,Unknown,2019,August,Thursday,16:7,Minor,2,Car,3,5,Clear,Village Road,Damaged,Dark,Police Checkpost,62,50,Male,Expired,No,Intersection,1,16,8,3,3,0,0,0,0,2,3,0,0,6.06,18.2292,74.23132,NH9_Pune_Hyderabad,Maharashtra / Telangana
Punjab,Unknown,2021,November,Saturday,19:19,Serious,2,Truck,1,0,Hazy,Urban Road,Under Construction,Dawn,Signs,67,33,Female,Expired,Yes,Straight Road,2,19,11,5,2,2,2,1,1,2,1,0,0,2.12,17.8106,74.93378,NH9_Pune_Hyderabad,Maharashtra / Telangana
Bihar,Unknown,2023,April,Thursday,16:26,Minor,2,Car,7,4,Stormy,State Highway,Dry,Dawn,,54,26,Female,Expired,No,Bridge,1,16,4,3,1,4,1,1,0,2,7,0,0,6.36,21.14477,79.07765,NH44_Nagpur_Hyderabad,Telangana
Goa,Unknown,2021,May,Friday,11:16,Minor,1,Pedestrian,10,3,Rainy,National Highway,Wet,Daylight,Signals,97,45,Male,Valid,No,Bridge,1,11,5,4,0,3,3,2,0,1,10,0,0,6.36,18.56027,73.82286,NH9_Pune_Hyderabad,Maharashtra / Telangana
Haryana,Unknown,2023,December,Wednesday,13:48,Minor,1,Cycle,7,4,Rainy,Village Road,Damaged,Daylight,Signs,68,19,Male,Expired,No,Straight Road,1,13,12,2,3,3,0,2,0,1,7,0,0,6.36,20.5899,78.94193,NH44_Nagpur_Hyderabad,Telangana
Gujarat,Ahmedabad,2020,April,Sunday,17:25,Minor,2,Auto-Rickshaw,10,2,Foggy,State Highway,Damaged,Dusk,Signals,110,38,Female,Expired,Yes,Bridge,1,17,4,6,1,1,0,3,1,2,10,0,0,6.06,25.34302,83.05749,NH7_Varanasi_Kanyakumari,MP / Karnataka / TN
Nagaland,Unknown,2021,April,Wednesday,22:45,Fatal,5,Auto-Rickshaw,5,0,Rainy,State Highway,Wet,Dark,Police Checkpost,35,62,Male,Valid,No,Bridge,3,22,4,2,1,3,3,0,0,5,5,0,0,3.33,25.78931,79.46935,NH27_East_West,Rajasthan / MP / UP
Manipur,Unknown,2021,January,Wednesday,0:54,Serious,2,Truck,3,3,Foggy,State Highway,Under Construction,Dark,,42,38,Male,,Yes,Intersection,2,0,1,2,1,1,2,0,1,2,3,0,0,5.45,27.16975,77.98697,NH44_Delhi_Agra,Uttar Pradesh
Kerala,Unknown,2021,December,Friday,17:1,Serious,2,Two-Wheeler,10,4,Hazy,National Highway,Dry,Daylight,,100,30,Male,,No,Curve,2,17,12,4,0,2,1,2,0,2,10,0,0,7.88,20.05812,73.45209,NH48_Delhi_Mumbai,Rajasthan / Gujarat
Goa,Unknown,2019,June,Wednesday,14:59,Serious,2,Cycle,0,4,Foggy,Urban Road,Dry,Dark,Police Checkpost,109,48,Male,Expired,No,Straight Road,2,14,6,2,2,1,1,0,0,2,0,0,0,4.85,22.27917,70.26397,NH27_East_West,Rajasthan / MP / UP
Sikkim,Unknown,2021,August,Thursday,13:11,Serious,1,Auto-Rickshaw,0,4,Clear,State Highway,Wet,Dusk,Police Checkpost,59,60,Male,Expired,Yes,Straight Road,2,13,8,3,1,0,3,3,1,1,0,0,0,5.45,24.22571,75.86211,NH27_East_West,Rajasthan / MP / UP
Puducherry,Unknown,2023,December,Wednesday,21:33,Serious,3,Auto-Rickshaw,4,2,Clear,Village Road,Under Construction,Dark,Signs,86,67,Female,Expired,No,Straight Road,2,21,12,2,3,0,2,0,0,3,4,0,0,4.24,24.82042,91.85281,NH27_East_West,Rajasthan / MP / UP
Arunachal Pradesh,Unknown,2019,December,Thursday,11:33,Fatal,3,Pedestrian,7,0,Rainy,Village Road,Under Construction,Daylight,Signals,75,66,Female,,Yes,Curve,3,11,12,3,3,3,2,2,1,3,7,0,0,4.55,27.97626,77.2819,NH44_Delhi_Agra,Uttar Pradesh
Uttar Pradesh,Lucknow,2021,April,Tuesday,21:9,Serious,2,Bus,2,2,Clear,Urban Road,Damaged,Dawn,Police Checkpost,49,50,Female,,No,Straight Road,2,21,4,1,2,0,0,1,0,2,2,0,0,3.64,13.0181,77.65705,NH48_Mumbai_Bangalore,Maharashtra / Karnataka
Goa,Unknown,2019,June,Monday,4:45,Fatal,5,Pedestrian,5,1,Foggy,State Highway,Under Construction,Dark,Signals,106,49,Female,,No,Straight Road,3,4,6,0,1,1,2,0,0,5,5,0,0,4.24,30.47825,79.38979,NH58_Delhi_Badrinath,Uttarakhand
Jharkhand,Unknown,2023,April,Monday,9:22,Serious,2,Two-Wheeler,6,5,Rainy,State Highway,Damaged,Dark,Signals,118,25,Male,Valid,No,Bridge,2,9,4,0,1,3,0,0,0,2,6,0,0,7.58,17.34246,78.48777,NH44_Nagpur_Hyderabad,Telangana
West Bengal,Kolkata,2020,August,Thursday,13:42,Fatal,4,Auto-Rickshaw,8,4,Hazy,National Highway,Wet,Dawn,,112,38,Female,,Yes,Bridge,3,13,8,3,0,2,3,1,1,4,8,0,0,8.48,22.80699,88.498,NH52_Barasat_Guwahati,West Bengal / Assam
Odisha,Unknown,2018,November,Thursday,16:36,Serious,4,Auto-Rickshaw,9,3,Foggy,National Highway,Under Construction,Dark,Police Checkpost,88,19,Male,,No,Curve,2,16,11,3,0,1,2,0,0,4,9,0,0,6.67,14.93092,75.19804,NH48_Mumbai_Bangalore,Maharashtra / Karnataka
Punjab,Unknown,2020,January,Monday,8:9,Serious,5,Truck,2,4,Stormy,State Highway,Wet,Dusk,,85,52,Male,Expired,Yes,Bridge,2,8,1,0,1,4,3,3,1,5,2,0,0,6.06,10.83523,76.21961,NH66_West_Coast,Maharashtra / Kerala
Jharkhand,Unknown,2020,August,Monday,8:31,Serious,1,Pedestrian,6,2,Hazy,State Highway,Wet,Daylight,Signals,46,37,Male,Valid,Yes,Bridge,2,8,8,0,1,2,3,2,1,1,6,0,0,5.45,19.28289,84.76436,NH16_Kolkata_Chennai,Odisha / Andhra Pradesh
Bihar,Unknown,2023,April,Tuesday,8:55,Minor,5,Truck,0,4,Stormy,Urban Road,Wet,Dark,Signs,45,32,Male,Valid,Yes,Straight Road,1,8,4,1,2,4,3,0,1,5,0,0,0,4.85,28.25497,77.1271,NH44_Delhi_Agra,Uttar Pradesh
Nagaland,Unknown,2019,March,Thursday,7:29,Serious,5,Auto-Rickshaw,1,5,Foggy,National Highway,Damaged,Dark,Signals,62,39,Male,,No,Straight Road,2,7,3,3,0,1,0,0,0,5,1,0,0,6.06,33.53263,75.072,NH44_North,Jammu & Kashmir
Jharkhand,Unknown,2023,February,Thursday,22:27,Minor,1,Car,0,1,Clear,Village Road,Dry,Daylight,Signs,65,19,Female,Expired,Yes,Straight Road,1,22,2,3,3,0,1,2,1,1,0,0,0,2.12,17.40247,78.46402,NH9_Pune_Hyderabad,Maharashtra / Telangana
Kerala,Unknown,2022,October,Tuesday,0:7,Serious,4,Pedestrian,10,0,Stormy,State Highway,Under Construction,Dawn,Signs,66,23,Female,Valid,No,Curve,2,0,10,1,1,4,2,1,0,4,10,0,0,4.24,29.24664,77.95453,NH58_Delhi_Badrinath,Uttarakhand
Sikkim,Unknown,2021,January,Wednesday,0:0,Minor,4,Bus,4,3,Stormy,Village Road,Wet,Dusk,Police Checkpost,91,47,Male,Expired,No,Bridge,1,0,1,2,3,4,3,3,0,4,4,0,0,4.55,16.16134,74.43679,NH48_Mumbai_Bangalore,Maharashtra / Karnataka
Telangana,Unknown,2022,September,Wednesday,16:38,Fatal,3,Two-Wheeler,6,1,Clear,National Highway,Dry,Daylight,Signs,46,44,Male,Valid,Yes,Curve,3,16,9,2,0,0,1,2,1,3,6,0,0,5.15,31.93878,77.4929,NH22_Shimla_Manali,Himachal Pradesh
Goa,Unknown,2018,May,Tuesday,6:54,Minor,1,Cycle,1,2,Clear,National Highway,Wet,Dusk,Signs,119,40,Female,,Yes,Bridge,1,6,5,1,0,0,3,3,1,1,1,0,0,3.33,22.37995,79.11895,NH44_Agra_Nagpur,Madhya Pradesh
Karnataka,Mysore,2019,March,Wednesday,17:11,Serious,1,Auto-Rickshaw,9,3,Hazy,Village Road,Wet,Dark,,57,39,Female,Valid,Yes,Intersection,2,17,3,2,3,2,3,0,1,1,9,0,0,7.27,26.14615,78.42361,NH44_Agra_Nagpur,Madhya Pradesh
West Bengal,Kolkata,2018,May,Friday,17:10,Fatal,4,Car,10,2,Foggy,Urban Road,Under Construction,Daylight,Signs,115,32,Male,Valid,No,Intersection,3,17,5,4,2,1,2,2,0,4,10,0,0,6.67,25.86236,88.19452,NH27_East_West,Rajasthan / MP / UP
Karnataka,Bangalore,2018,July,Sunday,23:46,Serious,5,Two-Wheeler,10,5,Clear,Village Road,Dry,Daylight,Signs,85,48,Female,Valid,No,Bridge,2,23,7,6,3,0,1,2,0,5,10,0,0,8.79,17.29352,73.51208,NH48_Mumbai_Bangalore,Maharashtra / Karnataka
Jammu and Kashmir,Unknown,2022,January,Saturday,2:23,Serious,4,Two-Wheeler,3,5,Hazy,National Highway,Under Construction,Dusk,Police Checkpost,103,29,Male,Expired,No,Curve,2,2,1,5,0,2,2,3,0,4,3,0,0,6.67,19.22857,84.847,NH16_Kolkata_Chennai,Odisha / Andhra Pradesh
Chandigarh,Unknown,2021,November,Friday,14:20,Serious,1,Two-Wheeler,2,3,Clear,National Highway,Wet,Daylight,Police Checkpost,46,27,Female,,No,Bridge,2,14,11,4,0,0,3,2,0,1,2,0,0,4.55,27.82273,77.3954,NH44_Delhi_Agra,Uttar Pradesh
Madhya Pradesh,Unknown,2020,January,Sunday,20:5,Minor,4,Two-Wheeler,7,5,Clear,National Highway,Under Construction,Dawn,Signs,81,35,Female,,Yes,Straight Road,1,20,1,6,0,0,2,1,1,4,7,0,0,7.88,26.39116,75.1929,NH48_Delhi_Mumbai,Rajasthan / Gujarat
Odisha,Unknown,2021,November,Friday,9:13,Minor,3,Two-Wheeler,9,4,Hazy,Village Road,Damaged,Daylight,,31,58,Male,Expired,No,Bridge,1,9,11,4,3,2,0,2,0,3,9,0,0,6.97,33.08892,75.53431,NH44_North,Jammu & Kashmir
Rajasthan,Jodhpur,2022,August,Friday,10:34,Minor,3,Two-Wheeler,9,0,Clear,State Highway,Wet,Daylight,Signs,90,65,Male,Valid,Yes,Bridge,1,10,8,4,1,0,3,2,1,3,9,0,0,3.94,18.66807,73.25711,NH66_West_Coast,Maharashtra / Kerala
Uttarakhand,Unknown,2018,July,Friday,6:40,Serious,5,Cycle,3,0,Hazy,State Highway,Damaged,Dusk,Signs,61,18,Male,Expired,Yes,Bridge,2,6,7,4,1,2,0,3,1,5,3,0,0,2.73,26.80263,78.21764,NH44_Agra_Nagpur,Madhya Pradesh
Uttarakhand,Unknown,2022,August,Monday,23:32,Serious,3,Auto-Rickshaw,1,3,Clear,Urban Road,Under Construction,Dark,Signs,66,54,Male,Valid,Yes,Bridge,2,23,8,0,2,0,2,0,1,3,1,0,0,4.85,24.21354,93.05121,NH27_East_West,Rajasthan / MP / UP
Kerala,Unknown,2020,January,Thursday,19:54,Serious,3,Bus,3,3,Clear,National Highway,Dry,Dark,Police Checkpost,44,56,Female,Expired,No,Intersection,2,19,1,3,0,0,1,0,0,3,3,0,0,4.85,23.94844,79.08735,NH44_Agra_Nagpur,Madhya Pradesh
Madhya Pradesh,Unknown,2022,November,Wednesday,20:31,Fatal,3,Pedestrian,9,3,Clear,Village Road,Under Construction,Daylight,Police Checkpost,69,61,Female,,Yes,Curve,3,20,11,2,3,0,2,2,1,3,9,0,0,7.88,25.22521,74.60117,NH48_Delhi_Mumbai,Rajasthan / Gujarat
Meghalaya,Unknown,2022,March,Thursday,3:10,Serious,5,Pedestrian,8,3,Hazy,State Highway,Wet,Daylight,,98,51,Male,,No,Intersection,2,3,3,3,1,2,3,2,0,5,8,0,0,6.36,14.8853,74.23065,NH66_West_Coast,Maharashtra / Kerala
Himachal Pradesh,Unknown,2020,June,Tuesday,1:8,Serious,5,Car,4,1,Stormy,Village Road,Damaged,Dusk,,37,68,Male,Valid,No,Straight Road,2,1,6,1,3,4,0,3,0,5,4,0,0,3.33,18.6029,84.23173,NH16_Kolkata_Chennai,Odisha / Andhra Pradesh
Karnataka,Bangalore,2022,June,Friday,20:12,Fatal,4,Auto-Rickshaw,1,0,Clear,Village Road,Wet,Dawn,Signals,39,40,Female,Expired,Yes,Straight Road,3,20,6,4,3,0,3,1,1,4,1,0,0,2.73,15.82868,77.17081,NH44_Hyderabad_Bangalore,Karnataka
Goa,Unknown,2019,May,Friday,12:0,Serious,3,Two-Wheeler,0,2,Rainy,Village Road,Under Construction,Dawn,,60,34,Female,Valid,Yes,Intersection,2,12,5,4,3,3,2,1,1,3,0,0,0,3.64,29.24756,77.96379,NH58_Delhi_Badrinath,Uttarakhand
Tamil Nadu,Madurai,2019,October,Monday,18:40,Minor,5,Two-Wheeler,1,5,Clear,Urban Road,Damaged,Daylight,,61,52,Female,Valid,No,Bridge,1,18,10,0,2,0,0,2,0,5,1,0,0,5.45,22.96521,83.43522,NH30_Patna_Visakhapatnam,Chhattisgarh
Telangana,Unknown,2020,June,Monday,8:7,Fatal,3,Cycle,0,5,Stormy,National Highway,Under Construction,Dawn,Signals,54,50,Male,Expired,Yes,Curve,3,8,6,0,0,4,2,1,1,3,0,0,0,6.97,23.66776,73.22836,NH48_Delhi_Mumbai,Rajasthan / Gujarat
Tripura,Unknown,2020,January,Friday,6:37,Minor,5,Pedestrian,8,1,Rainy,National Highway,Damaged,Dusk,Police Checkpost,82,61,Female,,No,Intersection,1,6,1,4,0,3,0,3,0,5,8,0,0,3.94,28.35492,77.19526,NH44_Delhi_Agra,Uttar Pradesh
West Bengal,Siliguri,2018,September,Friday,8:31,Fatal,4,Truck,5,0,Stormy,State Highway,Wet,Dusk,,76,26,Male,Expired,Yes,Bridge,3,8,9,4,1,4,3,3,1,4,5,0,0,3.94,16.48743,77.62804,NH44_Hyderabad_Bangalore,Karnataka
Meghalaya,Unknown,2021,March,Sunday,4:8,Serious,3,Bus,8,1,Foggy,National Highway,Damaged,Dawn,Signals,116,24,Male,Valid,No,Curve,2,4,3,6,0,1,0,1,0,3,8,0,0,4.55,25.54315,85.20003,NH30_Patna_Visakhapatnam,Chhattisgarh
Telangana,Unknown,2021,February,Friday,22:4,Serious,2,Two-Wheeler,4,3,Clear,National Highway,Dry,Daylight,Police Checkpost,60,56,Female,Expired,No,Curve,2,22,2,4,0,0,1,2,0,2,4,0,0,5.15,22.99287,87.03921,NH19_Delhi_Kolkata,Uttar Pradesh / Bihar