State Name,City Name,Year,Month,Day of Week,Time of Day,Accident Severity,Number of Vehicles Involved,Vehicle Type Involved,Number of Casualties,Number of Fatalities,Weather Conditions,Road Type,Road Condition,Lighting Conditions,Traffic Control Presence,Speed Limit (km/h),Driver Age,Driver Gender,Driver License Status,Alcohol Involvement,Accident Location Details,severity,hour,month,day_enc,road_type_enc,weather_enc,road_cond_enc,lighting_enc,alcohol,num_vehicles,num_casualties,junction_enc,cause_enc,risk_score,latitude,longitude,highway,state_region
West Bengal,Siliguri,2020,August,Saturday,6:27,Fatal,2,Car,10,4,Foggy,National Highway,Under Construction,Daylight,,103,51,Male,Expired,Yes,Intersection,3,6,8,5,0,1,2,2,1,2,10,0,0,9.09,8.89823,77.48292,NH66_West_Coast,Maharashtra / Kerala
Madhya Pradesh,Unknown,2019,July,Sunday,17:12,Fatal,3,Bus,0,2,Clear,Urban Road,Dry,Daylight,,32,70,Male,,Yes,Straight Road,3,17,7,6,2,0,1,2,1,3,0,0,0,4.24,31.16047,77.18753,NH22_Shimla_Manali,Himachal Pradesh
Sikkim,Unknown,2021,December,Friday,21:32,Fatal,5,Bus,7,4,Stormy,National Highway,Wet,Dark,Signals,109,61,Female,Expired,Yes,Straight Road,3,21,12,4,0,4,3,0,1,5,7,0,0,8.18,15.93817,80.16952,NH16_Kolkata_Chennai,Odisha / Andhra Pradesh
Goa,Unknown,2019,November,Wednesday,14:26,Minor,1,Cycle,3,1,Stormy,Urban Road,Damaged,Dusk,Police Checkpost,62,62,Male,,No,Bridge,1,14,11,2,2,4,0,3,0,1,3,0,0,2.42,17.76291,83.29981,NH16_Kolkata_Chennai,Odisha / Andhra Pradesh
Chandigarh,Unknown,2019,January,Thursday,23:5,Serious,2,Bus,5,3,Hazy,Village Road,Dry,Dawn,Signals,46,51,Male,,Yes,Intersection,2,23,1,3,3,2,1,1,1,2,5,0,0,6.06,25.26975,83.03464,NH19_Delhi_Kolkata,Uttar Pradesh / Bihar
Jharkhand,Unknown,2020,July,Wednesday,12:46,Serious,2,Two-Wheeler,1,2,Rainy,Urban Road,Under Construction,Dusk,Police Checkpost,70,46,Male,Valid,No,Intersection,2,12,7,2,2,3,2,3,0,2,1,0,0,3.33,13.71995,77.5182,NH44_Hyderabad_Bangalore,Karnataka
Uttarakhand,Unknown,2022,January,Sunday,6:53,Fatal,3,Bus,0,2,Stormy,Village Road,Damaged,Dawn,Police Checkpost,87,58,Female,Expired,Yes,Bridge,3,6,1,6,3,4,0,1,1,3,0,0,0,4.24,26.89324,80.90867,NH19_Delhi_Kolkata,Uttar Pradesh / Bihar
Tamil Nadu,Coimbatore,2021,October,Wednesday,8:38,Fatal,3,Bus,5,4,Clear,State Highway,Damaged,Dusk,Signals,67,51,Female,Expired,No,Bridge,3,8,10,2,1,0,0,3,0,3,5,0,0,6.97,28.63502,77.19006,NH58_Delhi_Badrinath,Uttarakhand
Maharashtra,Mumbai,2022,February,Tuesday,0:14,Minor,5,Car,9,1,Hazy,Village Road,Wet,Dusk,,105,59,Female,Expired,Yes,Straight Road,1,0,2,1,3,2,3,3,1,5,9,0,0,4.85,25.81677,88.26148,NH27_East_West,Rajasthan / MP / UP
Maharashtra,Pune,2019,February,Tuesday,13:31,Fatal,3,Bus,4,5,Foggy,Urban Road,Dry,Dark,,120,31,Female,Valid,Yes,Intersection,3,13,2,1,2,1,1,0,1,3,4,0,0,8.18,12.55363,79.46614,NH44_Bangalore_Chennai,Tamil Nadu
Andhra Pradesh,Vijayawada,2022,October,Tuesday,9:38,Serious,1,Cycle,5,3,Hazy,National Highway,Wet,Dusk,Signs,112,20,Male,Expired,No,Curve,2,9,10,1,0,2,3,3,0,1,5,0,0,5.45,23.4967,83.85063,NH30_Patna_Visakhapatnam,Chhattisgarh
Delhi,New Delhi,2021,May,Sunday,4:51,Minor,3,Pedestrian,9,1,Stormy,Urban Road,Dry,Dark,Signs,54,19,Male,,Yes,Curve,1,4,5,6,2,4,1,0,1,3,9,0,0,4.85,13.92873,75.55545,NH48_Mumbai_Bangalore,Maharashtra / Karnataka
Gujarat,Surat,2023,June,Thursday,4:39,Minor,2,Pedestrian,1,3,Clear,State Highway,Dry,Dark,,40,41,Female,Expired,No,Intersection,1,4,6,3,1,0,1,0,0,2,1,0,0,3.64,28.16698,77.92846,NH19_Delhi_Kolkata,Uttar Pradesh / Bihar
Andhra Pradesh,Tirupati,2020,December,Saturday,21:46,Fatal,2,Cycle,8,4,Stormy,Urban Road,Wet,Dawn,,40,23,Male,Expired,No,Straight Road,3,21,12,5,2,4,3,1,0,2,8,0,0,7.88,24.29456,92.9268,NH27_East_West,Rajasthan / MP / UP
Rajasthan,Udaipur,2021,July,Monday,0:53,Minor,5,Two-Wheeler,5,0,Rainy,National Highway,Damaged,Dark,Signs,65,42,Male,,No,Bridge,1,0,7,0,0,3,0,0,0,5,5,0,0,2.12,34.06927,74.79418,NH44_North,Jammu & Kashmir
Assam,Unknown,2023,May,Tuesday,0:12,Serious,4,Truck,7,0,Foggy,Village Road,Under Construction,Daylight,,103,70,Female,Expired,Yes,Curve,2,0,5,1,3,1,2,2,1,4,7,0,0,3.94,14.95504,75.21976,NH48_Mumbai_Bangalore,Maharashtra / Karnataka
Andhra Pradesh,Tirupati,2020,November,Friday,13:3,Fatal,2,Pedestrian,1,1,Stormy,National Highway,Under Construction,Dark,Signs,32,70,Male,,Yes,Intersection,3,13,11,4,0,4,2,0,1,2,1,0,0,3.64,27.16899,77.97826,NH44_Delhi_Agra,Uttar Pradesh
Haryana,Unknown,2022,February,Thursday,14:54,Serious,5,Cycle,8,1,Clear,Village Road,Damaged,Dark,Signals,37,25,Male,Valid,Yes,Bridge,2,14,2,3,3,0,0,0,1,5,8,0,0,5.15,19.87142,78.73658,NH44_Nagpur_Hyderabad,Telangana
Goa,Unknown,2021,February,Monday,8:27,Fatal,4,Two-Wheeler,7,4,Foggy,Village Road,Dry,Dark,,114,50,Female,Valid,Yes,Intersection,3,8,2,0,3,1,1,0,1,4,7,0,0,8.18,31.41871,77.16989,NH22_Shimla_Manali,Himachal Pradesh
Arunachal Pradesh,Unknown,2018,December,Saturday,3:45,Serious,5,Auto-Rickshaw,3,3,Clear,National Highway,Damaged,Dusk,,72,37,Male,Valid,Yes,Straight Road,2,3,12,5,0,0,0,3,1,5,3,0,0,5.45,32.22533,74.92983,NH44_North,Jammu & Kashmir
Nagaland,Unknown,2020,July,Sunday,14:58,Minor,5,Cycle,8,5,Stormy,National Highway,Dry,Dark,Signals,80,19,Male,Valid,Yes,Intersection,1,14,7,6,0,4,1,0,1,5,8,0,0,8.18,28.05699,77.35409,NH44_Delhi_Agra,Uttar Pradesh
West Bengal,Kolkata,2023,May,Tuesday,13:36,Minor,5,Two-Wheeler,0,4,Hazy,Urban Road,Damaged,Dark,Signals,61,53,Female,Expired,No,Intersection,1,13,5,1,2,2,0,0,0,5,0,0,0,4.24,27.47953,77.78779,NH44_Delhi_Agra,Uttar Pradesh
Odisha,Unknown,2019,March,Thursday,15:5,Serious,1,Car,6,0,Hazy,State Highway,Dry,Dawn,Signs,90,69,Female,Valid,No,Bridge,2,15,3,3,1,2,1,1,0,1,6,0,0,3.03,25.89188,90.18738,NH52_Barasat_Guwahati,West Bengal / Assam
West Bengal,Siliguri,2023,February,Saturday,0:13,Fatal,1,Bus,7,4,Hazy,State Highway,Dry,Daylight,Signs,71,31,Male,Valid,Yes,Bridge,3,0,2,5,1,2,1,2,1,1,7,0,0,8.18,11.22022,77.9233,NH7_Varanasi_Kanyakumari,MP / Karnataka / TN
Jammu and Kashmir,Unknown,2023,August,Sunday,14:59,Fatal,2,Truck,9,4,Stormy,National Highway,Under Construction,Dark,,88,59,Female,,No,Intersection,3,14,8,6,0,4,2,0,0,2,9,0,0,8.18,19.87778,78.72729,NH44_Nagpur_Hyderabad,Telangana
Chhattisgarh,Unknown,2018,April,Sunday,6:33,Fatal,1,Bus,0,2,Foggy,State Highway,Dry,Dusk,Signals,68,32,Male,Valid,Yes,Bridge,3,6,4,6,1,1,1,3,1,1,0,0,0,4.24,21.7121,79.12814,NH44_Agra_Nagpur,Madhya Pradesh
Punjab,Unknown,2018,May,Saturday,7:0,Minor,1,Two-Wheeler,2,4,Hazy,Village Road,Damaged,Dawn,Signs,42,57,Female,Expired,No,Straight Road,1,7,5,5,3,2,0,1,0,1,2,0,0,4.85,26.93917,75.74929,NH48_Delhi_Mumbai,Rajasthan / Gujarat
Manipur,Unknown,2019,October,Thursday,2:4,Minor,2,Cycle,4,5,Clear,Urban Road,Under Construction,Daylight,Signs,58,18,Female,,No,Curve,1,2,10,3,2,0,2,2,0,2,4,0,0,6.36,23.09029,72.53535,NH27_East_West,Rajasthan / MP / UP
West Bengal,Durgapur,2018,September,Thursday,18:31,Serious,5,Truck,3,5,Foggy,State Highway,Under Construction,Daylight,,100,18,Male,Valid,No,Curve,2,18,9,3,1,1,2,2,0,5,3,0,0,6.67,19.65277,73.30349,NH48_Delhi_Mumbai,Rajasthan / Gujarat
Manipur,Unknown,2019,March,Wednesday,13:17,Serious,4,Pedestrian,3,3,Rainy,Urban Road,Under Construction,Daylight,,111,31,Female,,No,Straight Road,2,13,3,2,2,3,2,2,0,4,3,0,0,4.85,17.83742,74.83733,NH9_Pune_Hyderabad,Maharashtra / Telangana
Himachal Pradesh,Unknown,2023,March,Sunday,15:2,Fatal,1,Cycle,2,4,Foggy,State Highway,Wet,Dusk,Signals,89,58,Male,,No,Curve,3,15,3,6,1,1,3,3,0,1,2,0,0,6.06,26.90029,80.98442,NH27_East_West,Rajasthan / MP / UP
Delhi,Dwarka,2022,March,Sunday,17:14,Minor,4,Auto-Rickshaw,8,2,Foggy,National Highway,Dry,Daylight,,61,35,Male,,No,Straight Road,1,17,3,6,0,1,1,2,0,4,8,0,0,4.85,24.84318,83.82413,NH19_Delhi_Kolkata,Uttar Pradesh / Bihar
Nagaland,Unknown,2019,September,Thursday,9:24,Minor,2,Car,8,5,Stormy,State Highway,Wet,Dark,Police Checkpost,90,49,Female,Valid,No,Intersection,1,9,9,3,1,4,3,0,0,2,8,0,0,7.58,18.57031,73.78896,NH9_Pune_Hyderabad,Maharashtra / Telangana
Punjab,Unknown,2019,September,Thursday,0:49,Minor,3,Pedestrian,8,0,Hazy,National Highway,Wet,Daylight,,99,29,Male,Expired,Yes,Intersection,1,0,9,3,0,2,3,2,1,3,8,0,0,3.64,13.09012,80.21218,NH44_Bangalore_Chennai,Tamil Nadu
Himachal Pradesh,Unknown,2020,January,Tuesday,17:24,Serious,4,Auto-Rickshaw,5,4,Hazy,Urban Road,Dry,Dark,,111,37,Female,Valid,Yes,Intersection,2,17,1,1,2,2,1,0,1,4,5,0,0,6.97,21.12871,72.8614,NH48_Delhi_Mumbai,Rajasthan / Gujarat
Haryana,Unknown,2023,January,Friday,0:26,Minor,1,Bus,3,1,Stormy,State Highway,Under Construction,Dusk,Signs,98,56,Female,Valid,Yes,Intersection,1,0,1,4,1,4,2,3,1,1,3,0,0,3.03,28.25435,77.12883,NH44_Delhi_Agra,Uttar Pradesh
Sikkim,Unknown,2023,July,Friday,12:30,Minor,2,Cycle,4,0,Rainy,National Highway,Dry,Dark,,37,67,Male,,No,Bridge,1,12,7,4,0,3,1,0,0,2,4,0,0,1.82,19.36481,84.72761,NH16_Kolkata_Chennai,Odisha / Andhra Pradesh
Mizoram,Unknown,2021,January,Wednesday,15:27,Fatal,1,Cycle,10,5,Hazy,State Highway,Dry,Dark,,67,45,Male,,Yes,Intersection,3,15,1,2,1,2,1,0,1,1,10,0,0,10.0,17.13594,77.27946,NH9_Pune_Hyderabad,Maharashtra / Telangana
Sikkim,Unknown,2021,February,Saturday,10:12,Serious,5,Pedestrian,3,1,Foggy,Urban Road,Dry,Dark,Signs,78,56,Male,,No,Bridge,2,10,2,5,2,1,1,0,0,5,3,0,0,3.03,12.66013,77.92703,NH44_Bangalore_Chennai,Tamil Nadu
Sikkim,Unknown,2020,August,Friday,8:34,Serious,4,Two-Wheeler,8,4,Rainy,National Highway,Wet,Dark,Police Checkpost,73,70,Male,Expired,No,Curve,2,8,8,4,0,3,3,0,0,4,8,0,0,7.27,9.47818,77.28308,NH66_West_Coast,Maharashtra / Kerala
Telangana,Unknown,2020,March,Wednesday,8:29,Fatal,3,Cycle,6,1,Clear,State Highway,Under Construction,Dusk,Police Checkpost,41,24,Female,,No,Bridge,3,8,3,2,1,0,2,3,0,3,6,0,0,4.55,31.08076,77.13042,NH22_Shimla_Manali,Himachal Pradesh
Meghalaya,Unknown,2019,February,Tuesday,17:2,Fatal,5,Two-Wheeler,0,1,Foggy,Village Road,Dry,Daylight,,100,52,Male,Expired,No,Intersection,3,17,2,1,3,1,1,2,0,5,0,0,0,2.73,23.00361,80.49138,NH7_Varanasi_Kanyakumari,MP / Karnataka / TN
Chhattisgarh,Unknown,2022,July,Monday,19:58,Fatal,3,Bus,10,0,Clear,State Highway,Dry,Dark,Signs,54,54,Male,Expired,No,Intersection,3,19,7,0,1,0,1,0,0,3,10,0,0,4.85,21.69009,79.13461,NH44_Agra_Nagpur,Madhya Pradesh
Gujarat,Surat,2022,December,Thursday,2:20,Minor,5,Cycle,5,1,Clear,Urban Road,Under Construction,Dark,Signs,84,61,Female,,No,Intersection,1,2,12,3,2,0,2,0,0,5,5,0,0,3.03,23.96809,79.07551,NH44_Agra_Nagpur,Madhya Pradesh
Jharkhand,Unknown,2022,July,Thursday,14:18,Serious,4,Truck,4,1,Foggy,National Highway,Under Construction,Dawn,,103,58,Female,,Yes,Straight Road,2,14,7,3,0,1,2,1,1,4,4,0,0,3.94,30.26993,79.08922,NH58_Delhi_Badrinath,Uttarakhand
Chhattisgarh,Unknown,2019,October,Saturday,8:59,Minor,3,Pedestrian,8,5,Rainy,Urban Road,Wet,Dusk,Signs,103,62,Female,Expired,No,Curve,1,8,10,5,2,3,3,3,0,3,8,0,0,7.58,26.82238,78.18022,NH44_Agra_Nagpur,Madhya Pradesh
Nagaland,Unknown,2019,September,Saturday,21:35,Serious,5,Auto-Rickshaw,10,4,Rainy,Urban Road,Dry,Dusk,Signals,97,28,Male,Valid,No,Straight Road,2,21,9,5,2,3,1,3,0,5,10,0,0,7.88,22.38418,72.17898,NH48_Delhi_Mumbai,Rajasthan / Gujarat
Assam,Unknown,2023,September,Saturday,23:25,Fatal,1,Bus,1,3,Clear,National Highway,Under Construction,Daylight,Police Checkpost,60,48,Male,Valid,Yes,Intersection,3,23,9,5,0,0,2,2,1,1,1,0,0,5.45,12.97751,74.92362,NH66_West_Coast,Maharashtra / Kerala
Tripura,Unknown,2018,July,Thursday,12:28,Fatal,5,Auto-Rickshaw,1,0,Foggy,National Highway,Damaged,Dawn,,38,49,Female,,No,Intersection,3,12,7,3,0,1,0,1,0,5,1,0,0,2.12,21.25848,72.77835,NH48_Delhi_Mumbai,Rajasthan / Gujarat
Bihar,Unknown,2018,January,Thursday,14:33,Fatal,4,Auto-Rickshaw,0,2,Foggy,State Highway,Under Construction,Dusk,Signals,56,56,Male,Valid,No,Intersection,3,14,1,3,1,1,2,3,0,4,0,0,0,3.64,22.9265,80.42813,NH7_Varanasi_Kanyakumari,MP / Karnataka / TN
Goa,Unknown,2022,August,Wednesday,14:42,Fatal,2,Two-Wheeler,9,2,Clear,Urban Road,Under Construction,Daylight,,100,59,Male,Expired,No,Intersection,3,14,8,2,2,0,2,2,0,2,9,0,0,6.36,18.6832,84.2303,NH16_Kolkata_Chennai,Odisha / Andhra Pradesh
Assam,Unknown,2020,June,Tuesday,0:49,Fatal,2,Two-Wheeler,9,5,Hazy,Urban Road,Wet,Dark,Signs,79,22,Female,Expired,No,Bridge,3,0,6,1,2,2,3,0,0,2,9,0,0,9.09,26.9484,78.17502,NH44_Delhi_Agra,Uttar Pradesh
Mizoram,Unknown,2020,June,Tuesday,9:21,Fatal,4,Bus,0,4,Stormy,Village Road,Damaged,Dark,Police Checkpost,104,18,Female,,Yes,Intersection,3,9,6,1,3,4,0,0,1,4,0,0,0,6.06,8.22643,77.25466,NH7_Varanasi_Kanyakumari,MP / Karnataka / TN
Nagaland,Unknown,2020,June,Sunday,13:47,Serious,1,Auto-Rickshaw,10,2,Hazy,Village Road,Wet,Dusk,Signals,40,60,Female,Expired,No,Bridge,2,13,6,6,3,2,3,3,0,1,10,0,0,6.06,24.80944,89.8091,NH52_Barasat_Guwahati,West Bengal / Assam
West Bengal,Kolkata,2018,December,Sunday,11:33,Fatal,4,Car,2,5,Hazy,Village Road,Under Construction,Daylight,Signs,49,49,Male,Valid,Yes,Curve,3,11,12,6,3,2,2,2,1,4,2,0,0,7.58,12.31035,78.05314,NH44_Bangalore_Chennai,Tamil Nadu
Manipur,Unknown,2022,August,Sunday,14:5,Fatal,3,Two-Wheeler,10,4,Stormy,Urban Road,Damaged,Dawn,Signals,93,70,Female,Expired,Yes,Intersection,3,14,8,6,2,4,0,1,1,3,10,0,0,9.09,26.2826,78.44567,NH44_Agra_Nagpur,Madhya Pradesh
Goa,Unknown,2022,January,Sunday,1:23,Minor,4,Truck,10,1,Hazy,National Highway,Damaged,Daylight,,59,48,Male,,No,Straight Road,1,1,1,6,0,2,0,2,0,4,10,0,0,4.55,25.33878,83.05263,NH19_Delhi_Kolkata,Uttar Pradesh / Bihar
Maharashtra,Nagpur,2023,December,Sunday,15:36,Fatal,2,Cycle,6,2,Clear,Urban Road,Damaged,Daylight,Police Checkpost,46,49,Female,Expired,Yes,Intersection,3,15,12,6,2,0,0,2,1,2,6,0,0,6.06,16.5812,77.61621,NH44_Hyderabad_Bangalore,Karnataka
Goa,Unknown,2020,January,Friday,4:11,Serious,5,Two-Wheeler,9,2,Clear,Urban Road,Wet,Daylight,Signs,49,34,Female,Valid,Yes,Straight Road,2,4,1,4,2,0,3,2,1,5,9,0,0,6.36,25.48412,78.51815,NH44_Agra_Nagpur,Madhya Pradesh
Mizoram,Unknown,2018,January,Tuesday,18:22,Serious,4,Pedestrian,4,5,Rainy,State Highway,Dry,Daylight,Police Checkpost,46,62,Female,Expired,Yes,Curve,2,18,1,1,1,3,1,2,1,4,4,0,0,7.58,26.29133,81.50603,NH19_Delhi_Kolkata,Uttar Pradesh / Bihar
Sikkim,Unknown,2019,April,Sunday,21:28,Serious,2,Two-Wheeler,0,2,Rainy,State Highway,Under Construction,Daylight,Police Checkpost,109,21,Male,Valid,Yes,Straight Road,2,21,4,6,1,3,2,2,1,2,0,0,0,3.64,23.84439,81.30176,NH7_Varanasi_Kanyakumari,MP / Karnataka / TN
Haryana,Unknown,2019,January,Sunday,20:13,Minor,3,Auto-Rickshaw,2,4,Clear,Village Road,Dry,Dark,,96,53,Male,,Yes,Intersection,1,20,1,6,3,0,1,0,1,3,2,0,0,5.45,26.30719,75.19383,NH48_Delhi_Mumbai,Rajasthan / Gujarat
Tripura,Unknown,2019,May,Friday,5:23,Serious,5,Pedestrian,6,0,Rainy,State Highway,Under Construction,Dawn,Police Checkpost,35,40,Female,,Yes,Bridge,2,5,5,4,1,3,2,1,1,5,6,0,0,3.64,32.31009,74.95379,NH44_North,Jammu & Kashmir
Assam,Unknown,2023,January,Tuesday,8:24,Fatal,2,Two-Wheeler,6,1,Clear,Village Road,Under Construction,Dark,Signals,95,21,Female,,Yes,Bridge,3,8,1,1,3,0,2,0,1,2,6,0,0,5.15,23.52155,86.07897,NH19_Delhi_Kolkata,Uttar Pradesh / Bihar
Maharashtra,Nagpur,2022,July,Wednesday,5:39,Fatal,5,Pedestrian,10,0,Stormy,State Highway,Damaged,Daylight,Signals,75,37,Female,Expired,Yes,Straight Road,3,5,7,2,1,4,0,2,1,5,10,0,0,5.45,32.40751,77.22752,NH22_Shimla_Manali,Himachal Pradesh
Manipur,Unknown,2021,February,Wednesday,23:9,Fatal,3,Auto-Rickshaw,9,1,Rainy,National Highway,Damaged,Dawn,Signs,49,36,Male,,No,Bridge,3,23,2,2,0,3,0,1,0,3,9,0,0,5.45,24.89367,77.18237,NH27_East_West,Rajasthan / MP / UP
Madhya Pradesh,Unknown,2023,April,Tuesday,13:9,Fatal,2,Cycle,7,1,Rainy,Village Road,Dry,Dawn,Signals,65,35,Male,,Yes,Straight Road,3,13,4,1,3,3,1,1,1,2,7,0,0,5.45,33.47696,75.07769,NH44_North,Jammu & Kashmir
Bihar,Unknown,2018,December,Tuesday,14:40,Fatal,2,Car,1,5,Rainy,National Highway,Damaged,Dusk,Signs,101,45,Male,Expired,No,Curve,3,14,12,1,0,3,0,3,0,2,1,0,0,6.67,32.67353,74.88298,NH44_North,Jammu & Kashmir
Kerala,Unknown,2022,April,Saturday,8:40,Serious,5,Two-Wheeler,7,2,Stormy,State Highway,Under Construction,Dawn,Police Checkpost,106,54,Male,Valid,Yes,Bridge,2,8,4,5,1,4,2,1,1,5,7,0,0,5.76,26.30658,75.18652,NH48_Delhi_Mumbai,Rajasthan / Gujarat
Chandigarh,Unknown,2022,August,Monday,20:7,Minor,2,Bus,3,1,Foggy,Urban Road,Under Construction,Dusk,,101,49,Female,Valid,Yes,Curve,1,20,8,0,2,1,2,3,1,2,3,0,0,3.03,16.62166,73.27566,NH48_Mumbai_Bangalore,Maharashtra / Karnataka
Karnataka,Mangalore,2019,July,Saturday,14:12,Serious,4,Cycle,8,0,Stormy,State Highway,Dry,Dusk,Signals,68,50,Female,,Yes,Straight Road,2,14,7,5,1,4,1,3,1,4,8,0,0,4.24,12.76563,77.61814,NH44_Bangalore_Chennai,Tamil Nadu
Karnataka,Mangalore,2020,June,Friday,13:0,Serious,5,Bus,4,1,Hazy,Village Road,Under Construction,Dusk,,66,34,Female,,No,Straight Road,2,13,6,4,3,2,2,3,0,5,4,0,0,3.33,21.94246,72.15406,NH48_Delhi_Mumbai,Rajasthan / Gujarat
Puducherry,Unknown,2019,November,Thursday,21:57,Serious,2,Car,10,2,Rainy,National Highway,Damaged,Dark,Police Checkpost,118,42,Male,Valid,Yes,Bridge,2,21,11,3,0,3,0,0,1,2,10,0,0,6.67,14.50642,75.71718,NH48_Mumbai_Bangalore,Maharashtra / Karnataka
Maharashtra,Pune,2020,February,Saturday,12:6,Fatal,4,Truck,1,0,Foggy,State Highway,Damaged,Dusk,Signals,71,20,Female,Valid,No,Bridge,3,12,2,5,1,1,0,3,0,4,1,0,0,2.12,27.44688,77.68443,NH44_Delhi_Agra,Uttar Pradesh
Goa,Unknown,2021,March,Saturday,3:39,Serious,2,Bus,6,4,Hazy,Village Road,Under Construction,Dark,Signals,30,66,Male,Expired,No,Curve,2,3,3,5,3,2,2,0,0,2,6,0,0,6.67,27.36195,77.73384,NH44_Delhi_Agra,Uttar Pradesh
Assam,Unknown,2021,August,Sunday,7:34,Fatal,5,Bus,3,3,Hazy,Urban Road,Wet,Dawn,,32,60,Female,,Yes,Intersection,3,7,8,6,2,2,3,1,1,5,3,0,0,6.06,17.32344,73.49461,NH48_Mumbai_Bangalore,Maharashtra / Karnataka
Chandigarh,Unknown,2020,May,Wednesday,16:58,Serious,2,Auto-Rickshaw,2,5,Clear,Village Road,Wet,Dusk,Police Checkpost,107,60,Female,Expired,No,Bridge,2,16,5,2,3,0,3,3,0,2,2,0,0,6.36,25.33748,82.9493,NH7_Varanasi_Kanyakumari,MP / Karnataka / TN
Meghalaya,Unknown,2021,May,Sunday,0:22,Minor,1,Cycle,0,2,Foggy,State Highway,Damaged,Dark,,112,37,Female,Valid,No,Intersection,1,0,5,6,1,1,0,0,0,1,0,0,0,2.42,28.65943,77.18909,NH48_Delhi_Mumbai,Rajasthan / Gujarat
Odisha,Unknown,2023,January,Saturday,13:7,Serious,5,Truck,10,0,Clear,State Highway,Dry,Daylight,Signals,78,44,Female,Expired,No,Curve,2,13,1,5,1,0,1,2,0,5,10,0,0,4.24,12.24346,79.26053,NH44_Bangalore_Chennai,Tamil Nadu
Nagaland,Unknown,2019,September,Tuesday,19:5,Fatal,1,Cycle,5,3,Rainy,Village Road,Wet,Dark,Police Checkpost,31,20,Female,,Yes,Bridge,3,19,9,1,3,3,3,0,1,1,5,0,0,6.67,24.81177,84.89985,NH30_Patna_Visakhapatnam,Chhattisgarh
Odisha,Unknown,2020,October,Friday,14:37,Minor,3,Bus,2,0,Clear,Urban Road,Under Construction,Dusk,Signals,104,43,Male,,Yes,Straight Road,1,14,10,4,2,0,2,3,1,3,2,0,0,1.82,8.26291,77.16842,NH7_Varanasi_Kanyakumari,MP / Karnataka / TN
Tamil Nadu,Madurai,2021,May,Friday,14:10,Minor,5,Truck,5,4,Rainy,Urban Road,Under Construction,Daylight,Signals,72,22,Male,,Yes,Bridge,1,14,5,4,2,3,2,2,1,5,5,0,0,6.36,19.89181,79.42784,NH7_Varanasi_Kanyakumari,MP / Karnataka / TN
Goa,Unknown,2020,September,Tuesday,17:31,Fatal,1,Cycle,8,5,Rainy,National Highway,Under Construction,Daylight,Police Checkpost,107,20,Female,Expired,Yes,Straight Road,3,17,9,1,0,3,2,2,1,1,8,0,0,9.39,17.41497,78.52924,NH7_Varanasi_Kanyakumari,MP / Karnataka / TN
Manipur,Unknown,2023,February,Thursday,22:5,Fatal,1,Truck,6,3,Foggy,State Highway,Under Construction,Daylight,,52,70,Female,Expired,No,Curve,3,22,2,3,1,1,2,2,0,1,6,0,0,6.36,12.58951,79.46342,NH44_Bangalore_Chennai,Tamil Nadu
Delhi,New Delhi,2020,November,Saturday,20:51,Serious,4,Two-Wheeler,3,4,Hazy,State Highway,Damaged,Dusk,Signals,57,51,Male,,Yes,Bridge,2,20,11,5,1,2,0,3,1,4,3,0,0,6.36,25.86932,90.2541,NH52_Barasat_Guwahati,West Bengal / Assam
Sikkim,Unknown,2018,June,Wednesday,1:5,Serious,5,Two-Wheeler,5,2,Foggy,National Highway,Dry,Dawn,Signs,105,26,Female,,Yes,Bridge,2,1,6,2,0,1,1,1,1,5,5,0,0,5.15,27.22541,82.48748,NH27_East_West,Rajasthan / MP / UP
Karnataka,Bangalore,2021,September,Saturday,11:4,Minor,4,Auto-Rickshaw,10,3,Clear,Village Road,Dry,Dark,Police Checkpost,56,37,Female,Valid,Yes,Bridge,1,11,9,5,3,0,1,0,1,4,10,0,0,6.97,24.82834,89.92805,NH52_Barasat_Guwahati,West Bengal / Assam
Maharashtra,Nagpur,2019,April,Wednesday,2:30,Fatal,5,Pedestrian,0,4,Rainy,Village Road,Damaged,Daylight,,99,50,Male,Valid,No,Curve,3,2,4,2,3,3,0,2,0,5,0,0,0,5.45,17.64983,78.6012,NH44_Nagpur_Hyderabad,Telangana
Delhi,New Delhi,2018,December,Thursday,0:2,Minor,4,Bus,8,3,Hazy,State Highway,Damaged,Daylight,,48,47,Male,,Yes,Curve,1,0,12,3,1,2,0,2,1,4,8,0,0,6.36,32.47822,77.23375,NH22_Shimla_Manali,Himachal Pradesh
Haryana,Unknown,2019,April,Friday,23:24,Minor,5,Two-Wheeler,5,3,Rainy,Urban Road,Damaged,Dawn,Signs,59,32,Female,,Yes,Bridge,1,23,4,4,2,3,0,1,1,5,5,0,0,5.45,22.32946,70.21052,NH27_East_West,Rajasthan / MP / UP
Assam,Unknown,2018,September,Friday,5:4,Serious,3,Truck,9,5,Foggy,State Highway,Wet,Dark,Signs,51,45,Female,Valid,No,Curve,2,5,9,4,1,1,3,0,0,3,9,0,0,8.48,26.78605,84.19194,NH27_East_West,Rajasthan / MP / UP