State Name,City Name,Year,Month,Day of Week,Time of Day,Accident Severity,Number of Vehicles Involved,Vehicle Type Involved,Number of Casualties,Number of Fatalities,Weather Conditions,Road Type,Road Condition,Lighting Conditions,Traffic Control Presence,Speed Limit (km/h),Driver Age,Driver Gender,Driver License Status,Alcohol Involvement,Accident Location Details,severity,hour,month,day_enc,road_type_enc,weather_enc,road_cond_enc,lighting_enc,alcohol,num_vehicles,num_casualties,junction_enc,cause_enc,risk_score,latitude,longitude,highway,state_region
Jharkhand,Unknown,2019,December,Saturday,14:33,Minor,4,Cycle,2,1,Rainy,Village Road,Under Construction,Dark,Signals,115,48,Male,Expired,No,Straight Road,1,14,12,5,3,3,2,0,0,4,2,0,0,2.12,18.58829,84.20008,NH16_Kolkata_Chennai,Odisha / Andhra Pradesh
Nagaland,Unknown,2019,February,Monday,13:27,Fatal,2,Bus,8,5,Stormy,National Highway,Dry,Dark,Signals,46,43,Female,Expired,No,Bridge,3,13,2,0,0,4,1,0,0,2,8,0,0,8.79,26.2658,81.48998,NH19_Delhi_Kolkata,Uttar Pradesh / Bihar
Delhi,Rohini,2018,June,Thursday,3:42,Minor,2,Auto-Rickshaw,5,3,Rainy,Urban Road,Under Construction,Dusk,Signs,69,64,Male,Valid,No,Curve,1,3,6,3,2,3,2,3,0,2,5,0,0,4.85,27.48895,76.58048,NH48_Delhi_Mumbai,Rajasthan / Gujarat
Maharashtra,Mumbai,2022,November,Wednesday,2:40,Serious,4,Two-Wheeler,1,0,Hazy,Urban Road,Under Construction,Dark,Signs,119,37,Female,Valid,Yes,Straight Road,2,2,11,2,2,2,2,0,1,4,1,0,0,2.12,28.28538,77.88701,NH19_Delhi_Kolkata,Uttar Pradesh / Bihar
Himachal Pradesh,Unknown,2019,July,Wednesday,6:56,Serious,5,Auto-Rickshaw,2,1,Rainy,National Highway,Dry,Daylight,Signs,60,42,Female,Valid,No,Bridge,2,6,7,2,0,3,1,2,0,5,2,0,0,2.73,26.21937,81.47087,NH19_Delhi_Kolkata,Uttar Pradesh / Bihar
Gujarat,Vadodara,2019,January,Thursday,17:33,Fatal,2,Truck,4,1,Hazy,National Highway,Wet,Dark,Signs,46,23,Female,Valid,No,Curve,3,17,1,3,0,2,3,0,0,2,4,0,0,3.94,24.86504,89.84476,NH52_Barasat_Guwahati,West Bengal / Assam
Tamil Nadu,Coimbatore,2018,November,Sunday,15:36,Minor,1,Auto-Rickshaw,8,0,Hazy,State Highway,Under Construction,Dawn,,103,47,Male,Expired,Yes,Straight Road,1,15,11,6,1,2,2,1,1,1,8,0,0,3.64,25.85628,90.21774,NH52_Barasat_Guwahati,West Bengal / Assam
Assam,Unknown,2020,May,Saturday,20:2,Fatal,4,Cycle,7,2,Clear,State Highway,Wet,Dawn,Signs,75,55,Female,,Yes,Bridge,3,20,5,5,1,0,3,1,1,4,7,0,0,6.36,26.26664,81.40442,NH19_Delhi_Kolkata,Uttar Pradesh / Bihar
Kerala,Unknown,2019,October,Friday,12:24,Serious,5,Bus,1,4,Stormy,Urban Road,Dry,Dark,Signs,75,39,Male,Expired,No,Intersection,2,12,10,4,2,4,1,0,0,5,1,0,0,5.15,17.71156,83.2742,NH16_Kolkata_Chennai,Odisha / Andhra Pradesh
Rajasthan,Udaipur,2020,May,Sunday,14:39,Serious,3,Car,10,4,Rainy,National Highway,Damaged,Dark,,56,39,Female,,Yes,Bridge,2,14,5,6,0,3,0,0,1,3,10,0,0,8.48,23.50561,73.23292,NH27_East_West,Rajasthan / MP / UP
Andhra Pradesh,Tirupati,2020,February,Tuesday,18:24,Minor,3,Pedestrian,9,3,Stormy,Urban Road,Dry,Dusk,,57,59,Male,,Yes,Bridge,1,18,2,1,2,4,1,3,1,3,9,0,0,6.67,19.2207,78.55601,NH44_Nagpur_Hyderabad,Telangana
Delhi,Rohini,2018,January,Friday,13:21,Fatal,5,Pedestrian,9,5,Foggy,State Highway,Damaged,Dark,,45,52,Female,Expired,Yes,Straight Road,3,13,1,4,1,1,0,0,1,5,9,0,0,9.7,24.88901,89.82889,NH52_Barasat_Guwahati,West Bengal / Assam
Puducherry,Unknown,2018,August,Sunday,10:45,Minor,4,Auto-Rickshaw,3,0,Foggy,National Highway,Damaged,Dark,Police Checkpost,88,69,Female,Valid,Yes,Intersection,1,10,8,6,0,1,0,0,1,4,3,0,0,2.12,28.28412,76.94326,NH48_Delhi_Mumbai,Rajasthan / Gujarat
Gujarat,Ahmedabad,2020,April,Monday,2:24,Serious,1,Cycle,10,4,Rainy,Village Road,Dry,Dark,Signs,114,42,Male,,Yes,Curve,2,2,4,0,3,3,1,0,1,1,10,0,0,8.48,24.82432,89.94177,NH52_Barasat_Guwahati,West Bengal / Assam
Uttarakhand,Unknown,2023,July,Wednesday,10:24,Minor,1,Two-Wheeler,7,1,Foggy,Urban Road,Damaged,Dusk,Signals,32,19,Female,Valid,No,Curve,1,10,7,2,2,1,0,3,0,1,7,0,0,3.64,23.50972,86.11488,NH19_Delhi_Kolkata,Uttar Pradesh / Bihar
Odisha,Unknown,2019,November,Friday,11:43,Serious,3,Car,0,5,Rainy,Urban Road,Under Construction,Dusk,Signals,105,39,Male,,No,Bridge,2,11,11,4,2,3,2,3,0,3,0,0,0,5.76,13.07332,80.23482,NH44_Bangalore_Chennai,Tamil Nadu
Delhi,Rohini,2020,October,Tuesday,23:18,Fatal,5,Two-Wheeler,7,1,Stormy,National Highway,Dry,Dark,Signs,112,21,Male,Expired,No,Curve,3,23,10,1,0,4,1,0,0,5,7,0,0,4.85,19.04135,72.8573,NH48_Mumbai_Bangalore,Maharashtra / Karnataka
Arunachal Pradesh,Unknown,2023,December,Wednesday,10:34,Minor,2,Two-Wheeler,9,5,Rainy,Village Road,Damaged,Dark,Signs,102,45,Female,Valid,Yes,Curve,1,10,12,2,3,3,0,0,1,2,9,0,0,8.48,23.6871,73.25693,NH48_Delhi_Mumbai,Rajasthan / Gujarat
Uttar Pradesh,Varanasi,2021,June,Monday,20:31,Fatal,1,Cycle,10,2,Stormy,Village Road,Dry,Dusk,Police Checkpost,87,27,Male,Expired,No,Intersection,3,20,6,0,3,4,1,3,0,1,10,0,0,6.67,28.64275,77.20149,NH19_Delhi_Kolkata,Uttar Pradesh / Bihar
Chhattisgarh,Unknown,2023,March,Monday,12:48,Fatal,3,Bus,9,3,Rainy,National Highway,Under Construction,Dawn,,71,42,Female,Valid,Yes,Bridge,3,12,3,0,0,3,2,1,1,3,9,0,0,7.88,32.04582,77.05767,NH22_Shimla_Manali,Himachal Pradesh
Assam,Unknown,2019,March,Thursday,22:42,Fatal,3,Truck,3,5,Stormy,National Highway,Dry,Dark,Signs,47,20,Male,Valid,Yes,Bridge,3,22,3,3,0,4,1,0,1,3,3,0,0,7.88,16.49022,77.61636,NH44_Hyderabad_Bangalore,Karnataka
Manipur,Unknown,2018,December,Thursday,22:52,Serious,2,Pedestrian,5,0,Rainy,Village Road,Under Construction,Dark,,39,38,Male,,No,Bridge,2,22,12,3,3,3,2,0,0,2,5,0,0,2.73,28.4611,77.20131,NH44_Delhi_Agra,Uttar Pradesh
Kerala,Unknown,2023,August,Sunday,9:21,Minor,4,Bus,10,1,Foggy,Urban Road,Wet,Daylight,Signs,37,33,Female,Expired,Yes,Straight Road,1,9,8,6,2,1,3,2,1,4,10,0,0,5.15,21.82046,80.24585,NH7_Varanasi_Kanyakumari,MP / Karnataka / TN
Andhra Pradesh,Visakhapatnam,2021,May,Saturday,15:12,Minor,1,Cycle,3,0,Clear,State Highway,Dry,Daylight,Police Checkpost,86,23,Male,Valid,No,Straight Road,1,15,5,5,1,0,1,2,0,1,3,0,0,1.52,19.94413,85.52112,NH16_Kolkata_Chennai,Odisha / Andhra Pradesh
Goa,Unknown,2023,March,Saturday,1:12,Minor,4,Truck,6,2,Clear,National Highway,Wet,Dusk,Signs,65,40,Female,Valid,Yes,Curve,1,1,3,5,0,0,3,3,1,4,6,0,0,4.85,33.70424,74.92223,NH44_North,Jammu & Kashmir
Delhi,Dwarka,2021,June,Tuesday,15:28,Serious,3,Two-Wheeler,7,5,Hazy,Village Road,Under Construction,Daylight,Signs,95,24,Female,,No,Intersection,2,15,6,1,3,2,2,2,0,3,7,0,0,7.88,26.14804,91.71397,NH52_Barasat_Guwahati,West Bengal / Assam
Tamil Nadu,Madurai,2023,February,Friday,13:19,Fatal,5,Cycle,7,5,Hazy,State Highway,Wet,Daylight,Police Checkpost,42,55,Female,Valid,Yes,Bridge,3,13,2,4,1,2,3,2,1,5,7,0,0,9.09,24.8102,77.20711,NH27_East_West,Rajasthan / MP / UP
Uttar Pradesh,Lucknow,2020,September,Monday,17:45,Fatal,1,Pedestrian,7,5,Rainy,State Highway,Under Construction,Dawn,Police Checkpost,76,18,Female,,Yes,Intersection,3,17,9,0,1,3,2,1,1,1,7,0,0,9.09,14.90861,79.93973,NH16_Kolkata_Chennai,Odisha / Andhra Pradesh
Mizoram,Unknown,2023,December,Monday,15:54,Serious,5,Pedestrian,2,0,Hazy,State Highway,Under Construction,Dark,Police Checkpost,38,66,Male,Valid,No,Straight Road,2,15,12,0,1,2,2,0,0,5,2,0,0,1.82,23.01116,79.44813,NH44_Agra_Nagpur,Madhya Pradesh
Tamil Nadu,Chennai,2023,June,Saturday,9:34,Serious,5,Auto-Rickshaw,0,5,Hazy,National Highway,Wet,Daylight,Signals,37,50,Female,Valid,No,Bridge,2,9,6,5,0,2,3,2,0,5,0,0,0,5.76,32.05274,77.13463,NH22_Shimla_Manali,Himachal Pradesh
Tripura,Unknown,2023,May,Thursday,7:8,Fatal,3,Auto-Rickshaw,8,3,Stormy,National Highway,Wet,Dawn,Police Checkpost,36,56,Male,Valid,No,Bridge,3,7,5,3,0,4,3,1,0,3,8,0,0,6.97,11.25965,77.8756,NH7_Varanasi_Kanyakumari,MP / Karnataka / TN
Odisha,Unknown,2019,May,Saturday,19:44,Serious,1,Bus,10,3,Rainy,Urban Road,Damaged,Dusk,,104,53,Female,Valid,No,Bridge,2,19,5,5,2,3,0,3,0,1,10,0,0,6.97,15.03805,75.27159,NH48_Mumbai_Bangalore,Maharashtra / Karnataka
Telangana,Unknown,2021,May,Saturday,21:19,Serious,1,Two-Wheeler,4,1,Clear,State Highway,Under Construction,Daylight,Signs,34,19,Female,,Yes,Straight Road,2,21,5,5,1,0,2,2,1,1,4,0,0,3.94,28.54053,77.23271,NH44_Delhi_Agra,Uttar Pradesh
Meghalaya,Unknown,2018,July,Friday,6:57,Minor,1,Bus,2,5,Clear,Village Road,Under Construction,Dusk,Police Checkpost,69,31,Female,Valid,No,Bridge,1,6,7,4,3,0,2,3,0,1,2,0,0,5.76,17.43076,78.51038,NH44_Nagpur_Hyderabad,Telangana
Nagaland,Unknown,2019,April,Sunday,16:46,Serious,3,Car,2,4,Hazy,State Highway,Damaged,Daylight,Signs,105,42,Male,,No,Intersection,2,16,4,6,1,2,0,2,0,3,2,0,0,5.45,25.8981,90.30392,NH52_Barasat_Guwahati,West Bengal / Assam
Karnataka,Mysore,2020,September,Thursday,22:1,Minor,5,Truck,0,3,Foggy,Urban Road,Dry,Dark,Signs,80,51,Female,,Yes,Intersection,1,22,9,3,2,1,1,0,1,5,0,0,0,3.94,28.5653,77.27707,NH44_Delhi_Agra,Uttar Pradesh
Tripura,Unknown,2019,March,Sunday,7:9,Fatal,2,Bus,8,0,Rainy,State Highway,Wet,Daylight,Signs,71,31,Male,Valid,Yes,Curve,3,7,3,6,1,3,3,2,1,2,8,0,0,4.85,11.20442,75.82128,NH66_West_Coast,Maharashtra / Kerala
Jharkhand,Unknown,2019,October,Wednesday,2:18,Serious,5,Two-Wheeler,6,5,Clear,State Highway,Under Construction,Dusk,,64,29,Male,Expired,No,Bridge,2,2,10,2,1,0,2,3,0,5,6,0,0,7.58,16.09878,74.47946,NH48_Mumbai_Bangalore,Maharashtra / Karnataka
Chhattisgarh,Unknown,2022,April,Tuesday,8:58,Minor,4,Bus,3,2,Stormy,National Highway,Damaged,Daylight,Signs,115,70,Male,,No,Curve,1,8,4,1,0,4,0,2,0,4,3,0,0,3.33,24.9289,84.85041,NH30_Patna_Visakhapatnam,Chhattisgarh
Uttarakhand,Unknown,2019,June,Monday,16:15,Minor,3,Car,3,0,Stormy,State Highway,Dry,Dusk,Signals,37,58,Female,,No,Curve,1,16,6,0,1,4,1,3,0,3,3,0,0,1.52,31.05083,77.17323,NH22_Shimla_Manali,Himachal Pradesh
Goa,Unknown,2023,September,Thursday,14:29,Minor,3,Bus,0,1,Foggy,State Highway,Damaged,Dawn,,64,19,Male,,No,Straight Road,1,14,9,3,1,1,0,1,0,3,0,0,0,1.52,34.0643,74.78246,NH44_North,Jammu & Kashmir
Andhra Pradesh,Vijayawada,2019,November,Wednesday,5:52,Serious,4,Cycle,4,3,Foggy,State Highway,Under Construction,Daylight,,117,36,Female,,Yes,Straight Road,2,5,11,2,1,1,2,2,1,4,4,0,0,5.76,13.08979,80.28351,NH16_Kolkata_Chennai,Odisha / Andhra Pradesh
Arunachal Pradesh,Unknown,2021,September,Sunday,18:22,Serious,1,Bus,10,5,Hazy,National Highway,Dry,Daylight,,115,26,Male,Valid,Yes,Intersection,2,18,9,6,0,2,1,2,1,1,10,0,0,9.39,22.94882,71.17425,NH27_East_West,Rajasthan / MP / UP
Kerala,Unknown,2020,May,Friday,3:47,Serious,4,Bus,5,4,Clear,Urban Road,Damaged,Dawn,Signs,110,26,Female,Valid,No,Bridge,2,3,5,4,2,0,0,1,0,4,5,0,0,6.36,25.89596,90.27031,NH52_Barasat_Guwahati,West Bengal / Assam
Rajasthan,Udaipur,2020,April,Tuesday,5:59,Fatal,1,Two-Wheeler,4,3,Hazy,Urban Road,Under Construction,Dark,Signals,36,20,Female,,No,Intersection,3,5,4,1,2,2,2,0,0,1,4,0,0,5.76,26.28487,81.45867,NH19_Delhi_Kolkata,Uttar Pradesh / Bihar
Mizoram,Unknown,2021,May,Monday,15:15,Minor,2,Pedestrian,9,4,Clear,Village Road,Under Construction,Dusk,Signs,49,50,Male,Expired,Yes,Intersection,1,15,5,0,3,0,2,3,1,2,9,0,0,7.58,26.27793,81.40125,NH19_Delhi_Kolkata,Uttar Pradesh / Bihar
Meghalaya,Unknown,2021,April,Sunday,20:40,Fatal,5,Bus,4,4,Foggy,Urban Road,Wet,Dark,Signs,70,46,Male,Valid,No,Intersection,3,20,4,6,2,1,3,0,0,5,4,0,0,6.67,23.89845,79.11974,NH44_Agra_Nagpur,Madhya Pradesh
Tripura,Unknown,2022,September,Tuesday,14:23,Fatal,3,Bus,8,2,Clear,Urban Road,Damaged,Daylight,Signs,101,24,Female,,Yes,Intersection,3,14,9,1,2,0,0,2,1,3,8,0,0,6.67,26.37956,75.26417,NH48_Delhi_Mumbai,Rajasthan / Gujarat
Rajasthan,Jodhpur,2022,July,Sunday,10:2,Serious,5,Auto-Rickshaw,10,1,Rainy,Urban Road,Dry,Daylight,,55,31,Female,,Yes,Straight Road,2,10,7,6,2,3,1,2,1,5,10,0,0,5.76,23.41341,73.16506,NH27_East_West,Rajasthan / MP / UP
Mizoram,Unknown,2022,April,Thursday,5:46,Fatal,4,Cycle,4,5,Hazy,State Highway,Dry,Dawn,,32,61,Male,,Yes,Intersection,3,5,4,3,1,2,1,1,1,4,4,0,0,8.18,13.03965,77.61166,NH48_Mumbai_Bangalore,Maharashtra / Karnataka
Chhattisgarh,Unknown,2021,January,Sunday,0:31,Minor,3,Pedestrian,9,5,Rainy,Urban Road,Damaged,Dawn,Police Checkpost,107,25,Male,,No,Straight Road,1,0,1,6,2,3,0,1,0,3,9,0,0,7.88,27.51682,76.52223,NH48_Delhi_Mumbai,Rajasthan / Gujarat
Mizoram,Unknown,2022,June,Sunday,19:47,Serious,4,Auto-Rickshaw,9,2,Hazy,Village Road,Damaged,Dark,Signs,101,22,Male,,Yes,Curve,2,19,6,6,3,2,0,0,1,4,9,0,0,6.36,27.69643,77.56523,NH44_Delhi_Agra,Uttar Pradesh
Haryana,Unknown,2020,July,Sunday,22:36,Serious,2,Two-Wheeler,10,3,Clear,Urban Road,Damaged,Dark,,61,46,Female,Valid,No,Bridge,2,22,7,6,2,0,0,0,0,2,10,0,0,6.97,13.08848,80.24358,NH16_Kolkata_Chennai,Odisha / Andhra Pradesh
Bihar,Unknown,2021,March,Monday,17:14,Fatal,2,Cycle,8,4,Rainy,National Highway,Damaged,Daylight,,107,70,Male,,No,Intersection,3,17,3,0,0,3,0,2,0,2,8,0,0,7.88,18.50699,73.92074,NH48_Mumbai_Bangalore,Maharashtra / Karnataka
West Bengal,Kolkata,2018,August,Thursday,21:29,Minor,4,Cycle,5,4,Stormy,State Highway,Under Construction,Dawn,Signs,59,29,Male,,Yes,Straight Road,1,21,8,3,1,4,2,1,1,4,5,0,0,6.36,30.18936,79.14836,NH58_Delhi_Badrinath,Uttarakhand
Jharkhand,Unknown,2021,September,Sunday,20:49,Fatal,2,Bus,3,3,Clear,State Highway,Under Construction,Dusk,Signs,62,70,Female,,No,Intersection,3,20,9,6,1,0,2,3,0,2,3,0,0,5.45,22.95834,79.49708,NH44_Agra_Nagpur,Madhya Pradesh
Jammu and Kashmir,Unknown,2023,March,Friday,16:13,Fatal,4,Bus,9,4,Hazy,State Highway,Dry,Dark,,102,59,Female,Valid,Yes,Curve,3,16,3,4,1,2,1,0,1,4,9,0,0,8.79,22.37681,79.1207,NH44_Agra_Nagpur,Madhya Pradesh
Arunachal Pradesh,Unknown,2021,April,Tuesday,11:37,Fatal,1,Auto-Rickshaw,6,1,Clear,National Highway,Under Construction,Dawn,Signs,33,28,Female,Expired,No,Bridge,3,11,4,1,0,0,2,1,0,1,6,0,0,4.55,25.57629,85.14071,NH30_Patna_Visakhapatnam,Chhattisgarh
Odisha,Unknown,2022,November,Wednesday,23:3,Minor,3,Car,2,5,Rainy,Village Road,Dry,Daylight,Signals,31,33,Male,Expired,No,Curve,1,23,11,2,3,3,1,2,0,3,2,0,0,5.76,27.69423,77.60669,NH44_Delhi_Agra,Uttar Pradesh
Meghalaya,Unknown,2019,September,Monday,18:32,Minor,5,Bus,8,2,Foggy,National Highway,Under Construction,Dusk,,58,19,Female,Valid,No,Straight Road,1,18,9,0,0,1,2,3,0,5,8,0,0,4.85,18.56212,73.87452,NH9_Pune_Hyderabad,Maharashtra / Telangana
Chhattisgarh,Unknown,2021,November,Wednesday,9:16,Fatal,1,Cycle,8,2,Stormy,Village Road,Dry,Daylight,Signals,99,56,Male,Expired,No,Bridge,3,9,11,2,3,4,1,2,0,1,8,0,0,6.06,21.80358,79.145,NH44_Agra_Nagpur,Madhya Pradesh
Jammu and Kashmir,Unknown,2022,October,Sunday,16:42,Fatal,1,Two-Wheeler,8,5,Stormy,Village Road,Dry,Daylight,Signals,88,60,Female,,Yes,Bridge,3,16,10,6,3,4,1,2,1,1,8,0,0,9.39,26.89329,75.82147,NH48_Delhi_Mumbai,Rajasthan / Gujarat
Meghalaya,Unknown,2022,October,Thursday,0:51,Minor,3,Cycle,8,0,Foggy,Village Road,Damaged,Dark,Signs,45,23,Male,Expired,Yes,Straight Road,1,0,10,3,3,1,0,0,1,3,8,0,0,3.64,31.49933,77.27133,NH22_Shimla_Manali,Himachal Pradesh
Himachal Pradesh,Unknown,2023,July,Saturday,23:16,Fatal,1,Cycle,10,3,Hazy,Village Road,Dry,Daylight,Signals,101,20,Female,Expired,Yes,Curve,3,23,7,5,3,2,1,2,1,1,10,0,0,8.18,22.99913,79.40952,NH44_Agra_Nagpur,Madhya Pradesh
Andhra Pradesh,Visakhapatnam,2019,May,Wednesday,21:23,Fatal,2,Truck,9,0,Stormy,National Highway,Damaged,Daylight,,61,62,Female,Expired,Yes,Straight Road,3,21,5,2,0,4,0,2,1,2,9,0,0,5.15,18.6502,73.23895,NH66_West_Coast,Maharashtra / Kerala
West Bengal,Siliguri,2020,March,Friday,23:4,Fatal,3,Two-Wheeler,10,5,Hazy,National Highway,Dry,Dusk,Police Checkpost,104,67,Female,Expired,No,Bridge,3,23,3,4,0,2,1,3,0,3,10,0,0,9.39,23.95388,79.13799,NH44_Agra_Nagpur,Madhya Pradesh
Jharkhand,Unknown,2020,December,Thursday,13:3,Minor,2,Car,10,4,Foggy,National Highway,Damaged,Dark,Signs,112,37,Female,Valid,No,Curve,1,13,12,3,0,1,0,0,0,2,10,0,0,7.27,27.19996,82.47448,NH27_East_West,Rajasthan / MP / UP
Chandigarh,Unknown,2019,June,Saturday,21:18,Fatal,3,Car,5,4,Rainy,National Highway,Wet,Dusk,Signs,80,19,Female,Expired,No,Intersection,3,21,6,5,0,3,3,3,0,3,5,0,0,6.97,28.58229,77.1571,NH44_Delhi_Agra,Uttar Pradesh
Jammu and Kashmir,Unknown,2023,May,Saturday,23:1,Serious,4,Bus,3,3,Clear,National Highway,Dry,Dusk,,116,28,Male,Expired,Yes,Bridge,2,23,5,5,0,0,1,3,1,4,3,0,0,5.45,20.44798,86.22641,NH16_Kolkata_Chennai,Odisha / Andhra Pradesh
Telangana,Unknown,2021,November,Monday,12:45,Serious,3,Cycle,5,4,Rainy,Village Road,Under Construction,Dark,,72,69,Female,,No,Curve,2,12,11,0,3,3,2,0,0,3,5,0,0,6.36,12.52478,74.71298,NH66_West_Coast,Maharashtra / Kerala
Madhya Pradesh,Unknown,2020,April,Tuesday,9:16,Minor,4,Auto-Rickshaw,2,1,Rainy,State Highway,Damaged,Dark,Signals,59,52,Male,Valid,Yes,Intersection,1,9,4,1,1,3,0,0,1,4,2,0,0,2.73,28.29021,77.22477,NH44_Delhi_Agra,Uttar Pradesh
Mizoram,Unknown,2022,October,Friday,11:30,Minor,2,Car,0,2,Rainy,Village Road,Wet,Dusk,Signs,40,42,Female,Expired,Yes,Straight Road,1,11,10,4,3,3,3,3,1,2,0,0,0,3.03,23.39799,83.93119,NH30_Patna_Visakhapatnam,Chhattisgarh
Kerala,Unknown,2022,July,Saturday,14:16,Minor,5,Pedestrian,9,3,Stormy,Village Road,Under Construction,Daylight,Signals,107,40,Male,,Yes,Bridge,1,14,7,5,3,4,2,2,1,5,9,0,0,6.67,22.29337,79.1011,NH44_Agra_Nagpur,Madhya Pradesh
Sikkim,Unknown,2021,April,Saturday,1:24,Fatal,1,Pedestrian,5,2,Rainy,Village Road,Wet,Dusk,Police Checkpost,101,68,Female,Valid,No,Straight Road,3,1,4,5,3,3,3,3,0,1,5,0,0,5.15,19.12246,72.90074,NH48_Mumbai_Bangalore,Maharashtra / Karnataka
Rajasthan,Udaipur,2020,February,Tuesday,4:58,Serious,1,Cycle,8,1,Rainy,National Highway,Dry,Dawn,Signs,79,62,Male,Expired,No,Intersection,2,4,2,1,0,3,1,1,0,1,8,0,0,4.55,27.0176,78.17621,NH44_Delhi_Agra,Uttar Pradesh
Punjab,Unknown,2021,March,Thursday,22:6,Serious,5,Truck,5,3,Hazy,National Highway,Damaged,Daylight,,50,45,Female,Expired,Yes,Intersection,2,22,3,3,0,2,0,2,1,5,5,0,0,6.06,16.08532,74.44996,NH48_Mumbai_Bangalore,Maharashtra / Karnataka
Chandigarh,Unknown,2019,January,Monday,22:47,Minor,5,Cycle,8,3,Foggy,State Highway,Under Construction,Dawn,Signs,89,69,Male,,Yes,Curve,1,22,1,0,1,1,2,1,1,5,8,0,0,6.36,26.28218,78.47866,NH44_Agra_Nagpur,Madhya Pradesh
Jammu and Kashmir,Unknown,2021,June,Sunday,22:15,Serious,4,Two-Wheeler,9,5,Stormy,State Highway,Under Construction,Dusk,Police Checkpost,34,41,Female,,Yes,Curve,2,22,6,6,1,4,2,3,1,4,9,0,0,9.09,22.30049,70.2107,NH27_East_West,Rajasthan / MP / UP
Haryana,Unknown,2023,May,Wednesday,6:59,Fatal,2,Auto-Rickshaw,2,4,Clear,National Highway,Damaged,Daylight,,34,23,Male,,No,Curve,3,6,5,2,0,0,0,2,0,2,2,0,0,6.06,23.52007,88.83054,NH52_Barasat_Guwahati,West Bengal / Assam
Nagaland,Unknown,2021,May,Wednesday,15:49,Fatal,5,Cycle,4,5,Rainy,National Highway,Wet,Dusk,,59,53,Male,Valid,No,Bridge,3,15,5,2,0,3,3,3,0,5,4,0,0,7.58,15.82987,80.22133,NH16_Kolkata_Chennai,Odisha / Andhra Pradesh
Manipur,Unknown,2022,September,Monday,1:46,Minor,5,Auto-Rickshaw,3,2,Stormy,National Highway,Under Construction,Dusk,Signs,32,68,Female,Expired,No,Bridge,1,1,9,0,0,4,2,3,0,5,3,0,0,3.33,20.58417,73.09512,NH48_Delhi_Mumbai,Rajasthan / Gujarat
Sikkim,Unknown,2021,June,Wednesday,10:18,Fatal,2,Car,7,4,Hazy,State Highway,Dry,Dark,Signals,37,61,Female,,No,Straight Road,3,10,6,2,1,2,1,0,0,2,7,0,0,7.58,23.9358,81.19685,NH7_Varanasi_Kanyakumari,MP / Karnataka / TN
Manipur,Unknown,2018,September,Friday,12:45,Serious,3,Pedestrian,5,0,Foggy,Village Road,Dry,Dawn,Signals,120,53,Female,Expired,Yes,Straight Road,2,12,9,4,3,1,1,1,1,3,5,0,0,3.33,25.1668,74.57621,NH48_Delhi_Mumbai,Rajasthan / Gujarat
Manipur,Unknown,2021,October,Friday,22:19,Minor,2,Truck,9,2,Clear,National Highway,Wet,Dusk,,92,67,Female,Valid,No,Straight Road,1,22,10,4,0,0,3,3,0,2,9,0,0,5.15,25.64188,85.13993,NH30_Patna_Visakhapatnam,Chhattisgarh
Tripura,Unknown,2022,November,Sunday,17:12,Serious,5,Car,3,1,Clear,National Highway,Wet,Dusk,Signals,77,45,Female,Valid,Yes,Bridge,2,17,11,6,0,0,3,3,1,5,3,0,0,3.64,18.56131,73.90506,NH48_Mumbai_Bangalore,Maharashtra / Karnataka
Haryana,Unknown,2021,May,Sunday,3:16,Minor,3,Car,5,0,Clear,State Highway,Dry,Dawn,Signs,72,43,Male,Valid,No,Curve,1,3,5,6,1,0,1,1,0,3,5,0,0,2.12,13.01548,77.61922,NH48_Mumbai_Bangalore,Maharashtra / Karnataka
Chandigarh,Unknown,2020,July,Tuesday,15:10,Minor,4,Car,0,3,Rainy,National Highway,Wet,Daylight,,58,18,Female,,No,Straight Road,1,15,7,1,0,3,3,2,0,4,0,0,0,3.33,34.04483,74.77483,NH44_North,Jammu & Kashmir
Puducherry,Unknown,2020,November,Thursday,9:30,Serious,4,Two-Wheeler,1,3,Clear,State Highway,Dry,Dark,,70,65,Female,Expired,Yes,Intersection,2,9,11,3,1,0,1,0,1,4,1,0,0,4.85,28.29517,77.01953,NH48_Delhi_Mumbai,Rajasthan / Gujarat
Karnataka,Bangalore,2020,February,Wednesday,9:44,Minor,3,Auto-Rickshaw,2,4,Rainy,State Highway,Damaged,Dawn,Police Checkpost,97,32,Female,Valid,Yes,Bridge,1,9,2,2,1,3,0,1,1,3,2,0,0,5.45,12.09216,78.51793,NH44_Bangalore_Chennai,Tamil Nadu
Assam,Unknown,2018,September,Monday,14:15,Fatal,2,Cycle,7,1,Foggy,Urban Road,Wet,Dusk,Police Checkpost,118,55,Male,,Yes,Bridge,3,14,9,0,2,1,3,3,1,2,7,0,0,5.45,32.14571,77.11157,NH22_Shimla_Manali,Himachal Pradesh
Karnataka,Mangalore,2020,December,Thursday,21:53,Minor,4,Truck,6,3,Rainy,Urban Road,Under Construction,Dark,Signals,74,64,Female,Expired,Yes,Straight Road,1,21,12,3,2,3,2,0,1,4,6,0,0,5.76,21.86075,80.23416,NH7_Varanasi_Kanyakumari,MP / Karnataka / TN