State Name,City Name,Year,Month,Day of Week,Time of Day,Accident Severity,Number of Vehicles Involved,Vehicle Type Involved,Number of Casualties,Number of Fatalities,Weather Conditions,Road Type,Road Condition,Lighting Conditions,Traffic Control Presence,Speed Limit (km/h),Driver Age,Driver Gender,Driver License Status,Alcohol Involvement,Accident Location Details,severity,hour,month,day_enc,road_type_enc,weather_enc,road_cond_enc,lighting_enc,alcohol,num_vehicles,num_casualties,junction_enc,cause_enc,risk_score,latitude,longitude,highway,state_region
Himachal Pradesh,Unknown,2020,May,Tuesday,20:3,Fatal,2,Car,9,0,Foggy,National Highway,Under Construction,Dusk,Police Checkpost,100,29,Male,Expired,No,Intersection,3,20,5,1,0,1,2,3,0,2,9,0,0,4.55,26.38944,75.21729,NH48_Delhi_Mumbai,Rajasthan / Gujarat
Delhi,Dwarka,2021,March,Thursday,14:16,Serious,2,Auto-Rickshaw,3,0,Clear,Village Road,Dry,Daylight,Signs,76,31,Female,Valid,No,Intersection,2,14,3,3,3,0,1,2,0,2,3,0,0,2.12,32.118,77.06178,NH22_Shimla_Manali,Himachal Pradesh
Haryana,Unknown,2022,May,Monday,20:56,Minor,2,Bus,4,3,Clear,Urban Road,Wet,Dawn,,98,24,Male,Expired,Yes,Bridge,1,20,5,0,2,0,3,1,1,2,4,0,0,5.15,18.06433,78.44242,NH44_Nagpur_Hyderabad,Telangana
Jammu and Kashmir,Unknown,2022,November,Tuesday,8:52,Fatal,3,Bus,0,0,Foggy,Urban Road,Damaged,Dark,Signals,99,20,Female,,No,Straight Road,3,8,11,1,2,1,0,0,0,3,0,0,0,1.82,26.17431,78.52003,NH44_Agra_Nagpur,Madhya Pradesh
Tripura,Unknown,2018,April,Friday,21:57,Serious,4,Two-Wheeler,10,2,Clear,Village Road,Damaged,Dawn,Signals,31,31,Male,,No,Bridge,2,21,4,4,3,0,0,1,0,4,10,0,0,6.06,23.50115,88.82455,NH52_Barasat_Guwahati,West Bengal / Assam
Mizoram,Unknown,2021,May,Monday,0:9,Serious,3,Cycle,6,5,Clear,State Highway,Wet,Dawn,Signals,108,27,Female,Expired,No,Bridge,2,0,5,0,1,0,3,1,0,3,6,0,0,7.58,32.24889,77.07249,NH22_Shimla_Manali,Himachal Pradesh
Haryana,Unknown,2023,June,Monday,19:15,Minor,3,Auto-Rickshaw,4,1,Rainy,State Highway,Wet,Dusk,Signals,54,19,Male,Expired,Yes,Straight Road,1,19,6,0,1,3,3,3,1,3,4,0,0,3.33,17.07748,77.23436,NH9_Pune_Hyderabad,Maharashtra / Telangana
Jammu and Kashmir,Unknown,2023,February,Wednesday,9:48,Serious,3,Truck,0,3,Stormy,Village Road,Wet,Dusk,Signs,61,61,Male,Valid,No,Straight Road,2,9,2,2,3,4,3,3,0,3,0,0,0,3.94,22.32645,72.17354,NH48_Delhi_Mumbai,Rajasthan / Gujarat
Kerala,Unknown,2021,June,Tuesday,10:38,Fatal,4,Auto-Rickshaw,2,5,Rainy,Urban Road,Dry,Dark,Signs,31,25,Male,,No,Straight Road,3,10,6,1,2,3,1,0,0,4,2,0,0,6.97,32.24256,74.8862,NH44_North,Jammu & Kashmir
Jharkhand,Unknown,2021,September,Friday,2:46,Minor,2,Auto-Rickshaw,2,4,Clear,Urban Road,Wet,Dawn,,67,35,Male,Expired,No,Intersection,1,2,9,4,2,0,3,1,0,2,2,0,0,4.85,23.44753,83.82079,NH30_Patna_Visakhapatnam,Chhattisgarh
Jammu and Kashmir,Unknown,2018,December,Saturday,17:17,Minor,1,Two-Wheeler,3,4,Hazy,State Highway,Dry,Dark,Signals,112,32,Female,,Yes,Straight Road,1,17,12,5,1,2,1,0,1,1,3,0,0,5.76,13.25074,77.47703,NH48_Mumbai_Bangalore,Maharashtra / Karnataka
Jammu and Kashmir,Unknown,2022,October,Wednesday,14:14,Minor,1,Truck,1,5,Stormy,Village Road,Under Construction,Dusk,,61,59,Male,Valid,Yes,Curve,1,14,10,2,3,4,2,3,1,1,1,0,0,6.06,25.43002,78.52385,NH44_Agra_Nagpur,Madhya Pradesh
Nagaland,Unknown,2020,June,Tuesday,18:22,Minor,1,Two-Wheeler,3,1,Hazy,National Highway,Dry,Dusk,Police Checkpost,91,34,Female,Expired,No,Straight Road,1,18,6,1,0,2,1,3,0,1,3,0,0,2.42,18.19228,78.39409,NH44_Nagpur_Hyderabad,Telangana
Jammu and Kashmir,Unknown,2020,September,Thursday,10:46,Minor,5,Pedestrian,10,2,Clear,State Highway,Wet,Dusk,Signals,111,36,Male,Valid,No,Bridge,1,10,9,3,1,0,3,3,0,5,10,0,0,5.45,15.86625,80.18789,NH16_Kolkata_Chennai,Odisha / Andhra Pradesh
Rajasthan,Udaipur,2021,September,Friday,12:0,Fatal,5,Two-Wheeler,10,0,Foggy,Urban Road,Dry,Dusk,,102,34,Female,Valid,Yes,Intersection,3,12,9,4,2,1,1,3,1,5,10,0,0,5.45,27.79546,77.40015,NH44_Delhi_Agra,Uttar Pradesh
Kerala,Unknown,2022,September,Monday,3:56,Fatal,5,Pedestrian,6,0,Foggy,Urban Road,Under Construction,Dawn,Signals,55,23,Female,,No,Straight Road,3,3,9,0,2,1,2,1,0,5,6,0,0,3.64,13.09953,80.28865,NH16_Kolkata_Chennai,Odisha / Andhra Pradesh
Jharkhand,Unknown,2021,November,Friday,4:30,Fatal,1,Car,2,0,Stormy,State Highway,Under Construction,Dark,Police Checkpost,34,30,Male,Expired,Yes,Bridge,3,4,11,4,1,4,2,0,1,1,2,0,0,3.03,18.67013,78.29388,NH44_Nagpur_Hyderabad,Telangana
Punjab,Unknown,2022,March,Tuesday,20:13,Minor,4,Auto-Rickshaw,8,3,Rainy,Village Road,Damaged,Dawn,Signals,32,24,Female,Expired,No,Curve,1,20,3,1,3,3,0,1,0,4,8,0,0,5.76,13.02472,77.6214,NH48_Mumbai_Bangalore,Maharashtra / Karnataka
Uttar Pradesh,Varanasi,2021,December,Wednesday,14:20,Minor,1,Truck,3,4,Rainy,National Highway,Damaged,Dusk,Police Checkpost,111,42,Male,,Yes,Bridge,1,14,12,2,0,3,0,3,1,1,3,0,0,5.76,24.21549,84.22198,NH30_Patna_Visakhapatnam,Chhattisgarh
Sikkim,Unknown,2022,March,Monday,20:19,Minor,1,Two-Wheeler,7,1,Hazy,Village Road,Under Construction,Daylight,,118,38,Female,,No,Curve,1,20,3,0,3,2,2,2,0,1,7,0,0,3.64,29.97119,78.94094,NH58_Delhi_Badrinath,Uttarakhand
Punjab,Unknown,2021,June,Monday,1:3,Serious,2,Car,1,0,Foggy,State Highway,Wet,Dark,Police Checkpost,40,35,Male,,No,Straight Road,2,1,6,0,1,1,3,0,0,2,1,0,0,1.52,18.12039,78.38869,NH44_Nagpur_Hyderabad,Telangana
Maharashtra,Mumbai,2018,December,Monday,13:5,Serious,1,Bus,8,1,Stormy,National Highway,Damaged,Daylight,Signs,55,45,Male,,Yes,Curve,2,13,12,0,0,4,0,2,1,1,8,0,0,5.15,20.59234,78.94356,NH44_Nagpur_Hyderabad,Telangana
Assam,Unknown,2019,June,Friday,9:7,Minor,3,Truck,8,2,Clear,Urban Road,Damaged,Dark,Signs,74,64,Female,Valid,Yes,Intersection,1,9,6,4,2,0,0,0,1,3,8,0,0,5.45,16.7008,73.2521,NH48_Mumbai_Bangalore,Maharashtra / Karnataka
Jammu and Kashmir,Unknown,2018,August,Wednesday,7:2,Serious,4,Bus,10,2,Hazy,National Highway,Wet,Daylight,,45,64,Female,Expired,No,Bridge,2,7,8,2,0,2,3,2,0,4,10,0,0,6.06,18.71834,78.3193,NH44_Nagpur_Hyderabad,Telangana
Sikkim,Unknown,2022,January,Thursday,9:31,Fatal,5,Pedestrian,1,3,Stormy,Village Road,Damaged,Dawn,Signs,59,36,Male,Expired,No,Intersection,3,9,1,3,3,4,0,1,0,5,1,0,0,4.85,27.84345,77.45591,NH44_Delhi_Agra,Uttar Pradesh
Uttar Pradesh,Varanasi,2022,April,Friday,5:38,Fatal,4,Truck,8,5,Rainy,Village Road,Under Construction,Dawn,Police Checkpost,111,21,Male,,No,Bridge,3,5,4,4,3,3,2,1,0,4,8,0,0,8.79,15.34335,76.93801,NH44_Hyderabad_Bangalore,Karnataka
Mizoram,Unknown,2021,June,Wednesday,21:12,Serious,3,Two-Wheeler,1,5,Stormy,National Highway,Under Construction,Dawn,Signs,111,43,Female,Expired,Yes,Intersection,2,21,6,2,0,4,2,1,1,3,1,0,0,6.67,12.65064,77.85862,NH44_Bangalore_Chennai,Tamil Nadu
Chhattisgarh,Unknown,2020,October,Thursday,3:27,Serious,2,Auto-Rickshaw,1,2,Rainy,Urban Road,Under Construction,Dusk,Signals,40,56,Female,Valid,Yes,Intersection,2,3,10,3,2,3,2,3,1,2,1,0,0,3.94,26.32994,75.29787,NH48_Delhi_Mumbai,Rajasthan / Gujarat
Manipur,Unknown,2018,February,Saturday,18:33,Fatal,5,Two-Wheeler,3,3,Stormy,State Highway,Under Construction,Daylight,Signals,91,40,Male,,No,Straight Road,3,18,2,5,1,4,2,2,0,5,3,0,0,5.45,26.83622,78.296,NH44_Agra_Nagpur,Madhya Pradesh
Goa,Unknown,2020,September,Monday,21:0,Minor,2,Truck,7,1,Hazy,Urban Road,Under Construction,Dark,Police Checkpost,72,70,Female,Expired,No,Straight Road,1,21,9,0,2,2,2,0,0,2,7,0,0,3.64,25.64172,85.07238,NH30_Patna_Visakhapatnam,Chhattisgarh
Sikkim,Unknown,2021,October,Monday,13:22,Minor,2,Pedestrian,4,2,Clear,National Highway,Wet,Daylight,Police Checkpost,51,36,Male,,Yes,Bridge,1,13,10,0,0,0,3,2,1,2,4,0,0,4.24,17.27952,76.23336,NH9_Pune_Hyderabad,Maharashtra / Telangana
Jharkhand,Unknown,2023,September,Thursday,17:41,Fatal,3,Car,2,4,Clear,Urban Road,Wet,Dawn,Signals,102,64,Male,Valid,Yes,Curve,3,17,9,3,2,0,3,1,1,3,2,0,0,6.67,25.19578,74.59751,NH48_Delhi_Mumbai,Rajasthan / Gujarat
Bihar,Unknown,2023,August,Wednesday,19:58,Serious,3,Truck,5,3,Clear,National Highway,Dry,Dark,,30,50,Male,Valid,Yes,Curve,2,19,8,2,0,0,1,0,1,3,5,0,0,6.06,22.52302,88.39724,NH19_Delhi_Kolkata,Uttar Pradesh / Bihar
Chhattisgarh,Unknown,2018,October,Monday,0:2,Minor,2,Auto-Rickshaw,3,0,Stormy,National Highway,Under Construction,Dusk,Signs,112,70,Male,Valid,No,Intersection,1,0,10,0,0,4,2,3,0,2,3,0,0,1.52,23.3927,73.16932,NH27_East_West,Rajasthan / MP / UP
Uttarakhand,Unknown,2020,August,Sunday,4:35,Minor,2,Bus,10,1,Clear,State Highway,Dry,Dawn,Signs,53,57,Male,Valid,No,Bridge,1,4,8,6,1,0,1,1,0,2,10,0,0,4.55,19.01609,72.81698,NH66_West_Coast,Maharashtra / Kerala
Meghalaya,Unknown,2023,February,Friday,20:36,Fatal,4,Pedestrian,2,3,Rainy,State Highway,Dry,Dawn,Signs,45,49,Female,Valid,Yes,Intersection,3,20,2,4,1,3,1,1,1,4,2,0,0,5.76,33.1232,75.55126,NH44_North,Jammu & Kashmir
Maharashtra,Nagpur,2020,April,Tuesday,2:5,Serious,2,Pedestrian,0,4,Rainy,Village Road,Wet,Dark,Signs,106,46,Female,Expired,No,Straight Road,2,2,4,1,3,3,3,0,0,2,0,0,0,4.85,26.82396,80.97245,NH19_Delhi_Kolkata,Uttar Pradesh / Bihar
Kerala,Unknown,2021,May,Thursday,8:14,Serious,4,Two-Wheeler,8,0,Clear,State Highway,Under Construction,Dusk,Police Checkpost,76,26,Female,Valid,Yes,Curve,2,8,5,3,1,0,2,3,1,4,8,0,0,4.24,12.95568,77.5777,NH48_Mumbai_Bangalore,Maharashtra / Karnataka
Kerala,Unknown,2023,December,Monday,22:10,Minor,1,Cycle,2,4,Stormy,National Highway,Damaged,Dusk,Signs,76,54,Male,Valid,No,Curve,1,22,12,0,0,4,0,3,0,1,2,0,0,4.85,24.27101,75.84311,NH27_East_West,Rajasthan / MP / UP
Assam,Unknown,2019,December,Monday,14:0,Serious,5,Auto-Rickshaw,4,3,Foggy,Village Road,Damaged,Dawn,Signs,81,50,Female,Valid,Yes,Straight Road,2,14,12,0,3,1,0,1,1,5,4,0,0,5.76,34.05436,74.83469,NH44_North,Jammu & Kashmir
Andhra Pradesh,Visakhapatnam,2022,April,Saturday,5:8,Serious,2,Truck,8,3,Hazy,State Highway,Damaged,Daylight,Signs,51,44,Male,,No,Bridge,2,5,4,5,1,2,0,2,0,2,8,0,0,6.36,18.54443,73.78546,NH48_Mumbai_Bangalore,Maharashtra / Karnataka
Maharashtra,Pune,2019,July,Tuesday,15:5,Serious,1,Truck,2,4,Rainy,National Highway,Under Construction,Dawn,,32,27,Female,,No,Curve,2,15,7,1,0,3,2,1,0,1,2,0,0,5.45,19.27245,78.56315,NH44_Nagpur_Hyderabad,Telangana
Gujarat,Surat,2023,January,Monday,21:28,Minor,2,Two-Wheeler,10,5,Clear,State Highway,Under Construction,Daylight,Signs,91,25,Male,,No,Bridge,1,21,1,0,1,0,2,2,0,2,10,0,0,8.18,25.51141,89.85111,NH27_East_West,Rajasthan / MP / UP
Arunachal Pradesh,Unknown,2023,March,Tuesday,17:37,Minor,3,Bus,0,2,Rainy,National Highway,Dry,Daylight,Signs,82,50,Male,Expired,No,Bridge,1,17,3,1,0,3,1,2,0,3,0,0,0,2.42,28.0612,77.32826,NH44_Delhi_Agra,Uttar Pradesh
Mizoram,Unknown,2022,March,Friday,4:27,Serious,2,Car,7,4,Rainy,Urban Road,Damaged,Dusk,,86,43,Male,,No,Intersection,2,4,3,4,2,3,0,3,0,2,7,0,0,6.97,26.14791,91.75231,NH52_Barasat_Guwahati,West Bengal / Assam
Gujarat,Surat,2022,March,Thursday,4:27,Minor,1,Two-Wheeler,4,1,Stormy,Urban Road,Wet,Dawn,,81,26,Female,Valid,Yes,Straight Road,1,4,3,3,2,4,3,1,1,1,4,0,0,3.33,26.87393,78.19545,NH44_Agra_Nagpur,Madhya Pradesh
Meghalaya,Unknown,2020,August,Friday,2:10,Minor,5,Two-Wheeler,6,5,Clear,Urban Road,Damaged,Dawn,Signs,59,33,Male,Expired,Yes,Intersection,1,2,8,4,2,0,0,1,1,5,6,0,0,7.58,21.86752,72.13881,NH48_Delhi_Mumbai,Rajasthan / Gujarat
West Bengal,Siliguri,2019,April,Monday,18:32,Serious,1,Bus,8,1,Foggy,Village Road,Damaged,Dawn,Signs,112,49,Male,,No,Bridge,2,18,4,0,3,1,0,1,0,1,8,0,0,4.55,22.93401,80.41365,NH7_Varanasi_Kanyakumari,MP / Karnataka / TN
Uttarakhand,Unknown,2021,June,Sunday,8:25,Serious,2,Truck,0,4,Hazy,National Highway,Dry,Daylight,,30,34,Male,Valid,Yes,Bridge,2,8,6,6,0,2,1,2,1,2,0,0,0,5.45,17.20403,76.27823,NH9_Pune_Hyderabad,Maharashtra / Telangana
Gujarat,Surat,2021,November,Sunday,11:41,Serious,5,Car,0,1,Stormy,National Highway,Wet,Dawn,Signals,109,31,Female,Expired,No,Intersection,2,11,11,6,0,4,3,1,0,5,0,0,0,2.12,31.07018,77.17316,NH22_Shimla_Manali,Himachal Pradesh
Assam,Unknown,2023,July,Saturday,1:28,Minor,5,Bus,6,4,Stormy,Village Road,Wet,Dawn,,84,57,Male,Valid,Yes,Straight Road,1,1,7,5,3,4,3,1,1,5,6,0,0,6.67,16.72098,73.26875,NH48_Mumbai_Bangalore,Maharashtra / Karnataka
Chandigarh,Unknown,2019,June,Thursday,3:23,Serious,4,Bus,6,4,Rainy,Urban Road,Damaged,Daylight,Signals,67,68,Female,,Yes,Straight Road,2,3,6,3,2,3,0,2,1,4,6,0,0,7.27,24.89786,77.18884,NH27_East_West,Rajasthan / MP / UP
Odisha,Unknown,2018,August,Thursday,19:30,Fatal,2,Two-Wheeler,3,5,Rainy,National Highway,Wet,Daylight,Police Checkpost,59,27,Male,Valid,Yes,Straight Road,3,19,8,3,0,3,3,2,1,2,3,0,0,7.88,26.73271,84.23954,NH27_East_West,Rajasthan / MP / UP
Telangana,Unknown,2020,September,Sunday,21:6,Fatal,1,Truck,5,0,Foggy,Village Road,Damaged,Daylight,Signs,31,60,Female,Expired,Yes,Straight Road,3,21,9,6,3,1,0,2,1,1,5,0,0,3.94,18.60244,73.26564,NH66_West_Coast,Maharashtra / Kerala
Assam,Unknown,2019,October,Monday,16:38,Serious,5,Car,0,5,Rainy,Urban Road,Under Construction,Daylight,Signals,47,26,Male,Valid,Yes,Bridge,2,16,10,0,2,3,2,2,1,5,0,0,0,6.36,30.45438,79.40709,NH58_Delhi_Badrinath,Uttarakhand
Chandigarh,Unknown,2019,January,Saturday,0:13,Minor,4,Truck,5,1,Hazy,State Highway,Damaged,Dusk,,90,34,Female,Valid,Yes,Bridge,1,0,1,5,1,2,0,3,1,4,5,0,0,3.64,12.23991,79.24665,NH44_Bangalore_Chennai,Tamil Nadu
Puducherry,Unknown,2023,October,Friday,23:17,Minor,1,Pedestrian,0,1,Rainy,State Highway,Damaged,Dusk,Police Checkpost,87,34,Male,Expired,No,Curve,1,23,10,4,1,3,0,3,0,1,0,0,0,1.52,24.82083,91.82722,NH27_East_West,Rajasthan / MP / UP
Rajasthan,Udaipur,2022,January,Tuesday,1:1,Serious,1,Pedestrian,4,2,Hazy,Village Road,Wet,Dusk,Signs,86,68,Female,Valid,No,Straight Road,2,1,1,1,3,2,3,3,0,1,4,0,0,4.24,27.84208,77.49256,NH44_Delhi_Agra,Uttar Pradesh
Uttar Pradesh,Kanpur,2021,March,Friday,20:36,Fatal,5,Pedestrian,8,1,Stormy,National Highway,Under Construction,Daylight,Police Checkpost,97,48,Male,,Yes,Intersection,3,20,3,4,0,4,2,2,1,5,8,0,0,5.76,22.27654,79.1547,NH44_Agra_Nagpur,Madhya Pradesh
Andhra Pradesh,Visakhapatnam,2022,September,Tuesday,8:35,Minor,5,Truck,7,3,Hazy,State Highway,Under Construction,Dusk,Signals,107,63,Male,Expired,No,Straight Road,1,8,9,1,1,2,2,3,0,5,7,0,0,5.45,17.34215,78.54017,NH7_Varanasi_Kanyakumari,MP / Karnataka / TN
Maharashtra,Pune,2019,December,Monday,13:41,Fatal,4,Car,5,1,Foggy,State Highway,Under Construction,Dawn,Police Checkpost,32,47,Female,Valid,No,Bridge,3,13,12,0,1,1,2,1,0,4,5,0,0,4.24,14.46371,75.71063,NH48_Mumbai_Bangalore,Maharashtra / Karnataka
Uttar Pradesh,Lucknow,2022,February,Monday,12:37,Serious,2,Truck,4,1,Foggy,State Highway,Wet,Dark,Police Checkpost,33,18,Female,Expired,Yes,Straight Road,2,12,2,0,1,1,3,0,1,2,4,0,0,3.94,13.2603,77.43854,NH48_Mumbai_Bangalore,Maharashtra / Karnataka
Meghalaya,Unknown,2022,June,Sunday,21:55,Minor,5,Two-Wheeler,9,2,Hazy,State Highway,Damaged,Dawn,,75,21,Male,Valid,Yes,Curve,1,21,6,6,1,2,0,1,1,5,9,0,0,5.76,22.95173,72.61754,NH27_East_West,Rajasthan / MP / UP
Himachal Pradesh,Unknown,2021,October,Monday,22:17,Fatal,1,Cycle,6,3,Stormy,Village Road,Dry,Dark,Police Checkpost,42,24,Male,Valid,No,Intersection,3,22,10,0,3,4,1,0,0,1,6,0,0,6.36,34.01454,74.83194,NH44_North,Jammu & Kashmir
Puducherry,Unknown,2018,October,Sunday,15:45,Fatal,1,Truck,6,2,Rainy,State Highway,Damaged,Dark,Signs,72,35,Female,Expired,No,Intersection,3,15,10,6,1,3,0,0,0,1,6,0,0,5.45,12.49188,74.81288,NH66_West_Coast,Maharashtra / Kerala
Goa,Unknown,2023,December,Thursday,0:45,Minor,1,Bus,2,3,Stormy,State Highway,Dry,Dawn,Police Checkpost,93,60,Female,,Yes,Bridge,1,0,12,3,1,4,1,1,1,1,2,0,0,4.55,27.52549,78.21556,NH19_Delhi_Kolkata,Uttar Pradesh / Bihar
Sikkim,Unknown,2023,June,Thursday,20:10,Serious,2,Truck,10,5,Foggy,Urban Road,Dry,Daylight,Signs,69,43,Female,Expired,Yes,Straight Road,2,20,6,3,2,1,1,2,1,2,10,0,0,9.39,26.88426,80.89441,NH19_Delhi_Kolkata,Uttar Pradesh / Bihar
Himachal Pradesh,Unknown,2020,November,Saturday,9:51,Serious,4,Pedestrian,0,0,Hazy,Urban Road,Wet,Daylight,,40,18,Female,,Yes,Straight Road,2,9,11,5,2,2,3,2,1,4,0,0,0,1.82,23.44377,79.37239,NH44_Agra_Nagpur,Madhya Pradesh
West Bengal,Siliguri,2021,November,Sunday,11:38,Fatal,5,Auto-Rickshaw,5,0,Stormy,State Highway,Damaged,Dawn,Police Checkpost,108,64,Male,Valid,Yes,Straight Road,3,11,11,6,1,4,0,1,1,5,5,0,0,3.94,32.86936,75.08938,NH44_North,Jammu & Kashmir
Gujarat,Surat,2021,May,Tuesday,17:53,Serious,1,Bus,0,2,Clear,National Highway,Damaged,Daylight,Signs,106,22,Male,,Yes,Curve,2,17,5,1,0,0,0,2,1,1,0,0,0,3.64,20.13535,73.45334,NH48_Delhi_Mumbai,Rajasthan / Gujarat
Tamil Nadu,Coimbatore,2018,September,Thursday,11:46,Serious,4,Auto-Rickshaw,7,3,Stormy,State Highway,Damaged,Dark,Police Checkpost,106,37,Male,,No,Intersection,2,11,9,3,1,4,0,0,0,4,7,0,0,6.06,14.93158,75.19556,NH48_Mumbai_Bangalore,Maharashtra / Karnataka
Jammu and Kashmir,Unknown,2023,February,Wednesday,18:37,Serious,4,Bus,9,3,Stormy,State Highway,Dry,Dark,,58,38,Female,,No,Bridge,2,18,2,2,1,4,1,0,0,4,9,0,0,6.67,16.52449,80.64071,NH16_Kolkata_Chennai,Odisha / Andhra Pradesh
Sikkim,Unknown,2023,June,Monday,7:57,Minor,4,Car,2,2,Clear,Village Road,Under Construction,Dusk,Signals,93,57,Male,Valid,No,Curve,1,7,6,0,3,0,2,3,0,4,2,0,0,3.03,24.23376,84.17479,NH30_Patna_Visakhapatnam,Chhattisgarh
Telangana,Unknown,2022,May,Tuesday,0:34,Fatal,5,Bus,8,0,Stormy,State Highway,Dry,Dawn,Signs,49,49,Male,Valid,No,Bridge,3,0,5,1,1,4,1,1,0,5,8,0,0,4.24,27.71443,77.62948,NH44_Delhi_Agra,Uttar Pradesh
Odisha,Unknown,2020,May,Wednesday,5:28,Minor,5,Auto-Rickshaw,8,5,Rainy,State Highway,Under Construction,Dawn,,83,38,Male,Expired,No,Bridge,1,5,5,2,1,3,2,1,0,5,8,0,0,7.58,19.23642,78.53463,NH44_Nagpur_Hyderabad,Telangana
Chandigarh,Unknown,2019,July,Thursday,1:37,Fatal,4,Two-Wheeler,1,0,Rainy,Urban Road,Damaged,Dusk,,59,35,Male,,No,Intersection,3,1,7,3,2,3,0,3,0,4,1,0,0,2.12,23.01997,79.41902,NH44_Agra_Nagpur,Madhya Pradesh
Jharkhand,Unknown,2020,October,Thursday,4:23,Serious,1,Bus,9,5,Foggy,National Highway,Damaged,Dusk,Police Checkpost,108,40,Male,Expired,Yes,Straight Road,2,4,10,3,0,1,0,3,1,1,9,0,0,9.09,20.13675,73.48899,NH48_Delhi_Mumbai,Rajasthan / Gujarat
Odisha,Unknown,2019,March,Friday,4:31,Serious,3,Cycle,8,2,Rainy,State Highway,Dry,Daylight,Signals,50,54,Male,,Yes,Curve,2,4,3,4,1,3,1,2,1,3,8,0,0,6.06,9.84792,77.41029,NH7_Varanasi_Kanyakumari,MP / Karnataka / TN
Punjab,Unknown,2018,June,Thursday,1:2,Fatal,1,Auto-Rickshaw,6,4,Foggy,Urban Road,Wet,Dark,Signals,36,42,Male,Expired,No,Curve,3,1,6,3,2,1,3,0,0,1,6,0,0,7.27,17.38499,73.40257,NH48_Mumbai_Bangalore,Maharashtra / Karnataka
Tamil Nadu,Madurai,2022,January,Monday,2:8,Fatal,2,Auto-Rickshaw,2,2,Clear,State Highway,Damaged,Dawn,Police Checkpost,105,23,Female,Expired,Yes,Bridge,3,2,1,0,1,0,0,1,1,2,2,0,0,4.85,21.91061,72.1566,NH48_Delhi_Mumbai,Rajasthan / Gujarat
Gujarat,Ahmedabad,2018,September,Thursday,10:10,Minor,2,Auto-Rickshaw,4,4,Stormy,Village Road,Under Construction,Dark,Police Checkpost,86,62,Female,Expired,No,Straight Road,1,10,9,3,3,4,2,0,0,2,4,0,0,5.45,21.83183,80.21471,NH7_Varanasi_Kanyakumari,MP / Karnataka / TN
Goa,Unknown,2023,September,Wednesday,12:5,Serious,1,Auto-Rickshaw,8,1,Rainy,Village Road,Damaged,Dark,,80,20,Male,Expired,No,Bridge,2,12,9,2,3,3,0,0,0,1,8,0,0,4.55,12.84601,77.69011,NH44_Bangalore_Chennai,Tamil Nadu
Delhi,Dwarka,2018,April,Sunday,13:6,Serious,3,Pedestrian,7,5,Rainy,National Highway,Dry,Dark,,114,70,Female,,No,Curve,2,13,4,6,0,3,1,0,0,3,7,0,0,7.88,13.60582,79.4847,NH16_Kolkata_Chennai,Odisha / Andhra Pradesh
Goa,Unknown,2022,April,Friday,5:29,Serious,1,Truck,10,1,Clear,State Highway,Wet,Dusk,Signs,34,25,Female,,No,Intersection,2,5,4,4,1,0,3,3,0,1,10,0,0,5.15,18.08458,78.43877,NH44_Nagpur_Hyderabad,Telangana
Assam,Unknown,2022,October,Friday,9:29,Serious,1,Two-Wheeler,8,1,Clear,Urban Road,Under Construction,Daylight,Signs,67,21,Female,Valid,No,Straight Road,2,9,10,4,2,0,2,2,0,1,8,0,0,4.55,26.88737,80.92815,NH19_Delhi_Kolkata,Uttar Pradesh / Bihar
Kerala,Unknown,2018,December,Monday,1:56,Serious,4,Cycle,2,1,Clear,Village Road,Dry,Dark,,87,68,Male,Valid,No,Straight Road,2,1,12,0,3,0,1,0,0,4,2,0,0,2.73,25.80736,82.17098,NH19_Delhi_Kolkata,Uttar Pradesh / Bihar
Rajasthan,Jodhpur,2020,May,Thursday,16:17,Minor,4,Two-Wheeler,4,5,Foggy,National Highway,Damaged,Daylight,Signs,75,67,Female,,No,Curve,1,16,5,3,0,1,0,2,0,4,4,0,0,6.36,17.86716,74.90813,NH9_Pune_Hyderabad,Maharashtra / Telangana
Assam,Unknown,2019,April,Wednesday,13:37,Fatal,3,Auto-Rickshaw,3,3,Clear,State Highway,Wet,Dusk,Signals,104,19,Female,Valid,Yes,Bridge,3,13,4,2,1,0,3,3,1,3,3,0,0,6.06,10.80443,76.18295,NH66_West_Coast,Maharashtra / Kerala
Manipur,Unknown,2022,March,Sunday,3:56,Serious,2,Car,4,4,Stormy,Urban Road,Wet,Dark,Signals,49,34,Male,Expired,No,Intersection,2,3,3,6,2,4,3,0,0,2,4,0,0,6.06,17.27688,73.95658,NH66_West_Coast,Maharashtra / Kerala
Odisha,Unknown,2023,November,Wednesday,2:57,Minor,2,Cycle,0,1,Clear,State Highway,Under Construction,Daylight,Signs,110,66,Female,Valid,Yes,Curve,1,2,11,2,1,0,2,2,1,2,0,0,0,2.12,27.37864,77.69858,NH44_Delhi_Agra,Uttar Pradesh
Assam,Unknown,2018,April,Saturday,2:27,Minor,3,Car,8,0,Foggy,Urban Road,Dry,Dark,Police Checkpost,36,18,Female,,Yes,Straight Road,1,2,4,5,2,1,1,0,1,3,8,0,0,3.64,18.20207,74.27032,NH9_Pune_Hyderabad,Maharashtra / Telangana