State Name,City Name,Year,Month,Day of Week,Time of Day,Accident Severity,Number of Vehicles Involved,Vehicle Type Involved,Number of Casualties,Number of Fatalities,Weather Conditions,Road Type,Road Condition,Lighting Conditions,Traffic Control Presence,Speed Limit (km/h),Driver Age,Driver Gender,Driver License Status,Alcohol Involvement,Accident Location Details,severity,hour,month,day_enc,road_type_enc,weather_enc,road_cond_enc,lighting_enc,alcohol,num_vehicles,num_casualties,junction_enc,cause_enc,risk_score,latitude,longitude,highway,state_region
Meghalaya,Unknown,2018,November,Monday,3:33,Serious,5,Car,8,5,Rainy,State Highway,Damaged,Dusk,Signals,38,45,Female,Expired,Yes,Curve,2,3,11,0,1,3,0,3,1,5,8,0,0,8.79,22.53954,88.31589,NH19_Delhi_Kolkata,Uttar Pradesh / Bihar
Bihar,Unknown,2019,March,Monday,6:58,Minor,5,Car,4,2,Clear,Village Road,Dry,Daylight,,117,56,Male,Expired,No,Straight Road,1,6,3,0,3,0,1,2,0,5,4,0,0,3.64,31.81477,77.5129,NH22_Shimla_Manali,Himachal Pradesh
West Bengal,Siliguri,2021,May,Sunday,9:8,Fatal,1,Bus,2,2,Stormy,Village Road,Damaged,Dawn,Signs,65,42,Male,Expired,No,Bridge,3,9,5,6,3,4,0,1,0,1,2,0,0,4.24,24.56013,79.02506,NH44_Agra_Nagpur,Madhya Pradesh
Tamil Nadu,Chennai,2023,March,Thursday,2:32,Minor,5,Two-Wheeler,5,4,Hazy,State Highway,Damaged,Dark,Signals,58,20,Male,,No,Straight Road,1,2,3,3,1,2,0,0,0,5,5,0,0,5.76,27.11306,77.96793,NH44_Delhi_Agra,Uttar Pradesh
Rajasthan,Udaipur,2018,June,Saturday,18:41,Fatal,2,Auto-Rickshaw,7,4,Hazy,Urban Road,Damaged,Dawn,Signs,94,44,Female,Valid,Yes,Intersection,3,18,6,5,2,2,0,1,1,2,7,0,0,8.18,19.86108,79.5019,NH7_Varanasi_Kanyakumari,MP / Karnataka / TN
Maharashtra,Pune,2018,September,Wednesday,12:26,Minor,4,Two-Wheeler,6,0,Clear,Urban Road,Under Construction,Dusk,,107,22,Male,Expired,Yes,Intersection,1,12,9,2,2,0,2,3,1,4,6,0,0,3.03,19.45523,81.30114,NH30_Patna_Visakhapatnam,Chhattisgarh
Haryana,Unknown,2018,December,Wednesday,21:11,Serious,5,Two-Wheeler,4,2,Foggy,National Highway,Dry,Dusk,Signals,42,51,Female,,Yes,Straight Road,2,21,12,2,0,1,1,3,1,5,4,0,0,4.85,22.94473,79.46515,NH44_Agra_Nagpur,Madhya Pradesh
Nagaland,Unknown,2023,March,Saturday,19:11,Serious,1,Truck,8,2,Clear,Urban Road,Damaged,Daylight,,45,48,Female,Valid,No,Curve,2,19,3,5,2,0,0,2,0,1,8,0,0,5.45,24.29659,84.60843,NH19_Delhi_Kolkata,Uttar Pradesh / Bihar
Rajasthan,Jaipur,2018,September,Thursday,0:18,Serious,3,Car,10,1,Rainy,State Highway,Dry,Dark,Police Checkpost,54,45,Female,Valid,No,Straight Road,2,0,9,3,1,3,1,0,0,3,10,0,0,5.15,26.76517,78.19554,NH44_Agra_Nagpur,Madhya Pradesh
Chandigarh,Unknown,2019,December,Thursday,1:26,Serious,5,Car,5,2,Clear,National Highway,Under Construction,Dusk,Signs,72,30,Male,Valid,No,Bridge,2,1,12,3,0,0,2,3,0,5,5,0,0,4.55,17.67973,78.57331,NH44_Nagpur_Hyderabad,Telangana
Puducherry,Unknown,2021,September,Wednesday,17:18,Serious,4,Bus,9,2,Rainy,National Highway,Dry,Dawn,,45,50,Male,Expired,Yes,Bridge,2,17,9,2,0,3,1,1,1,4,9,0,0,6.36,8.28442,77.26519,NH7_Varanasi_Kanyakumari,MP / Karnataka / TN
Madhya Pradesh,Unknown,2018,March,Wednesday,1:25,Serious,1,Truck,1,4,Clear,State Highway,Dry,Dusk,Police Checkpost,103,21,Female,,No,Bridge,2,1,3,2,1,0,1,3,0,1,1,0,0,5.15,27.41884,77.74981,NH44_Delhi_Agra,Uttar Pradesh
Haryana,Unknown,2023,April,Saturday,21:45,Serious,1,Two-Wheeler,9,1,Clear,Urban Road,Wet,Dawn,,110,53,Female,Valid,No,Straight Road,2,21,4,5,2,0,3,1,0,1,9,0,0,4.85,20.56486,78.94021,NH44_Nagpur_Hyderabad,Telangana
Delhi,Dwarka,2020,September,Thursday,23:37,Serious,1,Cycle,3,1,Stormy,National Highway,Dry,Daylight,Signals,102,24,Male,,No,Curve,2,23,9,3,0,4,1,2,0,1,3,0,0,3.03,15.47966,77.22872,NH7_Varanasi_Kanyakumari,MP / Karnataka / TN
Arunachal Pradesh,Unknown,2019,September,Wednesday,12:12,Fatal,3,Cycle,7,1,Foggy,National Highway,Dry,Dusk,,95,28,Female,Expired,No,Intersection,3,12,9,2,0,1,1,3,0,3,7,0,0,4.85,25.88236,74.92572,NH48_Delhi_Mumbai,Rajasthan / Gujarat
Arunachal Pradesh,Unknown,2018,October,Monday,16:54,Minor,2,Bus,4,3,Clear,Urban Road,Damaged,Dark,Police Checkpost,46,53,Female,,Yes,Intersection,1,16,10,0,2,0,0,0,1,2,4,0,0,5.15,26.10284,86.52293,NH27_East_West,Rajasthan / MP / UP
Meghalaya,Unknown,2020,December,Saturday,14:23,Serious,3,Bus,10,5,Clear,Urban Road,Under Construction,Dark,Police Checkpost,84,36,Male,,No,Straight Road,2,14,12,5,2,0,2,0,0,3,10,0,0,8.79,25.55219,85.10321,NH30_Patna_Visakhapatnam,Chhattisgarh
Arunachal Pradesh,Unknown,2023,February,Saturday,10:19,Serious,1,Car,8,3,Rainy,State Highway,Wet,Dawn,,85,59,Female,,No,Straight Road,2,10,2,5,1,3,3,1,0,1,8,0,0,6.36,24.62195,78.98971,NH44_Agra_Nagpur,Madhya Pradesh
Uttarakhand,Unknown,2018,December,Friday,3:6,Minor,1,Two-Wheeler,1,0,Rainy,Village Road,Damaged,Dark,Signals,84,26,Male,Valid,Yes,Bridge,1,3,12,4,3,3,0,0,1,1,1,0,0,1.52,18.67635,78.27363,NH44_Nagpur_Hyderabad,Telangana
Jharkhand,Unknown,2021,September,Wednesday,0:41,Fatal,2,Bus,7,3,Rainy,National Highway,Damaged,Dawn,Signs,49,34,Male,Valid,Yes,Curve,3,0,9,2,0,3,0,1,1,2,7,0,0,7.27,18.64717,78.3889,NH44_Nagpur_Hyderabad,Telangana
Mizoram,Unknown,2023,November,Sunday,4:25,Serious,2,Truck,2,3,Stormy,State Highway,Dry,Dawn,,106,36,Male,Expired,No,Straight Road,2,4,11,6,1,4,1,1,0,2,2,0,0,4.55,24.81513,84.87095,NH30_Patna_Visakhapatnam,Chhattisgarh
Manipur,Unknown,2021,March,Sunday,17:45,Minor,2,Pedestrian,9,3,Stormy,Urban Road,Damaged,Daylight,Signals,62,28,Male,,Yes,Bridge,1,17,3,6,2,4,0,2,1,2,9,0,0,6.67,18.5057,73.89577,NH9_Pune_Hyderabad,Maharashtra / Telangana
Meghalaya,Unknown,2018,June,Wednesday,6:22,Fatal,3,Cycle,10,2,Clear,National Highway,Damaged,Dark,,62,55,Male,,Yes,Intersection,3,6,6,2,0,0,0,0,1,3,10,0,0,7.27,19.59708,73.22575,NH48_Delhi_Mumbai,Rajasthan / Gujarat
Tamil Nadu,Coimbatore,2023,January,Saturday,22:7,Serious,3,Auto-Rickshaw,9,3,Clear,Village Road,Damaged,Dawn,Signs,119,63,Female,,No,Straight Road,2,22,1,5,3,0,0,1,0,3,9,0,0,6.67,22.2822,79.164,NH44_Agra_Nagpur,Madhya Pradesh
Punjab,Unknown,2022,January,Saturday,22:41,Fatal,4,Pedestrian,10,3,Rainy,National Highway,Under Construction,Dark,Signs,114,22,Male,,No,Intersection,3,22,1,5,0,3,2,0,0,4,10,0,0,7.58,25.42973,90.00697,NH52_Barasat_Guwahati,West Bengal / Assam
Himachal Pradesh,Unknown,2019,December,Wednesday,9:38,Minor,5,Auto-Rickshaw,6,3,Hazy,Urban Road,Wet,Daylight,Police Checkpost,59,69,Male,Expired,Yes,Intersection,1,9,12,2,2,2,3,2,1,5,6,0,0,5.76,22.31483,79.11566,NH44_Agra_Nagpur,Madhya Pradesh
Jharkhand,Unknown,2020,August,Thursday,3:11,Fatal,3,Car,10,2,Foggy,Village Road,Dry,Dusk,Signals,120,18,Female,,Yes,Straight Road,3,3,8,3,3,1,1,3,1,3,10,0,0,7.27,22.28235,70.28401,NH27_East_West,Rajasthan / MP / UP
Gujarat,Ahmedabad,2020,October,Monday,21:45,Serious,1,Bus,2,0,Foggy,State Highway,Dry,Daylight,,94,41,Female,Valid,No,Curve,2,21,10,0,1,1,1,2,0,1,2,0,0,1.82,18.18764,74.23499,NH9_Pune_Hyderabad,Maharashtra / Telangana
Arunachal Pradesh,Unknown,2023,April,Saturday,22:30,Serious,4,Pedestrian,5,4,Hazy,Village Road,Under Construction,Daylight,Signs,46,39,Male,,Yes,Intersection,2,22,4,5,3,2,2,2,1,4,5,0,0,6.97,26.10079,91.79116,NH52_Barasat_Guwahati,West Bengal / Assam
Kerala,Unknown,2023,April,Monday,2:2,Serious,1,Truck,4,3,Hazy,National Highway,Dry,Dusk,Signs,60,35,Male,Expired,Yes,Straight Road,2,2,4,0,0,2,1,3,1,1,4,0,0,5.76,13.20784,77.4978,NH48_Mumbai_Bangalore,Maharashtra / Karnataka
Tamil Nadu,Madurai,2023,April,Tuesday,8:52,Minor,4,Auto-Rickshaw,9,2,Rainy,Urban Road,Wet,Dawn,Police Checkpost,77,51,Male,Valid,Yes,Straight Road,1,8,4,1,2,3,3,1,1,4,9,0,0,5.76,23.92954,81.2765,NH7_Varanasi_Kanyakumari,MP / Karnataka / TN
Jharkhand,Unknown,2022,June,Wednesday,2:8,Fatal,5,Truck,9,5,Stormy,Urban Road,Dry,Daylight,,116,42,Male,Expired,Yes,Curve,3,2,6,2,2,4,1,2,1,5,9,0,0,9.7,28.60249,77.27678,NH19_Delhi_Kolkata,Uttar Pradesh / Bihar
Meghalaya,Unknown,2022,November,Thursday,14:39,Serious,1,Pedestrian,8,4,Rainy,National Highway,Wet,Dawn,Signs,66,24,Female,Expired,Yes,Straight Road,2,14,11,3,0,3,3,1,1,1,8,0,0,7.88,21.40923,87.28747,NH16_Kolkata_Chennai,Odisha / Andhra Pradesh
Assam,Unknown,2020,January,Thursday,18:36,Minor,2,Bus,6,4,Foggy,National Highway,Under Construction,Dawn,Signs,62,33,Male,Expired,No,Intersection,1,18,1,3,0,1,2,1,0,2,6,0,0,6.06,26.92937,75.79284,NH48_Delhi_Mumbai,Rajasthan / Gujarat
Maharashtra,Mumbai,2020,February,Monday,3:26,Minor,5,Two-Wheeler,0,5,Stormy,Village Road,Wet,Dark,Signals,43,69,Male,,No,Intersection,1,3,2,0,3,4,3,0,0,5,0,0,0,5.15,21.41537,87.21706,NH16_Kolkata_Chennai,Odisha / Andhra Pradesh
Karnataka,Mangalore,2023,December,Wednesday,2:16,Minor,1,Truck,0,4,Rainy,Urban Road,Damaged,Dawn,Signs,60,68,Female,Expired,Yes,Straight Road,1,2,12,2,2,3,0,1,1,1,0,0,0,4.85,9.92614,77.50067,NH7_Varanasi_Kanyakumari,MP / Karnataka / TN
Uttar Pradesh,Lucknow,2020,May,Tuesday,19:55,Minor,3,Pedestrian,8,2,Hazy,National Highway,Dry,Dawn,Signs,93,19,Female,Expired,Yes,Bridge,1,19,5,1,0,2,1,1,1,3,8,0,0,5.45,23.02334,71.30233,NH27_East_West,Rajasthan / MP / UP
Haryana,Unknown,2018,April,Saturday,15:19,Fatal,1,Auto-Rickshaw,2,4,Hazy,State Highway,Damaged,Dusk,Police Checkpost,79,55,Female,Expired,Yes,Straight Road,3,15,4,5,1,2,0,3,1,1,2,0,0,6.67,17.4503,75.43609,NH9_Pune_Hyderabad,Maharashtra / Telangana
Telangana,Unknown,2018,January,Saturday,9:12,Fatal,5,Cycle,6,3,Rainy,National Highway,Dry,Dusk,Signs,43,64,Male,Valid,No,Straight Road,3,9,1,5,0,3,1,3,0,5,6,0,0,6.36,27.50918,78.23756,NH19_Delhi_Kolkata,Uttar Pradesh / Bihar
Telangana,Unknown,2022,June,Friday,2:12,Serious,2,Cycle,9,4,Foggy,National Highway,Dry,Dawn,Signals,103,48,Male,Valid,Yes,Intersection,2,2,6,4,0,1,1,1,1,2,9,0,0,8.18,19.27964,78.48709,NH44_Nagpur_Hyderabad,Telangana
Sikkim,Unknown,2020,May,Wednesday,9:22,Minor,4,Two-Wheeler,1,3,Rainy,State Highway,Wet,Dark,,77,22,Male,Valid,Yes,Bridge,1,9,5,2,1,3,3,0,1,4,1,0,0,4.24,19.29075,78.57655,NH44_Nagpur_Hyderabad,Telangana
West Bengal,Kolkata,2021,April,Thursday,4:56,Minor,3,Bus,7,1,Rainy,Village Road,Wet,Dark,Police Checkpost,45,24,Female,Valid,No,Bridge,1,4,4,3,3,3,3,0,0,3,7,0,0,3.64,21.74697,79.09981,NH44_Agra_Nagpur,Madhya Pradesh
Assam,Unknown,2023,September,Saturday,4:13,Minor,4,Car,4,2,Foggy,Urban Road,Dry,Dark,Signals,44,46,Male,,Yes,Straight Road,1,4,9,5,2,1,1,0,1,4,4,0,0,4.24,11.98298,75.30107,NH66_West_Coast,Maharashtra / Kerala
Nagaland,Unknown,2020,November,Saturday,0:37,Minor,1,Pedestrian,5,4,Foggy,Urban Road,Under Construction,Dawn,Signals,106,61,Female,Valid,Yes,Bridge,1,0,11,5,2,1,2,1,1,1,5,0,0,6.36,17.3785,73.40089,NH48_Mumbai_Bangalore,Maharashtra / Karnataka
Himachal Pradesh,Unknown,2018,February,Saturday,9:57,Serious,3,Auto-Rickshaw,8,0,Foggy,Urban Road,Under Construction,Dawn,Signs,51,34,Female,,Yes,Straight Road,2,9,2,5,2,1,2,1,1,3,8,0,0,4.24,12.81575,79.83048,NH44_Bangalore_Chennai,Tamil Nadu
Tamil Nadu,Madurai,2022,August,Saturday,11:28,Serious,1,Two-Wheeler,8,1,Hazy,State Highway,Wet,Daylight,Signs,119,68,Female,,No,Straight Road,2,11,8,5,1,2,3,2,0,1,8,0,0,4.55,32.30284,77.06317,NH22_Shimla_Manali,Himachal Pradesh
Nagaland,Unknown,2019,August,Sunday,22:38,Fatal,2,Two-Wheeler,2,2,Hazy,Urban Road,Under Construction,Dark,,32,63,Female,Expired,Yes,Curve,3,22,8,6,2,2,2,0,1,2,2,0,0,4.85,28.02118,77.31577,NH44_Delhi_Agra,Uttar Pradesh
Goa,Unknown,2018,June,Friday,3:36,Fatal,2,Cycle,9,1,Rainy,State Highway,Wet,Dark,Signals,98,50,Female,,No,Bridge,3,3,6,4,1,3,3,0,0,2,9,0,0,5.45,12.00165,78.95955,NH44_Bangalore_Chennai,Tamil Nadu
Rajasthan,Jodhpur,2022,August,Wednesday,0:42,Serious,4,Truck,6,4,Stormy,Village Road,Damaged,Dusk,Police Checkpost,115,48,Female,Expired,No,Curve,2,0,8,2,3,4,0,3,0,4,6,0,0,6.67,17.39697,73.49325,NH48_Mumbai_Bangalore,Maharashtra / Karnataka
Gujarat,Surat,2022,November,Sunday,10:37,Serious,5,Bus,6,0,Stormy,State Highway,Wet,Dusk,Police Checkpost,54,43,Female,Expired,No,Straight Road,2,10,11,6,1,4,3,3,0,5,6,0,0,3.03,24.89711,84.92839,NH30_Patna_Visakhapatnam,Chhattisgarh
Odisha,Unknown,2018,May,Wednesday,6:42,Minor,2,Truck,9,4,Stormy,National Highway,Dry,Dawn,Police Checkpost,75,56,Male,,No,Intersection,1,6,5,2,0,4,1,1,0,2,9,0,0,6.97,33.72159,74.85045,NH44_North,Jammu & Kashmir
Arunachal Pradesh,Unknown,2020,December,Monday,15:14,Serious,3,Car,0,4,Hazy,Urban Road,Dry,Dark,,98,42,Male,Valid,Yes,Intersection,2,15,12,0,2,2,1,0,1,3,0,0,0,5.45,32.07026,77.17875,NH22_Shimla_Manali,Himachal Pradesh
Himachal Pradesh,Unknown,2019,May,Sunday,11:10,Fatal,3,Two-Wheeler,2,0,Stormy,Urban Road,Wet,Dark,,118,64,Female,Expired,Yes,Straight Road,3,11,5,6,2,4,3,0,1,3,2,0,0,3.03,27.75552,77.445,NH44_Delhi_Agra,Uttar Pradesh
Jammu and Kashmir,Unknown,2023,January,Sunday,1:18,Minor,1,Two-Wheeler,8,2,Stormy,State Highway,Damaged,Dark,,32,30,Male,Valid,Yes,Straight Road,1,1,1,6,1,4,0,0,1,1,8,0,0,5.45,32.88521,75.18417,NH44_North,Jammu & Kashmir
Madhya Pradesh,Unknown,2022,May,Sunday,10:42,Serious,3,Car,8,2,Hazy,National Highway,Dry,Daylight,,69,54,Female,Expired,Yes,Curve,2,10,5,6,0,2,1,2,1,3,8,0,0,6.06,16.16865,77.2619,NH44_Hyderabad_Bangalore,Karnataka
Odisha,Unknown,2018,February,Thursday,11:2,Minor,1,Car,0,2,Rainy,State Highway,Dry,Daylight,,105,33,Male,Valid,Yes,Bridge,1,11,2,3,1,3,1,2,1,1,0,0,0,3.03,30.05179,78.90773,NH58_Delhi_Badrinath,Uttarakhand
Tamil Nadu,Madurai,2022,May,Sunday,0:39,Minor,3,Two-Wheeler,1,4,Foggy,Village Road,Dry,Dark,Signals,46,63,Female,,No,Bridge,1,0,5,6,3,1,1,0,0,3,1,0,0,4.55,12.57157,79.47491,NH44_Bangalore_Chennai,Tamil Nadu
Goa,Unknown,2023,June,Friday,7:24,Serious,2,Truck,2,5,Stormy,National Highway,Wet,Dark,Signs,111,43,Female,Valid,Yes,Straight Road,2,7,6,4,0,4,3,0,1,2,2,0,0,6.97,24.90452,83.8817,NH19_Delhi_Kolkata,Uttar Pradesh / Bihar
Delhi,Dwarka,2020,February,Thursday,13:39,Serious,5,Truck,0,0,Foggy,Village Road,Under Construction,Daylight,,60,44,Male,,Yes,Intersection,2,13,2,3,3,1,2,2,1,5,0,0,0,1.82,27.34846,77.7434,NH44_Delhi_Agra,Uttar Pradesh
Goa,Unknown,2019,June,Tuesday,16:44,Fatal,4,Two-Wheeler,0,1,Clear,Village Road,Damaged,Dusk,Signals,47,45,Male,Expired,No,Curve,3,16,6,1,3,0,0,3,0,4,0,0,0,2.73,15.31661,76.95899,NH44_Hyderabad_Bangalore,Karnataka
Mizoram,Unknown,2023,February,Wednesday,1:6,Minor,4,Auto-Rickshaw,5,5,Foggy,State Highway,Dry,Dark,Signals,65,57,Male,,Yes,Straight Road,1,1,2,2,1,1,1,0,1,4,5,0,0,7.27,17.28403,74.03981,NH66_West_Coast,Maharashtra / Kerala
Haryana,Unknown,2020,October,Sunday,0:43,Minor,5,Pedestrian,7,5,Rainy,State Highway,Dry,Daylight,Signals,87,27,Male,Valid,Yes,Bridge,1,0,10,6,1,3,1,2,1,5,7,0,0,7.88,32.46905,77.28892,NH22_Shimla_Manali,Himachal Pradesh
Uttar Pradesh,Kanpur,2022,September,Sunday,21:31,Fatal,3,Two-Wheeler,4,0,Hazy,State Highway,Dry,Dawn,Signs,114,52,Female,Valid,Yes,Intersection,3,21,9,6,1,2,1,1,1,3,4,0,0,3.64,22.99138,79.50334,NH44_Agra_Nagpur,Madhya Pradesh
Puducherry,Unknown,2018,July,Thursday,0:52,Fatal,3,Auto-Rickshaw,8,0,Clear,Village Road,Dry,Dark,Signs,31,34,Male,Valid,No,Bridge,3,0,7,3,3,0,1,0,0,3,8,0,0,4.24,16.09049,77.27448,NH44_Hyderabad_Bangalore,Karnataka
Mizoram,Unknown,2019,August,Sunday,17:49,Serious,4,Auto-Rickshaw,7,3,Rainy,State Highway,Wet,Dusk,Signs,118,38,Female,Expired,Yes,Intersection,2,17,8,6,1,3,3,3,1,4,7,0,0,6.67,25.39491,90.03339,NH52_Barasat_Guwahati,West Bengal / Assam
Arunachal Pradesh,Unknown,2019,November,Tuesday,5:7,Minor,1,Truck,9,5,Hazy,National Highway,Dry,Dawn,Signals,34,33,Male,,No,Curve,1,5,11,1,0,2,1,1,0,1,9,0,0,7.88,22.79826,88.54653,NH52_Barasat_Guwahati,West Bengal / Assam
Chhattisgarh,Unknown,2021,May,Thursday,11:36,Fatal,1,Auto-Rickshaw,8,4,Clear,National Highway,Wet,Dark,,41,46,Female,Expired,No,Straight Road,3,11,5,3,0,0,3,0,0,1,8,0,0,7.88,33.5671,75.13606,NH44_North,Jammu & Kashmir
Mizoram,Unknown,2020,September,Wednesday,10:24,Serious,4,Truck,0,0,Foggy,Village Road,Under Construction,Dark,Signs,110,66,Female,,No,Straight Road,2,10,9,2,3,1,2,0,0,4,0,0,0,1.21,25.48322,89.92851,NH52_Barasat_Guwahati,West Bengal / Assam
Delhi,Dwarka,2021,April,Tuesday,8:34,Fatal,3,Pedestrian,10,3,Stormy,Urban Road,Wet,Dawn,Signs,100,69,Female,Valid,Yes,Straight Road,3,8,4,1,2,4,3,1,1,3,10,0,0,8.18,17.16134,77.24827,NH9_Pune_Hyderabad,Maharashtra / Telangana
Sikkim,Unknown,2022,July,Thursday,4:53,Minor,4,Car,8,1,Rainy,State Highway,Wet,Daylight,,48,40,Female,Valid,Yes,Intersection,1,4,7,3,1,3,3,2,1,4,8,0,0,4.55,17.18788,76.29674,NH9_Pune_Hyderabad,Maharashtra / Telangana
Gujarat,Ahmedabad,2022,March,Wednesday,11:5,Fatal,1,Car,10,5,Foggy,Village Road,Dry,Dark,Signals,30,18,Male,Valid,No,Bridge,3,11,3,2,3,1,1,0,0,1,10,0,0,9.39,24.26237,84.50624,NH19_Delhi_Kolkata,Uttar Pradesh / Bihar
Mizoram,Unknown,2023,June,Thursday,19:53,Fatal,4,Pedestrian,8,0,Stormy,Village Road,Damaged,Dawn,Police Checkpost,78,31,Female,,Yes,Bridge,3,19,6,3,3,4,0,1,1,4,8,0,0,4.85,26.08579,86.49615,NH27_East_West,Rajasthan / MP / UP
Uttarakhand,Unknown,2022,February,Friday,18:39,Serious,1,Pedestrian,5,1,Hazy,Urban Road,Under Construction,Dusk,Signals,74,50,Male,Expired,No,Curve,2,18,2,4,2,2,2,3,0,1,5,0,0,3.64,9.93907,77.47009,NH7_Varanasi_Kanyakumari,MP / Karnataka / TN
Uttarakhand,Unknown,2021,May,Monday,8:36,Serious,2,Car,9,3,Stormy,State Highway,Under Construction,Daylight,Signs,41,46,Female,Valid,Yes,Intersection,2,8,5,0,1,4,2,2,1,2,9,0,0,7.27,19.04365,72.86398,NH66_West_Coast,Maharashtra / Kerala
Mizoram,Unknown,2021,December,Friday,21:47,Minor,2,Truck,4,4,Clear,Village Road,Under Construction,Dusk,Police Checkpost,75,56,Male,Valid,Yes,Curve,1,21,12,4,3,0,2,3,1,2,4,0,0,6.06,18.21466,74.23015,NH9_Pune_Hyderabad,Maharashtra / Telangana
Bihar,Unknown,2018,November,Monday,0:5,Minor,2,Auto-Rickshaw,5,0,Hazy,State Highway,Under Construction,Dark,Signs,81,20,Male,Expired,Yes,Bridge,1,0,11,0,1,2,2,0,1,2,5,0,0,2.73,26.97544,78.11875,NH44_Delhi_Agra,Uttar Pradesh
Sikkim,Unknown,2021,September,Wednesday,12:58,Fatal,1,Auto-Rickshaw,9,3,Stormy,Urban Road,Wet,Dawn,Police Checkpost,89,47,Female,Valid,Yes,Curve,3,12,9,2,2,4,3,1,1,1,9,0,0,7.88,22.56949,88.32145,NH19_Delhi_Kolkata,Uttar Pradesh / Bihar
Assam,Unknown,2018,December,Monday,8:12,Serious,1,Two-Wheeler,4,2,Stormy,Village Road,Damaged,Dawn,,46,30,Female,,Yes,Straight Road,2,8,12,0,3,4,0,1,1,1,4,0,0,4.85,17.30398,73.45832,NH48_Mumbai_Bangalore,Maharashtra / Karnataka
Mizoram,Unknown,2022,November,Sunday,21:1,Fatal,2,Bus,6,1,Stormy,State Highway,Under Construction,Dusk,,104,44,Female,Valid,Yes,Bridge,3,21,11,6,1,4,2,3,1,2,6,0,0,5.15,34.04367,74.73214,NH44_North,Jammu & Kashmir
Puducherry,Unknown,2023,November,Wednesday,0:29,Serious,3,Truck,1,1,Rainy,Urban Road,Under Construction,Dusk,Signals,92,28,Male,,Yes,Bridge,2,0,11,2,2,3,2,3,1,3,1,0,0,3.03,28.3078,77.1594,NH44_Delhi_Agra,Uttar Pradesh
Arunachal Pradesh,Unknown,2021,July,Wednesday,22:43,Fatal,5,Cycle,3,5,Rainy,State Highway,Wet,Daylight,Signs,40,50,Female,Valid,No,Curve,3,22,7,2,1,3,3,2,0,5,3,0,0,7.27,20.53809,79.04745,NH44_Nagpur_Hyderabad,Telangana
Rajasthan,Jodhpur,2018,January,Monday,12:47,Fatal,2,Cycle,0,2,Hazy,State Highway,Under Construction,Dark,,89,61,Male,Expired,No,Bridge,3,12,1,0,1,2,2,0,0,2,0,0,0,3.64,26.89084,75.83355,NH48_Delhi_Mumbai,Rajasthan / Gujarat
Telangana,Unknown,2019,May,Thursday,13:55,Minor,1,Auto-Rickshaw,1,2,Stormy,Urban Road,Dry,Daylight,Signs,31,48,Female,Valid,Yes,Intersection,1,13,5,3,2,4,1,2,1,1,1,0,0,3.33,26.76604,84.28639,NH27_East_West,Rajasthan / MP / UP
Andhra Pradesh,Tirupati,2019,April,Tuesday,18:7,Serious,1,Car,10,5,Hazy,Village Road,Under Construction,Dawn,Signals,37,46,Male,Expired,Yes,Intersection,2,18,4,1,3,2,2,1,1,1,10,0,0,9.39,23.39228,86.11608,NH19_Delhi_Kolkata,Uttar Pradesh / Bihar
Jharkhand,Unknown,2019,January,Tuesday,8:49,Serious,4,Two-Wheeler,5,4,Stormy,Village Road,Wet,Dusk,Signals,63,65,Male,Valid,No,Bridge,2,8,1,1,3,4,3,3,0,4,5,0,0,6.36,8.21924,77.22306,NH7_Varanasi_Kanyakumari,MP / Karnataka / TN
Gujarat,Vadodara,2018,November,Saturday,17:9,Minor,2,Two-Wheeler,0,3,Clear,Village Road,Under Construction,Dark,Signals,88,60,Female,,No,Bridge,1,17,11,5,3,0,2,0,0,2,0,0,0,3.33,25.25793,74.50914,NH48_Delhi_Mumbai,Rajasthan / Gujarat
West Bengal,Durgapur,2018,October,Sunday,10:57,Fatal,2,Bus,4,4,Foggy,State Highway,Wet,Dark,Signs,114,58,Male,Valid,Yes,Straight Road,3,10,10,6,1,1,3,0,1,2,4,0,0,7.27,22.61733,88.42771,NH16_Kolkata_Chennai,Odisha / Andhra Pradesh
Andhra Pradesh,Vijayawada,2021,July,Friday,3:55,Fatal,5,Car,0,4,Stormy,Village Road,Wet,Dark,Signs,113,67,Female,Valid,Yes,Bridge,3,3,7,4,3,4,3,0,1,5,0,0,0,6.06,30.7958,79.49729,NH58_Delhi_Badrinath,Uttarakhand
Sikkim,Unknown,2018,March,Sunday,3:33,Fatal,5,Car,4,0,Foggy,State Highway,Wet,Daylight,,83,29,Female,Expired,Yes,Straight Road,3,3,3,6,1,1,3,2,1,5,4,0,0,3.64,17.62868,83.34402,NH16_Kolkata_Chennai,Odisha / Andhra Pradesh
Meghalaya,Unknown,2020,December,Tuesday,16:35,Minor,4,Two-Wheeler,2,5,Hazy,State Highway,Wet,Dawn,Signs,57,18,Female,,No,Bridge,1,16,12,1,1,2,3,1,0,4,2,0,0,5.76,19.21774,78.53687,NH44_Nagpur_Hyderabad,Telangana
Andhra Pradesh,Tirupati,2018,May,Tuesday,2:14,Fatal,5,Cycle,5,0,Hazy,National Highway,Under Construction,Dawn,Signs,89,23,Female,,Yes,Curve,3,2,5,1,0,2,2,1,1,5,5,0,0,3.94,19.24749,72.99394,NH48_Delhi_Mumbai,Rajasthan / Gujarat
Andhra Pradesh,Visakhapatnam,2021,September,Tuesday,18:56,Fatal,3,Truck,8,2,Rainy,State Highway,Under Construction,Dawn,Police Checkpost,67,59,Male,,No,Bridge,3,18,9,1,1,3,2,1,0,3,8,0,0,6.06,17.39723,75.43567,NH9_Pune_Hyderabad,Maharashtra / Telangana