State Name,City Name,Year,Month,Day of Week,Time of Day,Accident Severity,Number of Vehicles Involved,Vehicle Type Involved,Number of Casualties,Number of Fatalities,Weather Conditions,Road Type,Road Condition,Lighting Conditions,Traffic Control Presence,Speed Limit (km/h),Driver Age,Driver Gender,Driver License Status,Alcohol Involvement,Accident Location Details,severity,hour,month,day_enc,road_type_enc,weather_enc,road_cond_enc,lighting_enc,alcohol,num_vehicles,num_casualties,junction_enc,cause_enc,risk_score,latitude,longitude,highway,state_region
Telangana,Unknown,2022,October,Friday,15:25,Minor,3,Two-Wheeler,10,0,Clear,National Highway,Under Construction,Daylight,Police Checkpost,45,48,Female,Valid,Yes,Curve,1,15,10,4,0,0,2,2,1,3,10,0,0,4.24,8.25901,77.21467,NH7_Varanasi_Kanyakumari,MP / Karnataka / TN
Chandigarh,Unknown,2023,May,Monday,4:24,Serious,5,Car,0,3,Stormy,National Highway,Damaged,Dawn,Signs,67,18,Female,Valid,Yes,Straight Road,2,4,5,0,0,4,0,1,1,5,0,0,0,4.55,23.4563,88.82544,NH52_Barasat_Guwahati,West Bengal / Assam
Karnataka,Mysore,2023,November,Wednesday,8:7,Serious,3,Truck,3,3,Hazy,Village Road,Under Construction,Daylight,Signs,37,32,Female,Expired,No,Bridge,2,8,11,2,3,2,2,2,0,3,3,0,0,4.85,27.23232,77.97636,NH44_Delhi_Agra,Uttar Pradesh
Uttar Pradesh,Varanasi,2020,June,Wednesday,4:1,Fatal,3,Truck,10,3,Stormy,Urban Road,Damaged,Dusk,Signs,35,24,Female,Valid,No,Intersection,3,4,6,2,2,4,0,3,0,3,10,0,0,7.58,28.3172,77.21406,NH44_Delhi_Agra,Uttar Pradesh
Mizoram,Unknown,2018,May,Friday,14:33,Serious,2,Truck,4,4,Hazy,Urban Road,Damaged,Dusk,,105,62,Female,,No,Intersection,2,14,5,4,2,2,0,3,0,2,4,0,0,6.06,24.80764,82.44508,NH7_Varanasi_Kanyakumari,MP / Karnataka / TN
Sikkim,Unknown,2021,October,Thursday,18:15,Serious,2,Cycle,5,4,Stormy,National Highway,Wet,Dawn,Police Checkpost,36,67,Male,Valid,Yes,Straight Road,2,18,10,3,0,4,3,1,1,2,5,0,0,6.97,16.95381,78.33091,NH44_Hyderabad_Bangalore,Karnataka
Nagaland,Unknown,2021,August,Tuesday,4:8,Serious,2,Truck,6,5,Hazy,Village Road,Dry,Dark,,93,31,Male,Expired,Yes,Intersection,2,4,8,1,3,2,1,0,1,2,6,0,0,8.18,17.13121,77.21204,NH9_Pune_Hyderabad,Maharashtra / Telangana
Punjab,Unknown,2018,December,Sunday,12:31,Minor,2,Two-Wheeler,4,4,Hazy,State Highway,Wet,Dawn,Signs,99,60,Female,Expired,No,Bridge,1,12,12,6,1,2,3,1,0,2,4,0,0,5.45,15.92438,74.01395,NH66_West_Coast,Maharashtra / Kerala
Meghalaya,Unknown,2022,April,Thursday,16:29,Minor,5,Car,7,2,Clear,State Highway,Under Construction,Dawn,Signs,61,26,Female,Expired,No,Intersection,1,16,4,3,1,0,2,1,0,5,7,0,0,4.55,27.92787,76.88195,NH48_Delhi_Mumbai,Rajasthan / Gujarat
Arunachal Pradesh,Unknown,2022,October,Saturday,20:53,Serious,1,Cycle,1,4,Foggy,State Highway,Dry,Dark,Police Checkpost,75,46,Female,Valid,Yes,Curve,2,20,10,5,1,1,1,0,1,1,1,0,0,5.76,32.0795,77.15377,NH22_Shimla_Manali,Himachal Pradesh
Rajasthan,Jaipur,2023,November,Saturday,9:17,Minor,4,Car,1,0,Stormy,Village Road,Under Construction,Dusk,Signs,89,23,Male,,Yes,Bridge,1,9,11,5,3,4,2,3,1,4,1,0,0,1.52,29.6651,78.27031,NH58_Delhi_Badrinath,Uttarakhand
Himachal Pradesh,Unknown,2019,August,Tuesday,10:55,Serious,4,Cycle,5,3,Stormy,State Highway,Dry,Dusk,Signals,65,49,Female,Expired,Yes,Intersection,2,10,8,1,1,4,1,3,1,4,5,0,0,6.06,28.00551,77.29596,NH44_Delhi_Agra,Uttar Pradesh
Jharkhand,Unknown,2023,January,Saturday,12:32,Fatal,1,Bus,9,5,Foggy,State Highway,Under Construction,Dawn,Signals,106,38,Female,,Yes,Straight Road,3,12,1,5,1,1,2,1,1,1,9,0,0,9.7,24.86102,89.87961,NH52_Barasat_Guwahati,West Bengal / Assam
Jammu and Kashmir,Unknown,2021,July,Friday,15:19,Fatal,5,Cycle,2,2,Rainy,Village Road,Dry,Dark,Signals,93,43,Male,Expired,Yes,Intersection,3,15,7,4,3,3,1,0,1,5,2,0,0,4.85,26.11327,86.40596,NH27_East_West,Rajasthan / MP / UP
Puducherry,Unknown,2023,June,Wednesday,14:23,Minor,1,Truck,1,1,Rainy,Village Road,Wet,Dusk,,75,62,Male,Valid,No,Bridge,1,14,6,2,3,3,3,3,0,1,1,0,0,1.82,18.58353,73.83157,NH9_Pune_Hyderabad,Maharashtra / Telangana
Karnataka,Mysore,2019,July,Wednesday,17:40,Minor,3,Cycle,7,0,Clear,National Highway,Wet,Dusk,Signs,47,61,Female,,No,Bridge,1,17,7,2,0,0,3,3,0,3,7,0,0,2.73,22.32717,70.21168,NH27_East_West,Rajasthan / MP / UP
Bihar,Unknown,2018,December,Friday,1:19,Serious,5,Pedestrian,10,4,Hazy,Urban Road,Dry,Dark,,79,52,Male,,No,Intersection,2,1,12,4,2,2,1,0,0,5,10,0,0,7.88,27.42544,77.67818,NH44_Delhi_Agra,Uttar Pradesh
Goa,Unknown,2022,September,Monday,14:6,Fatal,1,Pedestrian,8,0,Clear,Village Road,Dry,Dusk,Signals,84,32,Female,Valid,No,Curve,3,14,9,0,3,0,1,3,0,1,8,0,0,4.24,30.72604,79.5275,NH58_Delhi_Badrinath,Uttarakhand
Telangana,Unknown,2023,March,Sunday,14:30,Minor,2,Bus,0,0,Clear,Urban Road,Damaged,Dusk,Signs,108,45,Male,Valid,No,Bridge,1,14,3,6,2,0,0,3,0,2,0,0,0,0.61,25.27974,82.96043,NH7_Varanasi_Kanyakumari,MP / Karnataka / TN
Uttar Pradesh,Lucknow,2023,November,Wednesday,11:56,Serious,4,Truck,1,0,Clear,Urban Road,Wet,Daylight,,66,49,Male,,Yes,Straight Road,2,11,11,2,2,0,3,2,1,4,1,0,0,2.12,17.45184,78.49147,NH7_Varanasi_Kanyakumari,MP / Karnataka / TN
Chandigarh,Unknown,2020,August,Friday,14:56,Minor,1,Truck,7,5,Clear,Urban Road,Dry,Dark,Signals,94,31,Male,Expired,Yes,Intersection,1,14,8,4,2,0,1,0,1,1,7,0,0,7.88,23.51559,79.33298,NH44_Agra_Nagpur,Madhya Pradesh
Jharkhand,Unknown,2020,February,Tuesday,22:38,Fatal,5,Pedestrian,4,1,Hazy,National Highway,Under Construction,Daylight,Police Checkpost,110,57,Male,,No,Curve,3,22,2,1,0,2,2,2,0,5,4,0,0,3.94,26.38087,75.22819,NH48_Delhi_Mumbai,Rajasthan / Gujarat
Manipur,Unknown,2022,February,Thursday,8:2,Fatal,4,Car,10,3,Rainy,National Highway,Dry,Dawn,,104,67,Male,Valid,Yes,Intersection,3,8,2,3,0,3,1,1,1,4,10,0,0,8.18,15.39197,76.96886,NH44_Hyderabad_Bangalore,Karnataka
Uttarakhand,Unknown,2021,August,Tuesday,4:25,Serious,5,Two-Wheeler,8,3,Stormy,Village Road,Wet,Dusk,Police Checkpost,116,67,Male,Expired,No,Straight Road,2,4,8,1,3,4,3,3,0,5,8,0,0,6.36,28.04138,76.89041,NH48_Delhi_Mumbai,Rajasthan / Gujarat
Himachal Pradesh,Unknown,2023,July,Monday,21:28,Minor,3,Cycle,1,4,Hazy,Urban Road,Under Construction,Dawn,Police Checkpost,35,51,Female,Expired,Yes,Straight Road,1,21,7,0,2,2,2,1,1,3,1,0,0,5.15,28.55635,77.22396,NH58_Delhi_Badrinath,Uttarakhand
Arunachal Pradesh,Unknown,2021,December,Thursday,17:5,Serious,1,Auto-Rickshaw,9,2,Hazy,Village Road,Under Construction,Daylight,Police Checkpost,61,32,Male,Expired,Yes,Straight Road,2,17,12,3,3,2,2,2,1,1,9,0,0,6.36,26.79797,78.21165,NH44_Agra_Nagpur,Madhya Pradesh
Jharkhand,Unknown,2019,July,Wednesday,13:12,Fatal,4,Pedestrian,3,0,Clear,National Highway,Under Construction,Dark,Signals,62,63,Female,Expired,Yes,Curve,3,13,7,2,0,0,2,0,1,4,3,0,0,3.33,23.4529,73.23852,NH27_East_West,Rajasthan / MP / UP
Madhya Pradesh,Unknown,2023,April,Wednesday,20:45,Serious,1,Truck,9,1,Rainy,Village Road,Wet,Dusk,Police Checkpost,90,19,Male,Valid,No,Intersection,2,20,4,2,3,3,3,3,0,1,9,0,0,4.85,23.98071,79.11466,NH44_Agra_Nagpur,Madhya Pradesh
Punjab,Unknown,2022,July,Tuesday,13:50,Minor,3,Auto-Rickshaw,5,5,Rainy,Village Road,Dry,Dusk,Signs,73,51,Female,Valid,No,Curve,1,13,7,1,3,3,1,3,0,3,5,0,0,6.67,12.2998,78.12404,NH44_Bangalore_Chennai,Tamil Nadu
Chhattisgarh,Unknown,2023,November,Wednesday,21:56,Fatal,2,Bus,3,5,Stormy,National Highway,Dry,Daylight,Signs,75,26,Male,Expired,No,Curve,3,21,11,2,0,4,1,2,0,2,3,0,0,7.27,19.3613,84.79708,NH16_Kolkata_Chennai,Odisha / Andhra Pradesh
Madhya Pradesh,Unknown,2022,February,Sunday,15:38,Serious,4,Bus,10,4,Hazy,National Highway,Damaged,Dawn,Signs,120,35,Male,Expired,No,Intersection,2,15,2,6,0,2,0,1,0,4,10,0,0,7.88,12.94596,79.82707,NH44_Bangalore_Chennai,Tamil Nadu
Puducherry,Unknown,2021,July,Saturday,11:17,Fatal,2,Truck,8,0,Foggy,Village Road,Wet,Dusk,,69,38,Female,,No,Straight Road,3,11,7,5,3,1,3,3,0,2,8,0,0,4.24,23.44225,83.94514,NH30_Patna_Visakhapatnam,Chhattisgarh
Sikkim,Unknown,2021,February,Wednesday,19:49,Minor,4,Auto-Rickshaw,6,4,Hazy,Village Road,Damaged,Daylight,,51,68,Female,,No,Intersection,1,19,2,2,3,2,0,2,0,4,6,0,0,6.06,17.13271,77.25089,NH9_Pune_Hyderabad,Maharashtra / Telangana
Chandigarh,Unknown,2020,June,Thursday,9:33,Minor,2,Two-Wheeler,1,3,Hazy,State Highway,Wet,Daylight,Signals,33,44,Female,Valid,Yes,Straight Road,1,9,6,3,1,2,3,2,1,2,1,0,0,4.24,18.60472,78.37036,NH44_Nagpur_Hyderabad,Telangana
Sikkim,Unknown,2020,August,Monday,4:33,Serious,2,Auto-Rickshaw,9,1,Clear,National Highway,Damaged,Dusk,Signs,51,25,Male,Expired,No,Curve,2,4,8,0,0,0,0,3,0,2,9,0,0,4.85,18.61588,84.29896,NH16_Kolkata_Chennai,Odisha / Andhra Pradesh
Haryana,Unknown,2022,November,Friday,17:15,Serious,2,Cycle,2,4,Rainy,State Highway,Dry,Daylight,Signals,56,22,Male,Expired,Yes,Bridge,2,17,11,4,1,3,1,2,1,2,2,0,0,6.06,17.85548,74.87019,NH9_Pune_Hyderabad,Maharashtra / Telangana
Himachal Pradesh,Unknown,2021,June,Thursday,20:32,Minor,2,Auto-Rickshaw,1,0,Rainy,Village Road,Under Construction,Dusk,Signs,54,19,Female,,Yes,Bridge,1,20,6,3,3,3,2,3,1,2,1,0,0,1.52,27.45267,77.68147,NH44_Delhi_Agra,Uttar Pradesh
Uttar Pradesh,Lucknow,2023,May,Tuesday,5:18,Serious,3,Pedestrian,0,2,Clear,State Highway,Wet,Dark,Signals,89,27,Male,Expired,No,Bridge,2,5,5,1,1,0,3,0,0,3,0,0,0,3.03,23.45135,83.81082,NH30_Patna_Visakhapatnam,Chhattisgarh
Assam,Unknown,2018,November,Friday,9:58,Serious,1,Car,8,0,Foggy,State Highway,Under Construction,Dusk,,102,61,Female,Valid,Yes,Intersection,2,9,11,4,1,1,2,3,1,1,8,0,0,4.24,23.87077,81.30134,NH7_Varanasi_Kanyakumari,MP / Karnataka / TN
Odisha,Unknown,2020,March,Wednesday,11:36,Minor,1,Pedestrian,1,2,Clear,Village Road,Dry,Dawn,Signals,110,25,Female,Expired,Yes,Straight Road,1,11,3,2,3,0,1,1,1,1,1,0,0,3.33,25.80142,82.21655,NH19_Delhi_Kolkata,Uttar Pradesh / Bihar
Puducherry,Unknown,2022,April,Wednesday,3:5,Minor,5,Car,5,3,Foggy,Village Road,Wet,Dark,Police Checkpost,116,44,Male,Valid,Yes,Curve,1,3,4,2,3,1,3,0,1,5,5,0,0,5.45,17.02078,78.33677,NH44_Hyderabad_Bangalore,Karnataka
Karnataka,Mangalore,2020,February,Wednesday,2:54,Serious,4,Cycle,2,2,Hazy,Urban Road,Under Construction,Dawn,Police Checkpost,60,38,Female,Valid,Yes,Bridge,2,2,2,2,2,2,2,1,1,4,2,0,0,4.24,22.74572,88.5746,NH52_Barasat_Guwahati,West Bengal / Assam
Gujarat,Ahmedabad,2022,January,Friday,13:46,Fatal,4,Two-Wheeler,8,5,Foggy,Urban Road,Under Construction,Dark,Police Checkpost,100,43,Male,,Yes,Straight Road,3,13,1,4,2,1,2,0,1,4,8,0,0,9.39,17.86306,74.92185,NH9_Pune_Hyderabad,Maharashtra / Telangana
Puducherry,Unknown,2022,April,Monday,15:32,Minor,4,Two-Wheeler,0,3,Rainy,State Highway,Under Construction,Dawn,Police Checkpost,118,62,Male,Expired,No,Bridge,1,15,4,0,1,3,2,1,0,4,0,0,0,3.33,17.38792,73.98371,NH66_West_Coast,Maharashtra / Kerala
Sikkim,Unknown,2020,March,Monday,6:39,Minor,3,Pedestrian,4,1,Stormy,State Highway,Wet,Daylight,Signals,43,25,Male,,No,Straight Road,1,6,3,0,1,4,3,2,0,3,4,0,0,2.73,17.43455,78.47848,NH7_Varanasi_Kanyakumari,MP / Karnataka / TN
Tamil Nadu,Coimbatore,2021,August,Sunday,16:25,Fatal,2,Cycle,1,1,Clear,National Highway,Dry,Dawn,Police Checkpost,40,68,Male,,No,Curve,3,16,8,6,0,0,1,1,0,2,1,0,0,3.03,30.70865,79.54067,NH58_Delhi_Badrinath,Uttarakhand
Chandigarh,Unknown,2021,January,Tuesday,23:8,Serious,5,Auto-Rickshaw,5,3,Stormy,National Highway,Damaged,Dusk,Police Checkpost,62,36,Male,Valid,No,Intersection,2,23,1,1,0,4,0,3,0,5,5,0,0,5.45,18.65546,78.33872,NH44_Nagpur_Hyderabad,Telangana
Nagaland,Unknown,2021,August,Friday,8:52,Minor,2,Bus,0,3,Rainy,Urban Road,Wet,Dark,Signs,32,43,Female,Valid,Yes,Bridge,1,8,8,4,2,3,3,0,1,2,0,0,0,3.94,18.23076,74.26028,NH9_Pune_Hyderabad,Maharashtra / Telangana
Uttarakhand,Unknown,2021,September,Tuesday,20:38,Minor,3,Car,10,1,Stormy,Urban Road,Damaged,Dark,,111,28,Female,Valid,Yes,Curve,1,20,9,1,2,4,0,0,1,3,10,0,0,5.15,12.93582,74.84792,NH66_West_Coast,Maharashtra / Kerala
Chandigarh,Unknown,2022,May,Friday,21:29,Minor,1,Pedestrian,8,4,Hazy,Urban Road,Dry,Daylight,Signs,51,30,Male,,No,Bridge,1,21,5,4,2,2,1,2,0,1,8,0,0,6.67,28.21068,77.04463,NH48_Delhi_Mumbai,Rajasthan / Gujarat
Jammu and Kashmir,Unknown,2021,January,Friday,23:27,Serious,1,Auto-Rickshaw,1,4,Foggy,National Highway,Dry,Dawn,Signals,40,42,Female,,No,Bridge,2,23,1,4,0,1,1,1,0,1,1,0,0,5.15,25.38724,89.94569,NH27_East_West,Rajasthan / MP / UP
Andhra Pradesh,Tirupati,2022,May,Monday,6:51,Fatal,1,Cycle,0,2,Hazy,Village Road,Dry,Dusk,Signals,84,27,Male,,No,Straight Road,3,6,5,0,3,2,1,3,0,1,0,0,0,3.64,22.51457,88.29432,NH16_Kolkata_Chennai,Odisha / Andhra Pradesh
Madhya Pradesh,Unknown,2022,April,Monday,14:43,Serious,2,Car,1,1,Clear,Village Road,Damaged,Dawn,Police Checkpost,49,49,Male,Valid,Yes,Bridge,2,14,4,0,3,0,0,1,1,2,1,0,0,3.03,27.86978,77.48967,NH44_Delhi_Agra,Uttar Pradesh
Chandigarh,Unknown,2018,June,Monday,2:57,Serious,3,Bus,5,5,Stormy,State Highway,Dry,Dark,,60,56,Female,Expired,No,Bridge,2,2,6,0,1,4,1,0,0,3,5,0,0,7.27,22.37319,79.16807,NH44_Agra_Nagpur,Madhya Pradesh
Uttar Pradesh,Varanasi,2020,February,Wednesday,23:57,Fatal,3,Truck,3,5,Foggy,Village Road,Damaged,Dawn,Signs,70,25,Female,Valid,Yes,Straight Road,3,23,2,2,3,1,0,1,1,3,3,0,0,7.88,25.64243,85.1529,NH30_Patna_Visakhapatnam,Chhattisgarh
West Bengal,Durgapur,2021,September,Monday,14:41,Fatal,2,Pedestrian,3,5,Stormy,National Highway,Dry,Dusk,Police Checkpost,41,61,Male,Expired,Yes,Straight Road,3,14,9,0,0,4,1,3,1,2,3,0,0,7.88,28.54524,77.17725,NH44_Delhi_Agra,Uttar Pradesh
Chhattisgarh,Unknown,2023,May,Monday,3:14,Serious,2,Car,3,0,Clear,State Highway,Damaged,Daylight,Police Checkpost,47,34,Female,,Yes,Intersection,2,3,5,0,1,0,0,2,1,2,3,0,0,2.73,18.62686,84.24088,NH16_Kolkata_Chennai,Odisha / Andhra Pradesh
West Bengal,Siliguri,2021,January,Tuesday,4:32,Fatal,1,Car,10,3,Rainy,Village Road,Under Construction,Daylight,Police Checkpost,106,34,Male,Valid,Yes,Straight Road,3,4,1,1,3,3,2,2,1,1,10,0,0,8.18,18.45185,73.79813,NH48_Mumbai_Bangalore,Maharashtra / Karnataka
Delhi,Rohini,2021,January,Wednesday,1:38,Fatal,4,Cycle,8,3,Stormy,State Highway,Under Construction,Dark,Signals,77,67,Male,Valid,No,Intersection,3,1,1,2,1,4,2,0,0,4,8,0,0,6.97,31.39676,77.23409,NH22_Shimla_Manali,Himachal Pradesh
Gujarat,Ahmedabad,2019,June,Sunday,18:24,Serious,3,Truck,10,3,Rainy,National Highway,Under Construction,Daylight,,66,47,Female,,No,Straight Road,2,18,6,6,0,3,2,2,0,3,10,0,0,6.97,22.17103,82.92721,NH30_Patna_Visakhapatnam,Chhattisgarh
Goa,Unknown,2022,January,Thursday,10:48,Serious,2,Bus,1,2,Rainy,Urban Road,Under Construction,Dusk,Police Checkpost,90,19,Male,Valid,No,Bridge,2,10,1,3,2,3,2,3,0,2,1,0,0,3.33,21.15756,72.88488,NH48_Delhi_Mumbai,Rajasthan / Gujarat
Goa,Unknown,2018,December,Monday,4:38,Minor,2,Truck,1,0,Hazy,Urban Road,Under Construction,Daylight,Signals,67,70,Female,Valid,No,Intersection,1,4,12,0,2,2,2,2,0,2,1,0,0,0.91,21.82733,72.09026,NH48_Delhi_Mumbai,Rajasthan / Gujarat
Assam,Unknown,2019,November,Wednesday,13:2,Serious,4,Cycle,5,3,Hazy,National Highway,Dry,Dusk,Police Checkpost,65,18,Male,Valid,No,Bridge,2,13,11,2,0,2,1,3,0,4,5,0,0,5.45,32.7227,74.81864,NH44_North,Jammu & Kashmir
Punjab,Unknown,2022,May,Wednesday,9:3,Fatal,2,Bus,6,3,Foggy,National Highway,Dry,Daylight,Signs,53,44,Female,,Yes,Bridge,3,9,5,2,0,1,1,2,1,2,6,0,0,6.97,16.58871,73.19405,NH48_Mumbai_Bangalore,Maharashtra / Karnataka
Odisha,Unknown,2020,September,Tuesday,3:54,Minor,3,Pedestrian,0,4,Hazy,Urban Road,Wet,Dusk,Signs,69,29,Female,Valid,Yes,Curve,1,3,9,1,2,2,3,3,1,3,0,0,0,4.85,20.15377,73.50737,NH48_Delhi_Mumbai,Rajasthan / Gujarat
Uttarakhand,Unknown,2023,August,Friday,2:55,Fatal,1,Cycle,8,5,Foggy,Urban Road,Under Construction,Dawn,Signs,84,69,Male,Valid,No,Intersection,3,2,8,4,2,1,2,1,0,1,8,0,0,8.79,26.86247,80.87405,NH19_Delhi_Kolkata,Uttar Pradesh / Bihar
Madhya Pradesh,Unknown,2022,November,Thursday,14:12,Serious,2,Bus,1,0,Rainy,State Highway,Under Construction,Dawn,,41,28,Female,Valid,Yes,Curve,2,14,11,3,1,3,2,1,1,2,1,0,0,2.12,21.48595,87.27915,NH16_Kolkata_Chennai,Odisha / Andhra Pradesh
Karnataka,Mysore,2023,June,Sunday,16:49,Minor,2,Truck,8,0,Stormy,Village Road,Dry,Dusk,Police Checkpost,48,67,Female,Valid,No,Straight Road,1,16,6,6,3,4,1,3,0,2,8,0,0,3.03,22.24286,82.93379,NH30_Patna_Visakhapatnam,Chhattisgarh
Telangana,Unknown,2019,July,Saturday,15:48,Serious,3,Two-Wheeler,7,3,Stormy,National Highway,Damaged,Daylight,,109,68,Male,Valid,No,Bridge,2,15,7,5,0,4,0,2,0,3,7,0,0,6.06,18.2202,74.18621,NH9_Pune_Hyderabad,Maharashtra / Telangana
Bihar,Unknown,2022,May,Tuesday,1:45,Minor,4,Car,1,5,Stormy,Village Road,Dry,Dark,Signals,72,40,Female,Valid,Yes,Straight Road,1,1,5,1,3,4,1,0,1,4,1,0,0,6.06,18.26504,74.20202,NH9_Pune_Hyderabad,Maharashtra / Telangana
Chhattisgarh,Unknown,2022,July,Monday,16:40,Serious,2,Truck,4,2,Hazy,National Highway,Wet,Daylight,,94,68,Female,Valid,No,Curve,2,16,7,0,0,2,3,2,0,2,4,0,0,4.24,20.12456,73.39256,NH48_Delhi_Mumbai,Rajasthan / Gujarat
Rajasthan,Jodhpur,2020,September,Tuesday,4:30,Serious,1,Cycle,0,2,Stormy,Village Road,Dry,Dawn,Signals,50,32,Female,Expired,No,Intersection,2,4,9,1,3,4,1,1,0,1,0,0,0,3.03,14.9314,76.55466,NH44_Hyderabad_Bangalore,Karnataka
Goa,Unknown,2020,October,Saturday,3:32,Fatal,2,Bus,9,4,Rainy,Village Road,Dry,Daylight,Police Checkpost,35,18,Male,Expired,No,Curve,3,3,10,5,3,3,1,2,0,2,9,0,0,8.18,25.75356,82.26773,NH19_Delhi_Kolkata,Uttar Pradesh / Bihar
Jharkhand,Unknown,2018,October,Tuesday,16:43,Serious,1,Two-Wheeler,8,4,Clear,Urban Road,Damaged,Dawn,,39,58,Male,Valid,Yes,Intersection,2,16,10,1,2,0,0,1,1,1,8,0,0,7.88,13.06343,80.23786,NH44_Bangalore_Chennai,Tamil Nadu
Puducherry,Unknown,2018,November,Friday,5:23,Fatal,5,Truck,9,2,Stormy,State Highway,Under Construction,Daylight,Police Checkpost,106,47,Male,,Yes,Curve,3,5,11,4,1,4,2,2,1,5,9,0,0,6.97,29.66405,78.29101,NH58_Delhi_Badrinath,Uttarakhand
Kerala,Unknown,2023,June,Monday,18:51,Minor,5,Auto-Rickshaw,5,1,Clear,Village Road,Under Construction,Dawn,Signals,113,53,Female,Valid,Yes,Bridge,1,18,6,0,3,0,2,1,1,5,5,0,0,3.64,23.93339,81.21682,NH7_Varanasi_Kanyakumari,MP / Karnataka / TN
Bihar,Unknown,2020,March,Friday,11:4,Serious,2,Auto-Rickshaw,3,2,Hazy,National Highway,Damaged,Daylight,,64,43,Male,Valid,Yes,Intersection,2,11,3,4,0,2,0,2,1,2,3,0,0,4.55,21.82224,80.16992,NH7_Varanasi_Kanyakumari,MP / Karnataka / TN
Odisha,Unknown,2019,October,Tuesday,9:19,Serious,4,Auto-Rickshaw,7,4,Foggy,National Highway,Damaged,Daylight,,108,31,Female,Valid,No,Intersection,2,9,10,1,0,1,0,2,0,4,7,0,0,6.97,26.14158,86.48454,NH27_East_West,Rajasthan / MP / UP
Nagaland,Unknown,2018,December,Monday,8:53,Fatal,1,Auto-Rickshaw,10,4,Hazy,Village Road,Dry,Daylight,Police Checkpost,94,70,Male,Expired,No,Straight Road,3,8,12,0,3,2,1,2,0,1,10,0,0,8.48,32.69159,74.90957,NH44_North,Jammu & Kashmir
Andhra Pradesh,Tirupati,2021,April,Thursday,20:35,Minor,5,Two-Wheeler,6,4,Clear,State Highway,Wet,Dusk,,115,48,Female,Valid,Yes,Intersection,1,20,4,3,1,0,3,3,1,5,6,0,0,6.67,22.34855,79.18611,NH44_Agra_Nagpur,Madhya Pradesh
Nagaland,Unknown,2023,March,Friday,2:21,Fatal,3,Car,2,4,Hazy,National Highway,Under Construction,Daylight,Signs,31,27,Male,,Yes,Straight Road,3,2,3,4,0,2,2,2,1,3,2,0,0,6.67,15.82075,80.27346,NH16_Kolkata_Chennai,Odisha / Andhra Pradesh
Tamil Nadu,Coimbatore,2022,March,Wednesday,6:32,Serious,1,Auto-Rickshaw,2,3,Hazy,National Highway,Wet,Dusk,Signals,80,48,Female,,Yes,Straight Road,2,6,3,2,0,2,3,3,1,1,2,0,0,5.15,13.82067,75.5668,NH48_Mumbai_Bangalore,Maharashtra / Karnataka
Chhattisgarh,Unknown,2018,March,Tuesday,6:7,Fatal,2,Auto-Rickshaw,10,0,Stormy,Village Road,Under Construction,Dawn,,96,28,Female,,No,Straight Road,3,6,3,1,3,4,2,1,0,2,10,0,0,4.85,24.58264,73.63254,NH48_Delhi_Mumbai,Rajasthan / Gujarat
Tripura,Unknown,2019,March,Wednesday,7:27,Minor,2,Two-Wheeler,4,0,Rainy,Urban Road,Wet,Daylight,,71,20,Male,,Yes,Intersection,1,7,3,2,2,3,3,2,1,2,4,0,0,2.42,17.96877,73.59133,NH48_Mumbai_Bangalore,Maharashtra / Karnataka
Maharashtra,Pune,2019,June,Friday,8:34,Serious,2,Cycle,3,1,Rainy,Urban Road,Wet,Daylight,Signs,91,47,Female,Expired,Yes,Curve,2,8,6,4,2,3,3,2,1,2,3,0,0,3.64,24.88329,84.86421,NH30_Patna_Visakhapatnam,Chhattisgarh
Karnataka,Mangalore,2020,February,Monday,10:7,Serious,3,Bus,2,0,Foggy,National Highway,Wet,Dusk,,55,37,Female,Expired,Yes,Bridge,2,10,2,0,0,1,3,3,1,3,2,0,0,2.42,15.89803,80.23012,NH16_Kolkata_Chennai,Odisha / Andhra Pradesh
Andhra Pradesh,Vijayawada,2021,May,Thursday,20:27,Minor,3,Auto-Rickshaw,5,4,Foggy,National Highway,Wet,Dusk,Signs,85,29,Female,Expired,Yes,Intersection,1,20,5,3,0,1,3,3,1,3,5,0,0,6.36,18.56247,73.88956,NH9_Pune_Hyderabad,Maharashtra / Telangana
Bihar,Unknown,2020,January,Wednesday,5:22,Minor,2,Bus,7,0,Clear,Urban Road,Under Construction,Daylight,Signs,62,70,Male,Expired,No,Intersection,1,5,1,2,2,0,2,2,0,2,7,0,0,2.73,32.22912,74.96623,NH44_North,Jammu & Kashmir
Chandigarh,Unknown,2022,May,Thursday,5:22,Minor,1,Auto-Rickshaw,3,3,Rainy,Urban Road,Under Construction,Daylight,Signs,83,70,Male,Valid,No,Straight Road,1,5,5,3,2,3,2,2,0,1,3,0,0,4.24,15.89628,73.97232,NH66_West_Coast,Maharashtra / Kerala