State Name,City Name,Year,Month,Day of Week,Time of Day,Accident Severity,Number of Vehicles Involved,Vehicle Type Involved,Number of Casualties,Number of Fatalities,Weather Conditions,Road Type,Road Condition,Lighting Conditions,Traffic Control Presence,Speed Limit (km/h),Driver Age,Driver Gender,Driver License Status,Alcohol Involvement,Accident Location Details,severity,hour,month,day_enc,road_type_enc,weather_enc,road_cond_enc,lighting_enc,alcohol,num_vehicles,num_casualties,junction_enc,cause_enc,risk_score,latitude,longitude,highway,state_region
Assam,Unknown,2018,January,Saturday,19:20,Serious,3,Two-Wheeler,9,4,Hazy,Urban Road,Under Construction,Dusk,Signals,31,43,Female,,No,Intersection,2,19,1,5,2,2,2,3,0,3,9,0,0,7.58,18.66508,84.17595,NH16_Kolkata_Chennai,Odisha / Andhra Pradesh
Uttarakhand,Unknown,2021,June,Thursday,9:35,Minor,4,Two-Wheeler,3,0,Clear,Village Road,Damaged,Dusk,Police Checkpost,119,66,Male,Valid,Yes,Straight Road,1,9,6,3,3,0,0,3,1,4,3,0,0,2.12,27.61813,77.50761,NH44_Delhi_Agra,Uttar Pradesh
Punjab,Unknown,2022,October,Sunday,10:4,Minor,3,Bus,1,0,Hazy,National Highway,Dry,Dusk,Signs,55,51,Male,Valid,No,Bridge,1,10,10,6,0,2,1,3,0,3,1,0,0,0.91,26.06698,86.48233,NH27_East_West,Rajasthan / MP / UP
Odisha,Unknown,2020,July,Sunday,14:45,Serious,2,Two-Wheeler,3,5,Hazy,Village Road,Damaged,Dusk,Police Checkpost,67,59,Female,Valid,Yes,Intersection,2,14,7,6,3,2,0,3,1,2,3,0,0,7.27,18.10023,78.38871,NH44_Nagpur_Hyderabad,Telangana
Uttarakhand,Unknown,2023,September,Tuesday,6:46,Fatal,4,Pedestrian,6,0,Rainy,Urban Road,Damaged,Daylight,Signs,105,45,Female,,Yes,Straight Road,3,6,9,1,2,3,0,2,1,4,6,0,0,4.24,28.2474,77.20107,NH44_Delhi_Agra,Uttar Pradesh
Rajasthan,Jaipur,2019,June,Friday,12:25,Minor,5,Car,7,0,Rainy,National Highway,Dry,Dusk,Signals,99,21,Male,Valid,No,Curve,1,12,6,4,0,3,1,3,0,5,7,0,0,2.73,12.20133,79.26548,NH44_Bangalore_Chennai,Tamil Nadu
Gujarat,Surat,2022,March,Monday,15:39,Fatal,3,Cycle,9,3,Rainy,Village Road,Under Construction,Dusk,Police Checkpost,48,45,Female,Expired,No,Straight Road,3,15,3,0,3,3,2,3,0,3,9,0,0,7.27,31.45866,77.25886,NH22_Shimla_Manali,Himachal Pradesh
Karnataka,Mysore,2021,August,Thursday,16:45,Fatal,5,Two-Wheeler,6,4,Foggy,State Highway,Dry,Daylight,,96,27,Male,,No,Intersection,3,16,8,3,1,1,1,2,0,5,6,0,0,7.27,12.83698,77.74464,NH44_Bangalore_Chennai,Tamil Nadu
Sikkim,Unknown,2021,November,Monday,11:33,Fatal,5,Pedestrian,5,1,Rainy,Urban Road,Dry,Daylight,,103,51,Female,Valid,No,Intersection,3,11,11,0,2,3,1,2,0,5,5,0,0,4.24,27.62069,77.54556,NH44_Delhi_Agra,Uttar Pradesh
Jharkhand,Unknown,2019,March,Friday,17:16,Serious,2,Pedestrian,9,3,Stormy,Village Road,Under Construction,Daylight,,55,36,Female,Expired,No,Straight Road,2,17,3,4,3,4,2,2,0,2,9,0,0,6.67,26.88818,75.72146,NH48_Delhi_Mumbai,Rajasthan / Gujarat
Mizoram,Unknown,2020,April,Friday,17:47,Fatal,5,Bus,8,3,Foggy,National Highway,Damaged,Dusk,,68,57,Female,Valid,No,Straight Road,3,17,4,4,0,1,0,3,0,5,8,0,0,6.97,17.04546,78.30626,NH44_Hyderabad_Bangalore,Karnataka
Chhattisgarh,Unknown,2018,September,Monday,13:50,Serious,3,Pedestrian,1,0,Foggy,National Highway,Damaged,Dark,Signals,66,33,Male,Valid,No,Curve,2,13,9,0,0,1,0,0,0,3,1,0,0,1.52,12.90619,77.56197,NH48_Mumbai_Bangalore,Maharashtra / Karnataka
Madhya Pradesh,Unknown,2021,November,Monday,8:11,Fatal,2,Bus,7,1,Clear,Village Road,Wet,Dawn,Signs,70,69,Male,,No,Bridge,3,8,11,0,3,0,3,1,0,2,7,0,0,4.85,15.5091,75.01158,NH48_Mumbai_Bangalore,Maharashtra / Karnataka
West Bengal,Kolkata,2021,December,Saturday,11:11,Serious,5,Two-Wheeler,3,3,Foggy,National Highway,Damaged,Daylight,Signals,102,53,Female,Valid,No,Bridge,2,11,12,5,0,1,0,2,0,5,3,0,0,4.85,25.82865,79.49525,NH27_East_West,Rajasthan / MP / UP
Himachal Pradesh,Unknown,2021,November,Wednesday,1:57,Minor,1,Two-Wheeler,1,3,Stormy,Urban Road,Damaged,Dark,,107,62,Female,Expired,Yes,Straight Road,1,1,11,2,2,4,0,0,1,1,1,0,0,4.24,25.74033,82.28992,NH19_Delhi_Kolkata,Uttar Pradesh / Bihar
Kerala,Unknown,2021,December,Monday,0:51,Fatal,1,Two-Wheeler,4,4,Hazy,State Highway,Under Construction,Daylight,,87,53,Female,,No,Intersection,3,0,12,0,1,2,2,2,0,1,4,0,0,6.67,21.47046,87.23028,NH16_Kolkata_Chennai,Odisha / Andhra Pradesh
Bihar,Unknown,2021,May,Wednesday,5:2,Fatal,2,Car,9,2,Foggy,Urban Road,Under Construction,Dawn,Signs,90,39,Female,,No,Intersection,3,5,5,2,2,1,2,1,0,2,9,0,0,6.36,27.7611,77.52009,NH44_Delhi_Agra,Uttar Pradesh
Chandigarh,Unknown,2021,December,Sunday,15:44,Serious,2,Two-Wheeler,1,0,Foggy,State Highway,Dry,Dawn,Signs,58,35,Male,,No,Curve,2,15,12,6,1,1,1,1,0,2,1,0,0,1.52,21.8803,80.25513,NH7_Varanasi_Kanyakumari,MP / Karnataka / TN
Tripura,Unknown,2020,March,Thursday,13:11,Serious,5,Auto-Rickshaw,6,5,Clear,State Highway,Wet,Dark,,95,47,Female,,No,Curve,2,13,3,3,1,0,3,0,0,5,6,0,0,7.58,13.01477,77.5487,NH48_Mumbai_Bangalore,Maharashtra / Karnataka
Kerala,Unknown,2020,March,Wednesday,5:10,Fatal,5,Car,5,5,Clear,Village Road,Wet,Dusk,,58,35,Female,,Yes,Curve,3,5,3,2,3,0,3,3,1,5,5,0,0,8.48,15.24871,74.14114,NH66_West_Coast,Maharashtra / Kerala
Madhya Pradesh,Unknown,2023,April,Monday,8:20,Serious,2,Cycle,10,1,Foggy,Urban Road,Under Construction,Dusk,,98,44,Female,,No,Bridge,2,8,4,0,2,1,2,3,0,2,10,0,0,5.15,24.18457,84.27756,NH30_Patna_Visakhapatnam,Chhattisgarh
Delhi,New Delhi,2022,April,Monday,16:22,Fatal,3,Cycle,2,2,Stormy,National Highway,Dry,Dark,Signals,80,20,Male,Valid,Yes,Curve,3,16,4,0,0,4,1,0,1,3,2,0,0,4.85,12.99599,77.63338,NH48_Mumbai_Bangalore,Maharashtra / Karnataka
Himachal Pradesh,Unknown,2021,March,Tuesday,20:13,Minor,1,Truck,9,3,Rainy,Village Road,Damaged,Dark,Police Checkpost,96,28,Male,Valid,Yes,Straight Road,1,20,3,1,3,3,0,0,1,1,9,0,0,6.67,21.11567,79.0848,NH7_Varanasi_Kanyakumari,MP / Karnataka / TN
Nagaland,Unknown,2023,December,Monday,11:7,Fatal,4,Two-Wheeler,4,4,Rainy,State Highway,Wet,Dark,Signals,39,27,Male,Expired,Yes,Curve,3,11,12,0,1,3,3,0,1,4,4,0,0,7.27,18.5476,73.88061,NH9_Pune_Hyderabad,Maharashtra / Telangana
West Bengal,Siliguri,2018,April,Tuesday,4:23,Minor,4,Pedestrian,0,5,Foggy,National Highway,Damaged,Dark,,51,54,Female,Valid,Yes,Bridge,1,4,4,1,0,1,0,0,1,4,0,0,0,5.76,23.00533,80.44867,NH7_Varanasi_Kanyakumari,MP / Karnataka / TN
Tripura,Unknown,2020,January,Wednesday,11:42,Serious,3,Bus,2,5,Rainy,Village Road,Dry,Dusk,Signals,46,43,Male,Expired,No,Straight Road,2,11,1,2,3,3,1,3,0,3,2,0,0,6.36,26.18527,78.49255,NH44_Agra_Nagpur,Madhya Pradesh
Mizoram,Unknown,2019,October,Tuesday,0:6,Fatal,1,Truck,3,0,Clear,National Highway,Dry,Dusk,Signs,75,56,Male,Valid,No,Intersection,3,0,10,1,0,0,1,3,0,1,3,0,0,2.73,21.81667,72.09146,NH48_Delhi_Mumbai,Rajasthan / Gujarat
Meghalaya,Unknown,2020,January,Wednesday,4:39,Fatal,4,Two-Wheeler,8,0,Clear,Urban Road,Dry,Dusk,,68,59,Male,Expired,No,Bridge,3,4,1,2,2,0,1,3,0,4,8,0,0,4.24,24.88256,84.83124,NH30_Patna_Visakhapatnam,Chhattisgarh
Mizoram,Unknown,2018,February,Thursday,1:52,Minor,5,Car,9,5,Rainy,State Highway,Damaged,Dawn,Signs,107,48,Male,,No,Straight Road,1,1,2,3,1,3,0,1,0,5,9,0,0,7.88,27.4092,78.22638,NH19_Delhi_Kolkata,Uttar Pradesh / Bihar
Mizoram,Unknown,2022,September,Tuesday,1:27,Serious,5,Two-Wheeler,1,0,Stormy,Village Road,Under Construction,Daylight,Signs,80,57,Male,Valid,Yes,Curve,2,1,9,1,3,4,2,2,1,5,1,0,0,2.12,19.90041,78.71418,NH44_Nagpur_Hyderabad,Telangana
Sikkim,Unknown,2022,April,Saturday,22:16,Minor,4,Bus,9,4,Foggy,Urban Road,Under Construction,Daylight,,115,22,Male,Expired,No,Intersection,1,22,4,5,2,1,2,2,0,4,9,0,0,6.97,24.92553,82.41988,NH7_Varanasi_Kanyakumari,MP / Karnataka / TN
Punjab,Unknown,2021,March,Sunday,17:57,Serious,2,Truck,2,0,Hazy,State Highway,Damaged,Dusk,,44,54,Male,,No,Curve,2,17,3,6,1,2,0,3,0,2,2,0,0,1.82,23.0502,80.52527,NH7_Varanasi_Kanyakumari,MP / Karnataka / TN
Jharkhand,Unknown,2018,February,Saturday,6:48,Minor,1,Truck,5,0,Hazy,National Highway,Wet,Dusk,Signals,67,25,Male,Valid,Yes,Straight Road,1,6,2,5,0,2,3,3,1,1,5,0,0,2.73,14.87916,79.94768,NH16_Kolkata_Chennai,Odisha / Andhra Pradesh
Chandigarh,Unknown,2019,May,Tuesday,21:59,Serious,1,Truck,5,5,Clear,Village Road,Under Construction,Daylight,Signals,97,55,Female,Valid,Yes,Curve,2,21,5,1,3,0,2,2,1,1,5,0,0,7.88,28.2471,77.81623,NH19_Delhi_Kolkata,Uttar Pradesh / Bihar
Puducherry,Unknown,2019,December,Sunday,16:18,Serious,5,Bus,6,5,Hazy,Urban Road,Dry,Dawn,Signs,79,65,Female,,Yes,Curve,2,16,12,6,2,2,1,1,1,5,6,0,0,8.18,13.80799,75.61311,NH48_Mumbai_Bangalore,Maharashtra / Karnataka
West Bengal,Kolkata,2020,October,Thursday,3:43,Minor,3,Car,10,4,Hazy,State Highway,Dry,Dark,,63,27,Female,Expired,No,Straight Road,1,3,10,3,1,2,1,0,0,3,10,0,0,7.27,18.68176,73.21933,NH66_West_Coast,Maharashtra / Kerala
Punjab,Unknown,2022,January,Tuesday,7:41,Fatal,5,Two-Wheeler,9,2,Foggy,Urban Road,Dry,Dark,Signals,84,39,Male,Valid,Yes,Bridge,3,7,1,1,2,1,1,0,1,5,9,0,0,6.97,24.91202,82.40863,NH7_Varanasi_Kanyakumari,MP / Karnataka / TN
Odisha,Unknown,2022,April,Thursday,3:40,Serious,3,Bus,1,3,Foggy,National Highway,Dry,Dusk,Signs,43,65,Male,Valid,No,Intersection,2,3,4,3,0,1,1,3,0,3,1,0,0,4.24,26.80963,80.95369,NH19_Delhi_Kolkata,Uttar Pradesh / Bihar
Telangana,Unknown,2023,July,Tuesday,16:57,Fatal,2,Car,9,4,Hazy,State Highway,Dry,Dusk,Police Checkpost,39,27,Female,Expired,Yes,Bridge,3,16,7,1,1,2,1,3,1,2,9,0,0,8.79,13.69842,79.4599,NH16_Kolkata_Chennai,Odisha / Andhra Pradesh
Himachal Pradesh,Unknown,2020,January,Wednesday,8:47,Fatal,3,Cycle,4,4,Clear,Village Road,Dry,Dark,Signals,35,62,Male,Valid,No,Bridge,3,8,1,2,3,0,1,0,0,3,4,0,0,6.67,32.16569,77.05427,NH22_Shimla_Manali,Himachal Pradesh
Punjab,Unknown,2019,October,Monday,22:10,Minor,4,Truck,2,3,Rainy,State Highway,Damaged,Daylight,,32,24,Female,Expired,Yes,Curve,1,22,10,0,1,3,0,2,1,4,2,0,0,4.55,24.16567,73.39245,NH48_Delhi_Mumbai,Rajasthan / Gujarat
Arunachal Pradesh,Unknown,2018,June,Saturday,9:44,Minor,4,Truck,9,1,Hazy,Village Road,Wet,Dusk,Signals,95,18,Female,Expired,No,Intersection,1,9,6,5,3,2,3,3,0,4,9,0,0,4.24,20.70273,81.90804,NH30_Patna_Visakhapatnam,Chhattisgarh
Mizoram,Unknown,2019,September,Thursday,11:47,Minor,3,Two-Wheeler,4,2,Stormy,National Highway,Wet,Dark,Police Checkpost,82,54,Male,Valid,No,Straight Road,1,11,9,3,0,4,3,0,0,3,4,0,0,3.64,27.64441,77.54839,NH44_Delhi_Agra,Uttar Pradesh
Telangana,Unknown,2018,January,Tuesday,23:21,Minor,5,Cycle,6,5,Stormy,Urban Road,Wet,Dusk,Signs,101,25,Male,,Yes,Bridge,1,23,1,1,2,4,3,3,1,5,6,0,0,7.58,17.18059,76.20444,NH9_Pune_Hyderabad,Maharashtra / Telangana
Jammu and Kashmir,Unknown,2023,April,Sunday,23:55,Serious,2,Pedestrian,8,5,Foggy,Urban Road,Dry,Daylight,Police Checkpost,51,40,Female,,No,Intersection,2,23,4,6,2,1,1,2,0,2,8,0,0,8.18,28.30306,76.94829,NH48_Delhi_Mumbai,Rajasthan / Gujarat
Assam,Unknown,2021,February,Friday,5:46,Serious,1,Two-Wheeler,0,3,Stormy,National Highway,Wet,Dusk,,88,67,Male,Expired,Yes,Bridge,2,5,2,4,0,4,3,3,1,1,0,0,0,4.55,8.89496,77.3987,NH66_West_Coast,Maharashtra / Kerala
Chhattisgarh,Unknown,2022,February,Monday,20:21,Serious,1,Two-Wheeler,8,0,Stormy,National Highway,Wet,Dark,Police Checkpost,107,67,Female,,Yes,Straight Road,2,20,2,0,0,4,3,0,1,1,8,0,0,4.24,33.58413,75.0938,NH44_North,Jammu & Kashmir
Gujarat,Vadodara,2021,April,Wednesday,5:56,Serious,5,Bus,7,3,Rainy,Village Road,Wet,Dark,Police Checkpost,33,43,Female,Expired,Yes,Straight Road,2,5,4,2,3,3,3,0,1,5,7,0,0,6.67,19.72294,73.21809,NH48_Delhi_Mumbai,Rajasthan / Gujarat
Chandigarh,Unknown,2021,January,Monday,8:34,Minor,4,Two-Wheeler,4,2,Stormy,Village Road,Under Construction,Dusk,Signals,120,33,Female,,No,Curve,1,8,1,0,3,4,2,3,0,4,4,0,0,3.64,23.47793,88.83966,NH52_Barasat_Guwahati,West Bengal / Assam
Karnataka,Mysore,2021,February,Monday,8:0,Minor,2,Car,7,0,Stormy,Village Road,Wet,Dusk,Signals,72,22,Male,Valid,No,Bridge,1,8,2,0,3,4,3,3,0,2,7,0,0,2.73,24.53025,78.98783,NH44_Agra_Nagpur,Madhya Pradesh
Gujarat,Vadodara,2018,January,Thursday,23:43,Fatal,2,Bus,4,3,Hazy,Urban Road,Damaged,Dawn,Signals,92,63,Male,Valid,No,Intersection,3,23,1,3,2,2,0,1,0,2,4,0,0,5.76,21.10702,79.15288,NH44_Nagpur_Hyderabad,Telangana
Haryana,Unknown,2020,December,Tuesday,8:14,Serious,1,Auto-Rickshaw,8,4,Stormy,Urban Road,Wet,Daylight,,63,31,Male,,No,Straight Road,2,8,12,1,2,4,3,2,0,1,8,0,0,7.27,22.28155,79.18606,NH44_Agra_Nagpur,Madhya Pradesh
Delhi,Dwarka,2021,May,Friday,18:55,Serious,3,Truck,8,2,Hazy,Village Road,Under Construction,Dusk,Signs,66,22,Female,Valid,No,Intersection,2,18,5,4,3,2,2,3,0,3,8,0,0,5.45,24.24287,89.22385,NH52_Barasat_Guwahati,West Bengal / Assam
Madhya Pradesh,Unknown,2021,December,Thursday,15:1,Fatal,1,Auto-Rickshaw,9,3,Rainy,Urban Road,Under Construction,Dusk,Signals,69,30,Male,,No,Curve,3,15,12,3,2,3,2,3,0,1,9,0,0,7.27,12.31455,78.10243,NH44_Bangalore_Chennai,Tamil Nadu
Goa,Unknown,2021,December,Thursday,15:7,Minor,4,Pedestrian,5,3,Stormy,Village Road,Wet,Dark,Signs,59,64,Male,,No,Straight Road,1,15,12,3,3,4,3,0,0,4,5,0,0,4.85,17.43342,78.47313,NH9_Pune_Hyderabad,Maharashtra / Telangana
Manipur,Unknown,2019,January,Thursday,2:34,Serious,5,Pedestrian,6,0,Foggy,Village Road,Dry,Daylight,Signals,30,59,Male,Expired,No,Straight Road,2,2,1,3,3,1,1,2,0,5,6,0,0,3.03,13.04144,74.88223,NH66_West_Coast,Maharashtra / Kerala
Jharkhand,Unknown,2018,June,Wednesday,14:45,Minor,4,Auto-Rickshaw,8,1,Clear,State Highway,Damaged,Daylight,,35,42,Female,Valid,No,Bridge,1,14,6,2,1,0,0,2,0,4,8,0,0,3.94,17.34106,78.46342,NH44_Nagpur_Hyderabad,Telangana
Meghalaya,Unknown,2018,October,Saturday,14:17,Minor,1,Pedestrian,9,1,Rainy,State Highway,Dry,Dark,Police Checkpost,57,29,Female,,No,Intersection,1,14,10,5,1,3,1,0,0,1,9,0,0,4.24,32.25305,77.10401,NH22_Shimla_Manali,Himachal Pradesh
Sikkim,Unknown,2022,March,Sunday,13:41,Minor,4,Car,9,1,Rainy,State Highway,Wet,Dawn,Police Checkpost,53,61,Female,Valid,No,Intersection,1,13,3,6,1,3,3,1,0,4,9,0,0,4.24,16.12397,77.22132,NH44_Hyderabad_Bangalore,Karnataka
Delhi,New Delhi,2020,August,Wednesday,1:50,Fatal,2,Cycle,2,2,Foggy,Village Road,Under Construction,Dusk,Signals,96,26,Male,Valid,Yes,Intersection,3,1,8,2,3,1,2,3,1,2,2,0,0,4.85,20.59067,81.90774,NH30_Patna_Visakhapatnam,Chhattisgarh
West Bengal,Kolkata,2021,May,Wednesday,18:24,Fatal,2,Two-Wheeler,1,4,Clear,State Highway,Damaged,Dawn,Police Checkpost,38,21,Male,Valid,Yes,Curve,3,18,5,2,1,0,0,1,1,2,1,0,0,6.36,20.67565,81.82722,NH30_Patna_Visakhapatnam,Chhattisgarh
Sikkim,Unknown,2021,December,Friday,17:36,Minor,5,Truck,2,4,Rainy,State Highway,Dry,Dark,Police Checkpost,84,45,Male,Expired,Yes,Straight Road,1,17,12,4,1,3,1,0,1,5,2,0,0,5.45,32.42555,77.22353,NH22_Shimla_Manali,Himachal Pradesh
West Bengal,Durgapur,2022,July,Saturday,20:52,Minor,2,Bus,0,4,Hazy,Village Road,Dry,Dark,Police Checkpost,53,65,Male,Expired,Yes,Curve,1,20,7,5,3,2,1,0,1,2,0,0,0,4.85,33.15918,75.497,NH44_North,Jammu & Kashmir
Chhattisgarh,Unknown,2021,May,Friday,16:4,Serious,5,Cycle,5,1,Foggy,National Highway,Dry,Daylight,Signals,45,49,Female,Expired,No,Curve,2,16,5,4,0,1,1,2,0,5,5,0,0,3.64,26.28265,75.30023,NH48_Delhi_Mumbai,Rajasthan / Gujarat
Himachal Pradesh,Unknown,2023,August,Saturday,6:12,Minor,2,Two-Wheeler,2,3,Foggy,National Highway,Dry,Daylight,Signs,49,64,Female,Valid,No,Bridge,1,6,8,5,0,1,1,2,0,2,2,0,0,3.94,18.05441,78.44725,NH44_Nagpur_Hyderabad,Telangana
Uttarakhand,Unknown,2021,December,Friday,16:30,Fatal,1,Pedestrian,7,1,Hazy,Urban Road,Dry,Daylight,,102,61,Female,Expired,Yes,Curve,3,16,12,4,2,2,1,2,1,1,7,0,0,5.45,17.15511,77.29936,NH9_Pune_Hyderabad,Maharashtra / Telangana
Delhi,New Delhi,2018,October,Wednesday,1:9,Serious,3,Cycle,4,4,Hazy,State Highway,Damaged,Dusk,Signals,111,22,Male,,Yes,Bridge,2,1,10,2,1,2,0,3,1,3,4,0,0,6.67,17.67369,78.55523,NH44_Nagpur_Hyderabad,Telangana
Tamil Nadu,Madurai,2020,December,Wednesday,10:20,Serious,3,Two-Wheeler,10,2,Stormy,Urban Road,Damaged,Dark,Signals,90,54,Male,Valid,No,Curve,2,10,12,2,2,4,0,0,0,3,10,0,0,6.06,8.28945,77.27852,NH66_West_Coast,Maharashtra / Kerala
Sikkim,Unknown,2022,January,Sunday,17:3,Serious,4,Pedestrian,9,5,Hazy,State Highway,Wet,Dark,,90,42,Female,,No,Straight Road,2,17,1,6,1,2,3,0,0,4,9,0,0,8.48,19.83143,78.74693,NH44_Nagpur_Hyderabad,Telangana
Sikkim,Unknown,2022,July,Wednesday,18:2,Serious,2,Truck,8,1,Clear,Urban Road,Dry,Dark,,78,22,Male,Valid,No,Curve,2,18,7,2,2,0,1,0,0,2,8,0,0,4.55,17.10981,77.19487,NH9_Pune_Hyderabad,Maharashtra / Telangana
Maharashtra,Pune,2021,April,Thursday,1:39,Fatal,2,Cycle,10,1,Hazy,National Highway,Damaged,Dawn,,112,55,Female,,Yes,Straight Road,3,1,4,3,0,2,0,1,1,2,10,0,0,6.36,14.89854,74.17498,NH66_West_Coast,Maharashtra / Kerala
Goa,Unknown,2018,June,Friday,11:11,Minor,3,Pedestrian,4,2,Stormy,Urban Road,Under Construction,Dark,Signals,46,36,Male,,No,Intersection,1,11,6,4,2,4,2,0,0,3,4,0,0,3.64,27.16689,82.42366,NH27_East_West,Rajasthan / MP / UP
Andhra Pradesh,Tirupati,2023,August,Thursday,18:8,Serious,4,Bus,1,1,Stormy,Village Road,Dry,Dawn,Signs,45,53,Female,Expired,No,Bridge,2,18,8,3,3,4,1,1,0,4,1,0,0,2.42,21.70531,69.54494,NH27_East_West,Rajasthan / MP / UP
Puducherry,Unknown,2022,July,Friday,19:23,Minor,1,Truck,9,0,Foggy,Village Road,Dry,Dawn,Signals,78,40,Male,Expired,Yes,Intersection,1,19,7,4,3,1,1,1,1,1,9,0,0,3.94,15.93889,77.1415,NH44_Hyderabad_Bangalore,Karnataka
Meghalaya,Unknown,2020,March,Thursday,19:29,Serious,1,Two-Wheeler,10,2,Foggy,State Highway,Under Construction,Dark,,119,27,Female,Expired,Yes,Curve,2,19,3,3,1,1,2,0,1,1,10,0,0,6.67,23.87835,79.12494,NH44_Agra_Nagpur,Madhya Pradesh
Telangana,Unknown,2023,November,Thursday,0:7,Serious,5,Pedestrian,6,3,Rainy,Urban Road,Wet,Dusk,Police Checkpost,37,60,Female,,Yes,Curve,2,0,11,3,2,3,3,3,1,5,6,0,0,6.36,23.08714,72.57383,NH27_East_West,Rajasthan / MP / UP
Tamil Nadu,Madurai,2020,June,Saturday,21:55,Serious,1,Truck,3,1,Foggy,Urban Road,Wet,Daylight,,58,70,Male,,Yes,Straight Road,2,21,6,5,2,1,3,2,1,1,3,0,0,3.64,22.98164,79.51494,NH44_Agra_Nagpur,Madhya Pradesh
Mizoram,Unknown,2020,July,Wednesday,23:44,Serious,1,Cycle,7,4,Rainy,State Highway,Wet,Dark,Signals,109,60,Male,Valid,No,Curve,2,23,7,2,1,3,3,0,0,1,7,0,0,6.97,17.74207,83.27024,NH16_Kolkata_Chennai,Odisha / Andhra Pradesh
Andhra Pradesh,Visakhapatnam,2018,December,Friday,0:27,Minor,4,Auto-Rickshaw,1,5,Foggy,Village Road,Wet,Dark,Signals,86,51,Female,Valid,Yes,Straight Road,1,0,12,4,3,1,3,0,1,4,1,0,0,6.06,32.23733,74.92335,NH44_North,Jammu & Kashmir
Uttar Pradesh,Varanasi,2023,July,Saturday,8:58,Minor,1,Pedestrian,1,3,Foggy,Urban Road,Wet,Dawn,,30,59,Male,Valid,Yes,Bridge,1,8,7,5,2,1,3,1,1,1,1,0,0,4.24,12.07503,78.40264,NH44_Bangalore_Chennai,Tamil Nadu
Chandigarh,Unknown,2018,April,Wednesday,9:55,Minor,5,Pedestrian,9,2,Foggy,Urban Road,Damaged,Daylight,,81,54,Male,,No,Straight Road,1,9,4,2,2,1,0,2,0,5,9,0,0,5.15,9.46469,77.29659,NH66_West_Coast,Maharashtra / Kerala
Mizoram,Unknown,2023,February,Sunday,16:59,Minor,2,Bus,2,2,Foggy,Urban Road,Damaged,Dusk,Police Checkpost,56,60,Female,,Yes,Curve,1,16,2,6,2,1,0,3,1,2,2,0,0,3.64,27.45355,78.23493,NH19_Delhi_Kolkata,Uttar Pradesh / Bihar
Odisha,Unknown,2022,September,Tuesday,8:8,Fatal,4,Car,6,3,Rainy,Urban Road,Wet,Daylight,Signs,53,40,Female,,Yes,Bridge,3,8,9,1,2,3,3,2,1,4,6,0,0,6.97,27.43981,76.47653,NH48_Delhi_Mumbai,Rajasthan / Gujarat
Telangana,Unknown,2018,December,Sunday,18:0,Minor,3,Bus,8,2,Clear,State Highway,Under Construction,Daylight,,114,46,Female,Expired,Yes,Intersection,1,18,12,6,1,0,2,2,1,3,8,0,0,5.45,30.78666,79.58323,NH58_Delhi_Badrinath,Uttarakhand
Karnataka,Bangalore,2021,October,Friday,13:8,Minor,1,Pedestrian,2,3,Stormy,Urban Road,Dry,Dawn,Signs,97,37,Male,Expired,No,Straight Road,1,13,10,4,2,4,1,1,0,1,2,0,0,3.94,30.4189,79.48468,NH58_Delhi_Badrinath,Uttarakhand
Chhattisgarh,Unknown,2022,January,Saturday,16:40,Serious,1,Car,8,2,Hazy,Village Road,Wet,Dawn,,109,51,Female,Expired,No,Intersection,2,16,1,5,3,2,3,1,0,1,8,0,0,5.45,19.4608,81.2397,NH30_Patna_Visakhapatnam,Chhattisgarh
Kerala,Unknown,2023,July,Saturday,7:11,Serious,4,Cycle,2,0,Rainy,National Highway,Dry,Dawn,,96,66,Male,,Yes,Curve,2,7,7,5,0,3,1,1,1,4,2,0,0,2.42,26.95158,75.83977,NH48_Delhi_Mumbai,Rajasthan / Gujarat
Madhya Pradesh,Unknown,2018,August,Thursday,11:19,Minor,4,Cycle,0,4,Hazy,Urban Road,Dry,Daylight,Signals,46,63,Female,Valid,Yes,Bridge,1,11,8,3,2,2,1,2,1,4,0,0,0,4.85,25.48435,78.52874,NH44_Agra_Nagpur,Madhya Pradesh
Delhi,Rohini,2018,May,Saturday,19:26,Serious,4,Bus,0,1,Rainy,State Highway,Wet,Daylight,Signs,30,52,Female,,Yes,Bridge,2,19,5,5,1,3,3,2,1,4,0,0,0,2.73,18.47302,73.82737,NH9_Pune_Hyderabad,Maharashtra / Telangana
Puducherry,Unknown,2023,February,Saturday,23:48,Minor,3,Two-Wheeler,6,5,Stormy,Village Road,Under Construction,Dusk,Police Checkpost,55,68,Female,Valid,No,Bridge,1,23,2,5,3,4,2,3,0,3,6,0,0,6.97,13.6983,77.45621,NH44_Hyderabad_Bangalore,Karnataka
Gujarat,Vadodara,2021,April,Sunday,21:9,Fatal,3,Cycle,3,1,Stormy,Urban Road,Dry,Daylight,Police Checkpost,47,49,Female,,Yes,Straight Road,3,21,4,6,2,4,1,2,1,3,3,0,0,4.24,27.42948,77.74404,NH44_Delhi_Agra,Uttar Pradesh
Delhi,Dwarka,2021,October,Wednesday,5:12,Serious,5,Two-Wheeler,8,4,Foggy,Village Road,Damaged,Daylight,,72,19,Female,Expired,No,Intersection,2,5,10,2,3,1,0,2,0,5,8,0,0,7.27,29.25192,77.95165,NH58_Delhi_Badrinath,Uttarakhand
West Bengal,Siliguri,2022,March,Sunday,7:43,Minor,5,Pedestrian,6,0,Rainy,Village Road,Under Construction,Dark,Signals,41,43,Male,Expired,Yes,Curve,1,7,3,6,3,3,2,0,1,5,6,0,0,3.03,26.82084,78.20427,NH44_Agra_Nagpur,Madhya Pradesh