State Name,City Name,Year,Month,Day of Week,Time of Day,Accident Severity,Number of Vehicles Involved,Vehicle Type Involved,Number of Casualties,Number of Fatalities,Weather Conditions,Road Type,Road Condition,Lighting Conditions,Traffic Control Presence,Speed Limit (km/h),Driver Age,Driver Gender,Driver License Status,Alcohol Involvement,Accident Location Details,severity,hour,month,day_enc,road_type_enc,weather_enc,road_cond_enc,lighting_enc,alcohol,num_vehicles,num_casualties,junction_enc,cause_enc,risk_score,latitude,longitude,highway,state_region
West Bengal,Kolkata,2020,April,Thursday,7:27,Minor,3,Two-Wheeler,8,0,Hazy,National Highway,Damaged,Dark,Police Checkpost,77,39,Female,Valid,No,Bridge,1,7,4,3,0,2,0,0,0,3,8,0,0,3.03,12.8949,77.66828,NH44_Bangalore_Chennai,Tamil Nadu
Bihar,Unknown,2023,December,Monday,1:50,Serious,2,Bus,10,1,Hazy,State Highway,Wet,Dusk,Signs,116,55,Male,,No,Intersection,2,1,12,0,1,2,3,3,0,2,10,0,0,5.15,32.39557,77.27373,NH22_Shimla_Manali,Himachal Pradesh
Maharashtra,Pune,2022,April,Monday,17:33,Minor,3,Pedestrian,7,1,Rainy,State Highway,Wet,Dark,Police Checkpost,78,42,Male,Valid,Yes,Intersection,1,17,4,0,1,3,3,0,1,3,7,0,0,4.24,13.14896,77.54354,NH44_Hyderabad_Bangalore,Karnataka
Mizoram,Unknown,2023,April,Sunday,23:14,Fatal,1,Two-Wheeler,4,5,Stormy,National Highway,Dry,Dawn,Police Checkpost,46,66,Female,Valid,Yes,Bridge,3,23,4,6,0,4,1,1,1,1,4,0,0,8.18,27.1634,78.01249,NH44_Delhi_Agra,Uttar Pradesh
Jharkhand,Unknown,2020,August,Thursday,0:49,Minor,1,Bus,1,0,Stormy,Urban Road,Under Construction,Daylight,,86,53,Female,Expired,Yes,Bridge,1,0,8,3,2,4,2,2,1,1,1,0,0,1.52,21.47452,82.41386,NH30_Patna_Visakhapatnam,Chhattisgarh
Jammu and Kashmir,Unknown,2020,March,Monday,6:1,Minor,3,Bus,2,1,Hazy,National Highway,Dry,Daylight,Signals,87,61,Female,,Yes,Intersection,1,6,3,0,0,2,1,2,1,3,2,0,0,2.73,19.0449,72.84568,NH48_Delhi_Mumbai,Rajasthan / Gujarat
Arunachal Pradesh,Unknown,2020,July,Friday,13:31,Minor,4,Car,8,2,Clear,Urban Road,Damaged,Dawn,Signals,110,70,Male,Valid,No,Intersection,1,13,7,4,2,0,0,1,0,4,8,0,0,4.85,24.16561,84.53602,NH19_Delhi_Kolkata,Uttar Pradesh / Bihar
Bihar,Unknown,2020,December,Monday,5:34,Serious,5,Cycle,4,2,Hazy,Urban Road,Wet,Daylight,Police Checkpost,43,40,Female,Expired,No,Curve,2,5,12,0,2,2,3,2,0,5,4,0,0,4.24,24.94189,82.40186,NH7_Varanasi_Kanyakumari,MP / Karnataka / TN
Rajasthan,Udaipur,2023,June,Tuesday,7:25,Fatal,4,Cycle,5,2,Foggy,Urban Road,Dry,Dawn,,64,67,Male,Valid,No,Bridge,3,7,6,1,2,1,1,1,0,4,5,0,0,5.15,26.87757,75.80051,NH48_Delhi_Mumbai,Rajasthan / Gujarat
Gujarat,Ahmedabad,2022,December,Friday,11:41,Fatal,3,Auto-Rickshaw,3,2,Foggy,Urban Road,Damaged,Dark,Signals,117,57,Female,Expired,Yes,Curve,3,11,12,4,2,1,0,0,1,3,3,0,0,5.15,21.13067,79.056,NH44_Nagpur_Hyderabad,Telangana
Maharashtra,Pune,2019,February,Saturday,17:31,Minor,5,Car,10,2,Rainy,National Highway,Under Construction,Daylight,,60,38,Female,Expired,No,Intersection,1,17,2,5,0,3,2,2,0,5,10,0,0,5.45,21.17862,79.1073,NH44_Nagpur_Hyderabad,Telangana
Gujarat,Surat,2021,June,Saturday,1:42,Fatal,3,Two-Wheeler,9,0,Clear,Urban Road,Wet,Dawn,,37,63,Female,Expired,No,Bridge,3,1,6,5,2,0,3,1,0,3,9,0,0,4.55,24.2996,75.89051,NH27_East_West,Rajasthan / MP / UP
West Bengal,Kolkata,2021,December,Thursday,8:32,Serious,4,Truck,5,1,Stormy,Village Road,Dry,Dawn,Police Checkpost,100,61,Male,Expired,No,Curve,2,8,12,3,3,4,1,1,0,4,5,0,0,3.64,27.73957,77.50157,NH44_Delhi_Agra,Uttar Pradesh
Maharashtra,Pune,2022,February,Wednesday,11:27,Fatal,5,Car,6,2,Stormy,State Highway,Wet,Dawn,,44,36,Female,Expired,Yes,Intersection,3,11,2,2,1,4,3,1,1,5,6,0,0,6.06,19.08987,72.89431,NH48_Delhi_Mumbai,Rajasthan / Gujarat
Meghalaya,Unknown,2021,November,Wednesday,19:51,Fatal,3,Truck,0,3,Rainy,State Highway,Dry,Dark,Signals,98,24,Female,,No,Straight Road,3,19,11,2,1,3,1,0,0,3,0,0,0,4.55,16.58612,73.2991,NH48_Mumbai_Bangalore,Maharashtra / Karnataka
Tamil Nadu,Madurai,2020,January,Thursday,19:22,Minor,1,Pedestrian,2,2,Hazy,Village Road,Dry,Dark,,114,64,Female,,Yes,Straight Road,1,19,1,3,3,2,1,0,1,1,2,0,0,3.64,20.5601,79.01109,NH44_Nagpur_Hyderabad,Telangana
Andhra Pradesh,Visakhapatnam,2020,December,Thursday,9:48,Minor,4,Auto-Rickshaw,10,1,Stormy,State Highway,Wet,Daylight,,80,40,Male,,Yes,Bridge,1,9,12,3,1,4,3,2,1,4,10,0,0,5.15,24.20195,89.24767,NH52_Barasat_Guwahati,West Bengal / Assam
Goa,Unknown,2019,November,Wednesday,21:30,Serious,3,Car,8,2,Stormy,State Highway,Wet,Daylight,,114,33,Female,Valid,No,Bridge,2,21,11,2,1,4,3,2,0,3,8,0,0,5.45,31.05039,77.15987,NH22_Shimla_Manali,Himachal Pradesh
Puducherry,Unknown,2021,March,Thursday,11:52,Minor,5,Two-Wheeler,2,5,Hazy,State Highway,Damaged,Dusk,Signs,30,27,Female,Valid,Yes,Curve,1,11,3,3,1,2,0,3,1,5,2,0,0,6.36,13.26711,77.50962,NH48_Mumbai_Bangalore,Maharashtra / Karnataka
Punjab,Unknown,2022,November,Tuesday,9:44,Fatal,2,Two-Wheeler,7,0,Foggy,State Highway,Damaged,Dawn,,94,22,Male,Expired,Yes,Bridge,3,9,11,1,1,1,0,1,1,2,7,0,0,4.55,18.14053,78.4383,NH44_Nagpur_Hyderabad,Telangana
Jharkhand,Unknown,2020,June,Thursday,22:16,Serious,1,Bus,8,2,Foggy,Village Road,Dry,Dark,,120,56,Male,Valid,No,Straight Road,2,22,6,3,3,1,1,0,0,1,8,0,0,5.45,28.44616,77.21961,NH44_Delhi_Agra,Uttar Pradesh
Odisha,Unknown,2019,September,Monday,16:12,Serious,4,Bus,6,5,Hazy,Urban Road,Under Construction,Daylight,Signs,44,68,Female,Expired,Yes,Straight Road,2,16,9,0,2,2,2,2,1,4,6,0,0,8.18,19.29555,78.50387,NH44_Nagpur_Hyderabad,Telangana
Telangana,Unknown,2022,March,Sunday,9:30,Serious,3,Auto-Rickshaw,10,2,Stormy,Village Road,Dry,Dawn,Signs,82,60,Male,,No,Bridge,2,9,3,6,3,4,1,1,0,3,10,0,0,6.06,10.7454,76.25814,NH66_West_Coast,Maharashtra / Kerala
Goa,Unknown,2019,April,Thursday,5:36,Fatal,1,Pedestrian,0,1,Hazy,National Highway,Wet,Dusk,Signals,106,36,Female,Valid,Yes,Bridge,3,5,4,3,0,2,3,3,1,1,0,0,0,3.33,25.33473,83.041,NH7_Varanasi_Kanyakumari,MP / Karnataka / TN
Kerala,Unknown,2019,March,Friday,15:33,Minor,2,Pedestrian,7,5,Rainy,National Highway,Dry,Dusk,,38,46,Female,,Yes,Bridge,1,15,3,4,0,3,1,3,1,2,7,0,0,7.88,12.15777,78.51404,NH44_Bangalore_Chennai,Tamil Nadu
Odisha,Unknown,2018,March,Monday,5:31,Minor,3,Car,1,1,Clear,Urban Road,Under Construction,Daylight,Signals,33,62,Male,Valid,No,Bridge,1,5,3,0,2,0,2,2,0,3,1,0,0,1.82,26.83582,80.96528,NH19_Delhi_Kolkata,Uttar Pradesh / Bihar
Tamil Nadu,Coimbatore,2020,December,Saturday,13:54,Fatal,3,Bus,8,4,Hazy,Village Road,Damaged,Dusk,,80,68,Male,Valid,Yes,Curve,3,13,12,5,3,2,0,3,1,3,8,0,0,8.48,32.50608,74.99356,NH44_North,Jammu & Kashmir
Andhra Pradesh,Visakhapatnam,2022,November,Tuesday,13:7,Fatal,5,Auto-Rickshaw,10,5,Stormy,State Highway,Under Construction,Dark,Signs,105,35,Female,Valid,No,Intersection,3,13,11,1,1,4,2,0,0,5,10,0,0,9.39,21.48597,87.17679,NH16_Kolkata_Chennai,Odisha / Andhra Pradesh
Kerala,Unknown,2018,October,Wednesday,14:56,Serious,2,Truck,8,2,Foggy,Village Road,Dry,Dusk,,101,62,Male,,Yes,Curve,2,14,10,2,3,1,1,3,1,2,8,0,0,6.06,17.591,78.62461,NH44_Nagpur_Hyderabad,Telangana
Andhra Pradesh,Tirupati,2021,April,Monday,6:26,Minor,5,Pedestrian,4,4,Stormy,Village Road,Under Construction,Daylight,Signs,106,36,Female,Expired,No,Intersection,1,6,4,0,3,4,2,2,0,5,4,0,0,5.45,34.04302,74.76491,NH44_North,Jammu & Kashmir
Nagaland,Unknown,2021,August,Sunday,16:13,Minor,5,Bus,1,2,Hazy,State Highway,Damaged,Dark,Signs,55,24,Male,,No,Straight Road,1,16,8,6,1,2,0,0,0,5,1,0,0,2.73,17.36468,78.47647,NH44_Nagpur_Hyderabad,Telangana
Goa,Unknown,2021,September,Sunday,7:29,Minor,5,Auto-Rickshaw,8,5,Clear,State Highway,Wet,Dark,Signals,36,33,Male,,No,Curve,1,7,9,6,1,0,3,0,0,5,8,0,0,7.58,21.1692,79.03036,NH44_Nagpur_Hyderabad,Telangana
Tamil Nadu,Coimbatore,2021,April,Monday,11:23,Minor,2,Truck,7,0,Stormy,Urban Road,Wet,Dusk,,30,39,Female,Valid,No,Straight Road,1,11,4,0,2,4,3,3,0,2,7,0,0,2.73,13.5099,77.43966,NH7_Varanasi_Kanyakumari,MP / Karnataka / TN
Chhattisgarh,Unknown,2020,April,Tuesday,2:23,Minor,3,Car,5,4,Rainy,State Highway,Wet,Daylight,Signs,49,50,Female,Expired,Yes,Intersection,1,2,4,1,1,3,3,2,1,3,5,0,0,6.36,22.61215,88.34964,NH19_Delhi_Kolkata,Uttar Pradesh / Bihar
Arunachal Pradesh,Unknown,2023,May,Friday,8:34,Minor,1,Pedestrian,2,4,Rainy,State Highway,Under Construction,Dusk,Police Checkpost,77,66,Male,,Yes,Straight Road,1,8,5,4,1,3,2,3,1,1,2,0,0,5.45,24.90931,77.237,NH27_East_West,Rajasthan / MP / UP
Sikkim,Unknown,2018,October,Saturday,13:27,Fatal,2,Cycle,5,1,Hazy,State Highway,Dry,Dusk,Police Checkpost,81,68,Female,,Yes,Bridge,3,13,10,5,1,2,1,3,1,2,5,0,0,4.85,28.30285,77.12687,NH44_Delhi_Agra,Uttar Pradesh
Mizoram,Unknown,2020,February,Thursday,20:53,Minor,4,Cycle,3,2,Rainy,State Highway,Under Construction,Daylight,Signs,83,48,Female,Valid,No,Intersection,1,20,2,3,1,3,2,2,0,4,3,0,0,3.33,21.42364,82.43758,NH30_Patna_Visakhapatnam,Chhattisgarh
Delhi,Rohini,2020,March,Saturday,15:3,Serious,3,Auto-Rickshaw,1,5,Clear,State Highway,Dry,Dawn,Signals,97,46,Female,,No,Straight Road,2,15,3,5,1,0,1,1,0,3,1,0,0,6.06,18.4559,73.89423,NH9_Pune_Hyderabad,Maharashtra / Telangana
Telangana,Unknown,2022,March,Sunday,16:33,Minor,1,Pedestrian,6,2,Hazy,Urban Road,Dry,Dusk,Signs,76,18,Female,Expired,No,Straight Road,1,16,3,6,2,2,1,3,0,1,6,0,0,4.24,23.67331,73.28071,NH48_Delhi_Mumbai,Rajasthan / Gujarat
Arunachal Pradesh,Unknown,2019,November,Sunday,20:56,Serious,2,Pedestrian,3,2,Clear,National Highway,Wet,Daylight,Signals,50,54,Male,Expired,Yes,Bridge,2,20,11,6,0,0,3,2,1,2,3,0,0,4.55,28.25491,77.93708,NH19_Delhi_Kolkata,Uttar Pradesh / Bihar
Uttar Pradesh,Lucknow,2020,November,Tuesday,8:12,Minor,1,Pedestrian,9,4,Clear,Village Road,Dry,Daylight,Signs,75,61,Male,Valid,No,Curve,1,8,11,1,3,0,1,2,0,1,9,0,0,6.97,28.31301,77.20791,NH44_Delhi_Agra,Uttar Pradesh
Jharkhand,Unknown,2021,May,Monday,2:14,Serious,3,Truck,3,4,Stormy,Urban Road,Wet,Dawn,Signs,75,68,Female,,No,Straight Road,2,2,5,0,2,4,3,1,0,3,3,0,0,5.76,25.42815,89.98737,NH52_Barasat_Guwahati,West Bengal / Assam
Sikkim,Unknown,2023,October,Sunday,6:39,Minor,3,Auto-Rickshaw,1,2,Rainy,State Highway,Dry,Dark,Police Checkpost,58,67,Male,,No,Bridge,1,6,10,6,1,3,1,0,0,3,1,0,0,2.73,27.34596,77.6934,NH44_Delhi_Agra,Uttar Pradesh
Assam,Unknown,2020,March,Tuesday,3:5,Minor,5,Pedestrian,2,2,Stormy,National Highway,Damaged,Dawn,Police Checkpost,45,30,Female,,Yes,Straight Road,1,3,3,1,0,4,0,1,1,5,2,0,0,3.64,16.11035,77.25572,NH44_Hyderabad_Bangalore,Karnataka
Kerala,Unknown,2023,February,Sunday,19:40,Fatal,3,Two-Wheeler,0,1,Hazy,Village Road,Wet,Dark,,75,63,Male,Expired,Yes,Curve,3,19,2,6,3,2,3,0,1,3,0,0,0,3.33,18.06866,78.4583,NH44_Nagpur_Hyderabad,Telangana
Uttar Pradesh,Varanasi,2022,September,Saturday,15:44,Serious,2,Cycle,0,0,Clear,National Highway,Dry,Dark,,92,40,Female,Valid,Yes,Curve,2,15,9,5,0,0,1,0,1,2,0,0,0,1.82,23.02155,83.48688,NH30_Patna_Visakhapatnam,Chhattisgarh
Karnataka,Bangalore,2022,December,Thursday,20:14,Minor,1,Two-Wheeler,5,3,Stormy,Village Road,Wet,Dusk,,76,42,Male,,No,Bridge,1,20,12,3,3,4,3,3,0,1,5,0,0,4.85,29.17946,77.95749,NH58_Delhi_Badrinath,Uttarakhand
Puducherry,Unknown,2021,August,Saturday,11:52,Minor,5,Pedestrian,4,4,Stormy,Village Road,Wet,Dawn,Signs,100,40,Female,Expired,Yes,Bridge,1,11,8,5,3,4,3,1,1,5,4,0,0,6.06,12.88347,79.84168,NH44_Bangalore_Chennai,Tamil Nadu
Telangana,Unknown,2023,May,Monday,13:6,Serious,1,Auto-Rickshaw,3,5,Rainy,Village Road,Damaged,Dark,Police Checkpost,55,45,Female,Expired,Yes,Bridge,2,13,5,0,3,3,0,0,1,1,3,0,0,7.27,11.20709,75.93393,NH66_West_Coast,Maharashtra / Kerala
Kerala,Unknown,2020,February,Monday,8:52,Fatal,2,Bus,2,2,Stormy,National Highway,Under Construction,Dawn,,105,32,Female,Valid,No,Intersection,3,8,2,0,0,4,2,1,0,2,2,0,0,4.24,23.00551,80.43829,NH7_Varanasi_Kanyakumari,MP / Karnataka / TN
Gujarat,Surat,2022,March,Monday,16:36,Minor,5,Two-Wheeler,6,2,Hazy,National Highway,Wet,Dark,Signals,100,26,Female,Expired,No,Straight Road,1,16,3,0,0,2,3,0,0,5,6,0,0,4.24,16.98661,78.4015,NH44_Hyderabad_Bangalore,Karnataka
Odisha,Unknown,2021,June,Thursday,16:41,Serious,5,Bus,5,2,Rainy,Urban Road,Under Construction,Daylight,,82,70,Female,Expired,Yes,Curve,2,16,6,3,2,3,2,2,1,5,5,0,0,5.15,27.68044,77.51914,NH44_Delhi_Agra,Uttar Pradesh
Delhi,Dwarka,2023,October,Tuesday,0:28,Serious,1,Car,10,5,Hazy,Village Road,Damaged,Daylight,Police Checkpost,115,56,Female,,Yes,Intersection,2,0,10,1,3,2,0,2,1,1,10,0,0,9.39,31.50981,77.21227,NH22_Shimla_Manali,Himachal Pradesh
Goa,Unknown,2020,February,Saturday,8:30,Fatal,5,Auto-Rickshaw,9,3,Rainy,Urban Road,Dry,Dawn,Signs,114,57,Female,Valid,No,Straight Road,3,8,2,5,2,3,1,1,0,5,9,0,0,7.27,24.16586,84.51443,NH19_Delhi_Kolkata,Uttar Pradesh / Bihar
Gujarat,Surat,2018,April,Saturday,6:18,Minor,3,Bus,1,5,Stormy,State Highway,Under Construction,Dark,Signs,31,40,Male,Valid,Yes,Curve,1,6,4,5,1,4,2,0,1,3,1,0,0,6.06,25.2901,83.03415,NH19_Delhi_Kolkata,Uttar Pradesh / Bihar
Nagaland,Unknown,2019,March,Saturday,2:10,Fatal,3,Cycle,8,0,Stormy,Village Road,Wet,Dark,Police Checkpost,46,62,Male,Expired,No,Curve,3,2,3,5,3,4,3,0,0,3,8,0,0,4.24,17.64415,78.60069,NH44_Nagpur_Hyderabad,Telangana
Gujarat,Surat,2022,January,Wednesday,21:10,Serious,4,Truck,6,1,Rainy,State Highway,Dry,Dawn,Signs,110,52,Male,Expired,Yes,Curve,2,21,1,2,1,3,1,1,1,4,6,0,0,4.55,32.48854,77.23609,NH22_Shimla_Manali,Himachal Pradesh
Goa,Unknown,2018,June,Sunday,16:22,Fatal,1,Truck,3,1,Stormy,Village Road,Under Construction,Dawn,Signs,94,39,Female,,Yes,Straight Road,3,16,6,6,3,4,2,1,1,1,3,0,0,4.24,26.79233,78.22199,NH44_Agra_Nagpur,Madhya Pradesh
Mizoram,Unknown,2023,August,Monday,11:24,Fatal,1,Cycle,9,1,Clear,Urban Road,Wet,Dark,Signs,100,28,Female,Valid,Yes,Curve,3,11,8,0,2,0,3,0,1,1,9,0,0,6.06,10.73601,76.25285,NH66_West_Coast,Maharashtra / Kerala
Uttarakhand,Unknown,2018,June,Thursday,22:37,Serious,4,Auto-Rickshaw,9,0,Rainy,Village Road,Dry,Dark,Police Checkpost,102,50,Female,Expired,Yes,Straight Road,2,22,6,3,3,3,1,0,1,4,9,0,0,4.55,23.45869,88.89109,NH52_Barasat_Guwahati,West Bengal / Assam
Madhya Pradesh,Unknown,2020,June,Tuesday,12:6,Serious,4,Cycle,10,2,Foggy,State Highway,Wet,Dark,Police Checkpost,97,42,Male,Valid,Yes,Curve,2,12,6,1,1,1,3,0,1,4,10,0,0,6.67,17.61812,78.53446,NH44_Nagpur_Hyderabad,Telangana
Meghalaya,Unknown,2022,October,Monday,11:32,Minor,5,Two-Wheeler,2,0,Stormy,Urban Road,Under Construction,Daylight,Police Checkpost,76,31,Female,Valid,Yes,Curve,1,11,10,0,2,4,2,2,1,5,2,0,0,1.82,12.89228,79.88396,NH44_Bangalore_Chennai,Tamil Nadu
Nagaland,Unknown,2020,July,Monday,6:13,Fatal,5,Auto-Rickshaw,5,0,Rainy,Urban Road,Under Construction,Dusk,,75,31,Female,Expired,Yes,Bridge,3,6,7,0,2,3,2,3,1,5,5,0,0,3.94,28.61973,77.2365,NH48_Delhi_Mumbai,Rajasthan / Gujarat
Delhi,Dwarka,2021,January,Friday,5:0,Minor,3,Pedestrian,8,5,Stormy,Village Road,Dry,Dark,Signs,49,64,Male,Valid,Yes,Straight Road,1,5,1,4,3,4,1,0,1,3,8,0,0,8.18,22.53051,88.33986,NH16_Kolkata_Chennai,Odisha / Andhra Pradesh
Delhi,Dwarka,2023,September,Saturday,14:20,Minor,3,Truck,10,0,Rainy,Urban Road,Dry,Dawn,Signals,113,65,Female,Expired,No,Straight Road,1,14,9,5,2,3,1,1,0,3,10,0,0,3.64,21.6604,69.61355,NH27_East_West,Rajasthan / MP / UP
Punjab,Unknown,2020,May,Friday,23:17,Minor,2,Pedestrian,10,0,Hazy,State Highway,Wet,Dusk,Signs,61,61,Male,,Yes,Straight Road,1,23,5,4,1,2,3,3,1,2,10,0,0,4.24,28.5134,77.26864,NH44_Delhi_Agra,Uttar Pradesh
Uttar Pradesh,Kanpur,2023,November,Wednesday,19:28,Minor,5,Truck,8,0,Rainy,Village Road,Wet,Dawn,,43,56,Male,,Yes,Straight Road,1,19,11,2,3,3,3,1,1,5,8,0,0,3.64,24.90289,83.83488,NH19_Delhi_Kolkata,Uttar Pradesh / Bihar
Delhi,New Delhi,2020,July,Friday,21:15,Serious,1,Car,8,0,Clear,Urban Road,Under Construction,Dusk,Police Checkpost,81,68,Male,Expired,Yes,Straight Road,2,21,7,4,2,0,2,3,1,1,8,0,0,4.24,20.14805,73.49422,NH48_Delhi_Mumbai,Rajasthan / Gujarat
Madhya Pradesh,Unknown,2018,November,Friday,21:37,Fatal,2,Two-Wheeler,1,2,Hazy,State Highway,Wet,Dawn,Signs,41,38,Male,Valid,No,Intersection,3,21,11,4,1,2,3,1,0,2,1,0,0,3.94,25.26754,83.04799,NH7_Varanasi_Kanyakumari,MP / Karnataka / TN
Maharashtra,Nagpur,2022,March,Sunday,6:30,Serious,2,Truck,10,3,Clear,National Highway,Damaged,Dusk,Police Checkpost,86,58,Male,Valid,No,Curve,2,6,3,6,0,0,0,3,0,2,10,0,0,6.97,27.66714,77.61599,NH44_Delhi_Agra,Uttar Pradesh
Assam,Unknown,2019,September,Tuesday,22:38,Serious,3,Bus,6,5,Rainy,State Highway,Dry,Daylight,Police Checkpost,42,69,Male,,Yes,Intersection,2,22,9,1,1,3,1,2,1,3,6,0,0,8.18,20.53246,78.9184,NH44_Nagpur_Hyderabad,Telangana
Jharkhand,Unknown,2022,January,Friday,18:51,Minor,5,Pedestrian,10,4,Stormy,Village Road,Damaged,Dawn,,86,19,Male,,No,Bridge,1,18,1,4,3,4,0,1,0,5,10,0,0,7.27,19.07111,72.92938,NH66_West_Coast,Maharashtra / Kerala
Tamil Nadu,Madurai,2023,October,Monday,3:27,Fatal,5,Pedestrian,5,5,Foggy,Village Road,Wet,Dusk,Signs,99,20,Male,Valid,No,Intersection,3,3,10,0,3,1,3,3,0,5,5,0,0,7.88,19.21071,78.58382,NH44_Nagpur_Hyderabad,Telangana
Punjab,Unknown,2020,January,Tuesday,1:14,Minor,4,Truck,10,2,Clear,Village Road,Under Construction,Dusk,Police Checkpost,89,58,Female,Expired,No,Straight Road,1,1,1,1,3,0,2,3,0,4,10,0,0,5.45,27.50088,78.22064,NH19_Delhi_Kolkata,Uttar Pradesh / Bihar
Sikkim,Unknown,2020,January,Wednesday,17:33,Minor,1,Cycle,2,1,Stormy,State Highway,Under Construction,Daylight,Signs,89,54,Male,Expired,No,Straight Road,1,17,1,2,1,4,2,2,0,1,2,0,0,2.12,23.3966,86.1073,NH19_Delhi_Kolkata,Uttar Pradesh / Bihar
Tamil Nadu,Madurai,2023,November,Saturday,5:54,Minor,1,Auto-Rickshaw,10,1,Clear,State Highway,Damaged,Daylight,Signals,31,64,Male,Valid,Yes,Bridge,1,5,11,5,1,0,0,2,1,1,10,0,0,5.15,24.20332,84.19311,NH30_Patna_Visakhapatnam,Chhattisgarh
Delhi,New Delhi,2020,January,Wednesday,10:56,Fatal,4,Car,1,1,Rainy,Village Road,Wet,Dusk,,75,69,Female,Valid,No,Intersection,3,10,1,2,3,3,3,3,0,4,1,0,0,3.03,27.39652,77.73985,NH44_Delhi_Agra,Uttar Pradesh
Meghalaya,Unknown,2019,October,Monday,19:31,Minor,3,Truck,10,0,Hazy,State Highway,Under Construction,Dawn,Signs,103,29,Female,Expired,No,Bridge,1,19,10,0,1,2,2,1,0,3,10,0,0,3.64,9.88238,77.52344,NH7_Varanasi_Kanyakumari,MP / Karnataka / TN
Goa,Unknown,2023,September,Wednesday,15:22,Serious,4,Car,6,3,Rainy,National Highway,Damaged,Dusk,,113,64,Male,Valid,Yes,Intersection,2,15,9,2,0,3,0,3,1,4,6,0,0,6.36,22.61453,88.35469,NH19_Delhi_Kolkata,Uttar Pradesh / Bihar
Punjab,Unknown,2021,February,Saturday,0:23,Fatal,4,Cycle,8,4,Hazy,Urban Road,Under Construction,Dusk,Signs,71,56,Male,Valid,No,Bridge,3,0,2,5,2,2,2,3,0,4,8,0,0,7.88,11.17,77.86849,NH7_Varanasi_Kanyakumari,MP / Karnataka / TN
Arunachal Pradesh,Unknown,2018,December,Tuesday,11:57,Minor,2,Cycle,7,1,Rainy,Urban Road,Under Construction,Dusk,Signs,35,35,Female,Valid,Yes,Straight Road,1,11,12,1,2,3,2,3,1,2,7,0,0,4.24,27.39415,77.67362,NH44_Delhi_Agra,Uttar Pradesh
Uttarakhand,Unknown,2023,August,Thursday,12:40,Minor,5,Pedestrian,0,5,Clear,State Highway,Under Construction,Dark,Signs,79,43,Male,,No,Straight Road,1,12,8,3,1,0,2,0,0,5,0,0,0,5.15,19.01234,72.85599,NH48_Delhi_Mumbai,Rajasthan / Gujarat
Mizoram,Unknown,2020,December,Tuesday,4:51,Fatal,3,Auto-Rickshaw,7,1,Hazy,State Highway,Damaged,Daylight,Police Checkpost,54,50,Female,Expired,Yes,Bridge,3,4,12,1,1,2,0,2,1,3,7,0,0,5.45,11.28039,77.92393,NH7_Varanasi_Kanyakumari,MP / Karnataka / TN
Himachal Pradesh,Unknown,2023,December,Saturday,2:42,Fatal,2,Auto-Rickshaw,2,1,Clear,National Highway,Under Construction,Daylight,,86,24,Female,Expired,Yes,Intersection,3,2,12,5,0,0,2,2,1,2,2,0,0,3.94,28.27219,77.01878,NH48_Delhi_Mumbai,Rajasthan / Gujarat
West Bengal,Kolkata,2021,March,Saturday,4:35,Minor,4,Cycle,10,2,Hazy,Village Road,Dry,Daylight,,32,68,Male,Expired,Yes,Curve,1,4,3,5,3,2,1,2,1,4,10,0,0,6.06,27.00165,78.12972,NH44_Delhi_Agra,Uttar Pradesh
Nagaland,Unknown,2022,February,Monday,4:41,Minor,1,Cycle,8,0,Stormy,Urban Road,Damaged,Daylight,Signals,57,54,Male,Valid,Yes,Intersection,1,4,2,0,2,4,0,2,1,1,8,0,0,3.64,25.49842,89.87852,NH27_East_West,Rajasthan / MP / UP
Puducherry,Unknown,2023,December,Monday,12:51,Minor,3,Cycle,7,0,Rainy,National Highway,Wet,Daylight,Police Checkpost,104,64,Female,Expired,No,Curve,1,12,12,0,0,3,3,2,0,3,7,0,0,2.73,23.89301,79.15285,NH44_Agra_Nagpur,Madhya Pradesh
Andhra Pradesh,Visakhapatnam,2018,May,Tuesday,0:25,Minor,2,Bus,6,0,Foggy,Urban Road,Wet,Dark,,86,24,Female,,Yes,Straight Road,1,0,5,1,2,1,3,0,1,2,6,0,0,3.03,24.56457,73.67171,NH48_Delhi_Mumbai,Rajasthan / Gujarat
Assam,Unknown,2018,April,Friday,15:50,Serious,3,Pedestrian,4,0,Clear,Village Road,Under Construction,Dusk,,119,70,Male,Valid,Yes,Bridge,2,15,4,4,3,0,2,3,1,3,4,0,0,3.03,23.00176,79.44664,NH44_Agra_Nagpur,Madhya Pradesh
Madhya Pradesh,Unknown,2022,January,Sunday,6:48,Serious,3,Cycle,3,1,Hazy,Village Road,Damaged,Dusk,Signals,110,24,Male,Valid,No,Straight Road,2,6,1,6,3,2,0,3,0,3,3,0,0,3.03,18.24503,80.89453,NH30_Patna_Visakhapatnam,Chhattisgarh
Himachal Pradesh,Unknown,2021,May,Saturday,0:14,Serious,5,Auto-Rickshaw,5,3,Clear,National Highway,Damaged,Dawn,Signals,99,27,Male,Valid,Yes,Bridge,2,0,5,5,0,0,0,1,1,5,5,0,0,6.06,23.44007,79.35739,NH44_Agra_Nagpur,Madhya Pradesh