State Name,City Name,Year,Month,Day of Week,Time of Day,Accident Severity,Number of Vehicles Involved,Vehicle Type Involved,Number of Casualties,Number of Fatalities,Weather Conditions,Road Type,Road Condition,Lighting Conditions,Traffic Control Presence,Speed Limit (km/h),Driver Age,Driver Gender,Driver License Status,Alcohol Involvement,Accident Location Details,severity,hour,month,day_enc,road_type_enc,weather_enc,road_cond_enc,lighting_enc,alcohol,num_vehicles,num_casualties,junction_enc,cause_enc,risk_score,latitude,longitude,highway,state_region
Jharkhand,Unknown,2020,August,Tuesday,19:14,Minor,3,Truck,10,2,Rainy,Urban Road,Damaged,Dark,Signs,79,37,Male,,Yes,Intersection,1,19,8,1,2,3,0,0,1,3,10,0,0,6.06,26.20248,78.5131,NH44_Agra_Nagpur,Madhya Pradesh
Odisha,Unknown,2019,May,Sunday,10:35,Minor,5,Cycle,5,1,Hazy,State Highway,Dry,Dusk,Police Checkpost,45,56,Male,Expired,Yes,Bridge,1,10,5,6,1,2,1,3,1,5,5,0,0,3.64,24.88411,91.88785,NH27_East_West,Rajasthan / MP / UP
Odisha,Unknown,2018,January,Thursday,8:38,Fatal,4,Car,9,3,Rainy,State Highway,Damaged,Dawn,Signs,88,42,Female,,No,Bridge,3,8,1,3,1,3,0,1,0,4,9,0,0,7.27,25.46606,78.58933,NH44_Agra_Nagpur,Madhya Pradesh
Telangana,Unknown,2021,July,Wednesday,21:54,Serious,3,Auto-Rickshaw,2,4,Foggy,Village Road,Damaged,Dawn,Police Checkpost,76,23,Male,,No,Intersection,2,21,7,2,3,1,0,1,0,3,2,0,0,5.45,22.23866,83.00615,NH30_Patna_Visakhapatnam,Chhattisgarh
Tripura,Unknown,2021,April,Wednesday,1:39,Minor,3,Truck,7,5,Rainy,State Highway,Wet,Dark,Police Checkpost,81,58,Male,Expired,No,Straight Road,1,1,4,2,1,3,3,0,0,3,7,0,0,7.27,19.08002,72.92263,NH66_West_Coast,Maharashtra / Kerala
Goa,Unknown,2018,July,Tuesday,12:16,Fatal,1,Bus,1,1,Hazy,Urban Road,Damaged,Daylight,Police Checkpost,98,52,Male,Expired,Yes,Intersection,3,12,7,1,2,2,0,2,1,1,1,0,0,3.64,22.59366,88.40933,NH19_Delhi_Kolkata,Uttar Pradesh / Bihar
Chhattisgarh,Unknown,2023,November,Thursday,11:52,Fatal,2,Car,3,3,Rainy,Urban Road,Under Construction,Dawn,,65,52,Male,Expired,Yes,Straight Road,3,11,11,3,2,3,2,1,1,2,3,0,0,6.06,27.72409,77.60092,NH44_Delhi_Agra,Uttar Pradesh
Punjab,Unknown,2019,August,Wednesday,11:43,Fatal,2,Pedestrian,0,3,Rainy,Village Road,Wet,Dark,Police Checkpost,108,33,Female,Valid,Yes,Curve,3,11,8,2,3,3,3,0,1,2,0,0,0,5.15,15.91614,74.02531,NH66_West_Coast,Maharashtra / Kerala
Uttar Pradesh,Lucknow,2022,October,Wednesday,4:58,Serious,3,Two-Wheeler,8,5,Rainy,Village Road,Under Construction,Dusk,,112,24,Male,Valid,No,Curve,2,4,10,2,3,3,2,3,0,3,8,0,0,8.18,19.06653,72.81136,NH66_West_Coast,Maharashtra / Kerala
Telangana,Unknown,2022,April,Sunday,19:7,Fatal,2,Cycle,0,3,Clear,Village Road,Damaged,Dusk,,118,25,Female,Valid,Yes,Straight Road,3,19,4,6,3,0,0,3,1,2,0,0,0,5.15,18.11113,78.51038,NH44_Nagpur_Hyderabad,Telangana
Nagaland,Unknown,2023,February,Thursday,4:25,Serious,1,Bus,9,5,Clear,State Highway,Dry,Dark,Signals,81,46,Male,Expired,Yes,Curve,2,4,2,3,1,0,1,0,1,1,9,0,0,9.09,29.58946,78.25736,NH58_Delhi_Badrinath,Uttarakhand
Kerala,Unknown,2019,January,Monday,17:2,Minor,4,Pedestrian,6,2,Stormy,Urban Road,Wet,Dusk,Signals,91,50,Female,,No,Bridge,1,17,1,0,2,4,3,3,0,4,6,0,0,4.24,12.83415,79.87799,NH44_Bangalore_Chennai,Tamil Nadu
Jammu and Kashmir,Unknown,2022,October,Tuesday,0:22,Serious,3,Bus,0,1,Rainy,Urban Road,Dry,Dusk,Signs,95,29,Male,Valid,No,Intersection,2,0,10,1,2,3,1,3,0,3,0,0,0,2.12,15.36846,74.16956,NH66_West_Coast,Maharashtra / Kerala
Himachal Pradesh,Unknown,2019,May,Tuesday,22:55,Fatal,1,Car,0,1,Rainy,State Highway,Damaged,Daylight,Signals,37,67,Female,Expired,No,Bridge,3,22,5,1,1,3,0,2,0,1,0,0,0,2.73,29.27778,78.01596,NH58_Delhi_Badrinath,Uttarakhand
Delhi,Rohini,2018,February,Tuesday,15:58,Serious,2,Bus,3,3,Rainy,Urban Road,Dry,Daylight,Signals,81,69,Female,Valid,No,Intersection,2,15,2,1,2,3,1,2,0,2,3,0,0,4.85,11.30384,77.85173,NH7_Varanasi_Kanyakumari,MP / Karnataka / TN
Karnataka,Mangalore,2018,March,Friday,15:42,Fatal,4,Bus,2,2,Clear,State Highway,Damaged,Daylight,Signs,89,57,Female,Valid,No,Intersection,3,15,3,4,1,0,0,2,0,4,2,0,0,4.24,12.9178,74.87122,NH66_West_Coast,Maharashtra / Kerala
Karnataka,Mangalore,2019,August,Tuesday,5:26,Serious,2,Two-Wheeler,3,5,Clear,National Highway,Damaged,Dusk,Police Checkpost,76,47,Male,Valid,Yes,Intersection,2,5,8,1,0,0,0,3,1,2,3,0,0,7.27,25.43053,90.05156,NH52_Barasat_Guwahati,West Bengal / Assam
Madhya Pradesh,Unknown,2022,June,Monday,1:3,Minor,4,Car,7,3,Foggy,Urban Road,Dry,Dusk,Signals,32,69,Male,Expired,Yes,Bridge,1,1,6,0,2,1,1,3,1,4,7,0,0,6.06,17.27372,76.24327,NH9_Pune_Hyderabad,Maharashtra / Telangana
Manipur,Unknown,2021,November,Thursday,19:25,Fatal,5,Bus,6,1,Foggy,Village Road,Wet,Dark,Signals,104,38,Male,Valid,Yes,Intersection,3,19,11,3,3,1,3,0,1,5,6,0,0,5.15,12.02948,78.91901,NH44_Bangalore_Chennai,Tamil Nadu
Gujarat,Surat,2019,October,Friday,10:23,Serious,3,Pedestrian,4,0,Rainy,State Highway,Dry,Daylight,Signals,107,23,Female,Valid,Yes,Straight Road,2,10,10,4,1,3,1,2,1,3,4,0,0,3.03,8.26286,77.20725,NH66_West_Coast,Maharashtra / Kerala
Rajasthan,Jaipur,2018,October,Saturday,4:24,Minor,1,Bus,9,2,Rainy,Urban Road,Wet,Dusk,Signs,79,64,Male,Expired,No,Intersection,1,4,10,5,2,3,3,3,0,1,9,0,0,5.15,25.48238,78.55507,NH44_Agra_Nagpur,Madhya Pradesh
Tamil Nadu,Madurai,2021,April,Thursday,5:29,Minor,2,Auto-Rickshaw,1,5,Clear,National Highway,Under Construction,Dusk,Police Checkpost,84,30,Male,Valid,Yes,Intersection,1,5,4,3,0,0,2,3,1,2,1,0,0,6.06,19.24533,73.0557,NH48_Delhi_Mumbai,Rajasthan / Gujarat
Karnataka,Mysore,2018,April,Saturday,6:45,Fatal,3,Car,0,3,Hazy,Urban Road,Dry,Dark,,98,54,Female,Valid,No,Straight Road,3,6,4,5,2,2,1,0,0,3,0,0,0,4.55,12.48066,74.71438,NH66_West_Coast,Maharashtra / Kerala
Arunachal Pradesh,Unknown,2021,January,Friday,2:56,Serious,3,Truck,1,4,Foggy,State Highway,Dry,Dark,Police Checkpost,51,21,Female,Expired,No,Intersection,2,2,1,4,1,1,1,0,0,3,1,0,0,5.15,24.28558,89.21708,NH52_Barasat_Guwahati,West Bengal / Assam
Uttarakhand,Unknown,2023,February,Saturday,12:5,Minor,2,Pedestrian,9,4,Stormy,Village Road,Wet,Dusk,,66,65,Male,,No,Curve,1,12,2,5,3,4,3,3,0,2,9,0,0,6.97,26.93963,75.7847,NH48_Delhi_Mumbai,Rajasthan / Gujarat
Punjab,Unknown,2018,June,Saturday,3:58,Minor,1,Truck,8,1,Rainy,National Highway,Under Construction,Dusk,Signals,74,49,Male,,No,Bridge,1,3,6,5,0,3,2,3,0,1,8,0,0,3.94,28.25493,77.91862,NH19_Delhi_Kolkata,Uttar Pradesh / Bihar
Chhattisgarh,Unknown,2019,October,Tuesday,16:0,Fatal,5,Cycle,0,1,Clear,National Highway,Damaged,Daylight,Signals,33,37,Male,Valid,No,Intersection,3,16,10,1,0,0,0,2,0,5,0,0,0,2.73,15.87656,80.29689,NH16_Kolkata_Chennai,Odisha / Andhra Pradesh
Sikkim,Unknown,2023,August,Sunday,7:19,Serious,4,Car,0,1,Stormy,State Highway,Wet,Dusk,Signs,59,23,Male,Expired,Yes,Intersection,2,7,8,6,1,4,3,3,1,4,0,0,0,2.73,29.25885,77.96924,NH58_Delhi_Badrinath,Uttarakhand
Chandigarh,Unknown,2022,December,Saturday,17:58,Serious,4,Auto-Rickshaw,7,2,Clear,Urban Road,Dry,Daylight,Police Checkpost,64,67,Male,Expired,No,Straight Road,2,17,12,5,2,0,1,2,0,4,7,0,0,5.15,21.89443,80.17161,NH7_Varanasi_Kanyakumari,MP / Karnataka / TN
Delhi,Dwarka,2023,February,Tuesday,10:44,Fatal,5,Two-Wheeler,7,2,Rainy,Urban Road,Damaged,Dawn,Signals,62,25,Male,Valid,Yes,Bridge,3,10,2,1,2,3,0,1,1,5,7,0,0,6.36,14.47681,75.64654,NH48_Mumbai_Bangalore,Maharashtra / Karnataka
West Bengal,Siliguri,2021,October,Sunday,3:52,Minor,1,Two-Wheeler,7,4,Hazy,National Highway,Wet,Daylight,Signals,51,54,Male,Valid,Yes,Intersection,1,3,10,6,0,2,3,2,1,1,7,0,0,6.97,23.0009,79.41111,NH44_Agra_Nagpur,Madhya Pradesh
Chhattisgarh,Unknown,2018,August,Thursday,7:49,Minor,4,Auto-Rickshaw,9,3,Clear,State Highway,Dry,Dark,Signals,40,36,Male,,No,Bridge,1,7,8,3,1,0,1,0,0,4,9,0,0,6.06,18.66516,84.22741,NH16_Kolkata_Chennai,Odisha / Andhra Pradesh
Uttarakhand,Unknown,2018,August,Saturday,1:43,Minor,4,Pedestrian,1,4,Hazy,Village Road,Dry,Dawn,Police Checkpost,44,53,Female,Expired,No,Intersection,1,1,8,5,3,2,1,1,0,4,1,0,0,4.55,24.80868,82.49507,NH7_Varanasi_Kanyakumari,MP / Karnataka / TN
Maharashtra,Pune,2021,May,Saturday,19:55,Fatal,5,Auto-Rickshaw,9,4,Stormy,Urban Road,Dry,Dark,Signals,85,21,Male,Expired,Yes,Intersection,3,19,5,5,2,4,1,0,1,5,9,0,0,8.79,13.2275,77.44968,NH48_Mumbai_Bangalore,Maharashtra / Karnataka
Manipur,Unknown,2022,February,Wednesday,3:53,Fatal,3,Car,10,3,Foggy,National Highway,Under Construction,Daylight,Signs,114,18,Female,,No,Intersection,3,3,2,2,0,1,2,2,0,3,10,0,0,7.58,18.65903,84.23239,NH16_Kolkata_Chennai,Odisha / Andhra Pradesh
Goa,Unknown,2020,March,Thursday,16:29,Fatal,2,Two-Wheeler,3,1,Foggy,State Highway,Dry,Dusk,Police Checkpost,81,42,Female,Expired,Yes,Curve,3,16,3,3,1,1,1,3,1,2,3,0,0,4.24,22.35683,72.28073,NH48_Delhi_Mumbai,Rajasthan / Gujarat
Haryana,Unknown,2022,July,Sunday,5:35,Minor,3,Two-Wheeler,9,2,Hazy,State Highway,Under Construction,Dusk,,33,46,Male,Expired,Yes,Curve,1,5,7,6,1,2,2,3,1,3,9,0,0,5.76,16.13465,74.469,NH48_Mumbai_Bangalore,Maharashtra / Karnataka
Uttar Pradesh,Kanpur,2022,November,Friday,0:13,Fatal,1,Car,5,2,Stormy,State Highway,Damaged,Dusk,,72,53,Male,Valid,No,Intersection,3,0,11,4,1,4,0,3,0,1,5,0,0,5.15,19.01044,72.86627,NH48_Delhi_Mumbai,Rajasthan / Gujarat
Jammu and Kashmir,Unknown,2020,March,Thursday,5:53,Minor,3,Truck,10,2,Rainy,State Highway,Damaged,Dark,Police Checkpost,112,54,Female,Valid,No,Bridge,1,5,3,3,1,3,0,0,0,3,10,0,0,5.45,27.02828,78.08748,NH44_Delhi_Agra,Uttar Pradesh
Assam,Unknown,2020,March,Thursday,7:38,Fatal,4,Two-Wheeler,9,3,Stormy,Village Road,Under Construction,Dusk,,38,58,Male,Valid,Yes,Intersection,3,7,3,3,3,4,2,3,1,4,9,0,0,7.88,13.59357,79.47382,NH16_Kolkata_Chennai,Odisha / Andhra Pradesh
Nagaland,Unknown,2018,January,Thursday,13:18,Fatal,3,Auto-Rickshaw,1,3,Foggy,Village Road,Damaged,Dusk,Signs,44,65,Male,,No,Intersection,3,13,1,3,3,1,0,3,0,3,1,0,0,4.85,17.90924,74.84611,NH9_Pune_Hyderabad,Maharashtra / Telangana
Gujarat,Ahmedabad,2022,November,Wednesday,7:41,Minor,2,Bus,9,4,Rainy,National Highway,Damaged,Dawn,Police Checkpost,117,54,Female,Valid,No,Bridge,1,7,11,2,0,3,0,1,0,2,9,0,0,6.97,24.19208,84.19427,NH30_Patna_Visakhapatnam,Chhattisgarh
Uttar Pradesh,Varanasi,2023,July,Thursday,21:57,Minor,3,Two-Wheeler,4,5,Rainy,Urban Road,Wet,Daylight,Signs,44,24,Male,,Yes,Straight Road,1,21,7,3,2,3,3,2,1,3,4,0,0,6.97,17.70966,83.35371,NH16_Kolkata_Chennai,Odisha / Andhra Pradesh
Kerala,Unknown,2021,January,Thursday,0:49,Fatal,1,Truck,1,4,Clear,State Highway,Under Construction,Daylight,,106,41,Female,,Yes,Bridge,3,0,1,3,1,0,2,2,1,1,1,0,0,6.36,23.43465,83.86696,NH30_Patna_Visakhapatnam,Chhattisgarh
Jammu and Kashmir,Unknown,2020,May,Sunday,7:19,Serious,3,Cycle,3,1,Stormy,Urban Road,Wet,Dark,Police Checkpost,94,70,Female,,No,Bridge,2,7,5,6,2,4,3,0,0,3,3,0,0,3.03,20.17236,73.51732,NH48_Delhi_Mumbai,Rajasthan / Gujarat
Maharashtra,Nagpur,2023,August,Tuesday,4:9,Minor,1,Truck,1,2,Clear,National Highway,Wet,Dark,Police Checkpost,46,29,Male,Valid,Yes,Bridge,1,4,8,1,0,0,3,0,1,1,1,0,0,3.33,28.03452,77.30227,NH44_Delhi_Agra,Uttar Pradesh
Uttar Pradesh,Kanpur,2018,July,Tuesday,22:52,Fatal,3,Pedestrian,0,0,Stormy,National Highway,Dry,Dark,Signals,53,55,Male,Valid,Yes,Straight Road,3,22,7,1,0,4,1,0,1,3,0,0,0,2.42,24.52373,79.04893,NH44_Agra_Nagpur,Madhya Pradesh
Punjab,Unknown,2019,September,Sunday,17:29,Minor,1,Cycle,3,4,Stormy,State Highway,Damaged,Dawn,,36,51,Female,Expired,Yes,Intersection,1,17,9,6,1,4,0,1,1,1,3,0,0,5.76,27.13062,78.01123,NH44_Delhi_Agra,Uttar Pradesh
Rajasthan,Jodhpur,2020,May,Friday,4:44,Fatal,5,Truck,6,1,Foggy,Urban Road,Damaged,Dark,,113,58,Female,,No,Straight Road,3,4,5,4,2,1,0,0,0,5,6,0,0,4.55,14.82202,74.16522,NH66_West_Coast,Maharashtra / Kerala
Gujarat,Surat,2021,October,Sunday,22:53,Minor,5,Auto-Rickshaw,8,1,Hazy,Urban Road,Under Construction,Dusk,Police Checkpost,66,60,Female,Valid,Yes,Curve,1,22,10,6,2,2,2,3,1,5,8,0,0,4.55,22.27276,79.05587,NH44_Agra_Nagpur,Madhya Pradesh
Mizoram,Unknown,2020,November,Saturday,17:57,Minor,3,Bus,10,2,Foggy,State Highway,Under Construction,Dark,Signals,89,49,Female,Expired,No,Bridge,1,17,11,5,1,1,2,0,0,3,10,0,0,5.45,29.63374,78.25836,NH58_Delhi_Badrinath,Uttarakhand
Kerala,Unknown,2019,December,Tuesday,8:22,Fatal,2,Cycle,4,1,Hazy,State Highway,Under Construction,Dark,Signs,63,59,Male,,No,Straight Road,3,8,12,1,1,2,2,0,0,2,4,0,0,3.94,27.63382,77.61775,NH44_Delhi_Agra,Uttar Pradesh
Uttar Pradesh,Kanpur,2018,March,Saturday,8:51,Fatal,1,Cycle,7,5,Clear,Urban Road,Under Construction,Daylight,Signs,81,39,Male,Expired,No,Straight Road,3,8,3,5,2,0,2,2,0,1,7,0,0,8.48,22.28505,82.93869,NH30_Patna_Visakhapatnam,Chhattisgarh
Odisha,Unknown,2019,February,Wednesday,21:37,Fatal,1,Auto-Rickshaw,2,3,Hazy,National Highway,Damaged,Daylight,,37,64,Female,Valid,Yes,Bridge,3,21,2,2,0,2,0,2,1,1,2,0,0,5.76,28.3591,77.19693,NH44_Delhi_Agra,Uttar Pradesh
Uttarakhand,Unknown,2020,December,Friday,21:29,Fatal,3,Bus,6,0,Clear,Village Road,Damaged,Dark,Signs,39,54,Male,,No,Curve,3,21,12,4,3,0,0,0,0,3,6,0,0,3.64,16.65099,73.27328,NH48_Mumbai_Bangalore,Maharashtra / Karnataka
Maharashtra,Mumbai,2021,January,Sunday,10:25,Serious,2,Car,4,4,Foggy,Urban Road,Dry,Dusk,Signals,72,24,Female,Valid,Yes,Intersection,2,10,1,6,2,1,1,3,1,2,4,0,0,6.67,12.89336,79.84431,NH44_Bangalore_Chennai,Tamil Nadu
Madhya Pradesh,Unknown,2021,August,Sunday,6:36,Fatal,4,Two-Wheeler,4,2,Rainy,Urban Road,Under Construction,Dawn,,54,28,Male,,Yes,Intersection,3,6,8,6,2,3,2,1,1,4,4,0,0,5.45,28.60584,77.27679,NH19_Delhi_Kolkata,Uttar Pradesh / Bihar
Nagaland,Unknown,2023,December,Saturday,13:40,Minor,4,Car,1,5,Stormy,Village Road,Damaged,Dusk,Signs,95,18,Male,Expired,No,Curve,1,13,12,5,3,4,0,3,0,4,1,0,0,5.45,24.09247,73.43693,NH48_Delhi_Mumbai,Rajasthan / Gujarat
Goa,Unknown,2020,January,Monday,19:51,Minor,2,Auto-Rickshaw,9,1,Stormy,Village Road,Under Construction,Daylight,Police Checkpost,114,22,Female,Expired,No,Curve,1,19,1,0,3,4,2,2,0,2,9,0,0,4.24,21.7664,79.11241,NH44_Agra_Nagpur,Madhya Pradesh
Jammu and Kashmir,Unknown,2020,May,Friday,12:27,Serious,5,Bus,6,0,Rainy,Village Road,Dry,Dark,Police Checkpost,112,34,Female,,No,Straight Road,2,12,5,4,3,3,1,0,0,5,6,0,0,3.03,18.20794,80.88132,NH30_Patna_Visakhapatnam,Chhattisgarh
Kerala,Unknown,2020,February,Wednesday,13:13,Minor,2,Bus,3,0,Rainy,State Highway,Under Construction,Dusk,Signals,57,29,Female,,No,Bridge,1,13,2,2,1,3,2,3,0,2,3,0,0,1.52,28.65112,77.27066,NH58_Delhi_Badrinath,Uttarakhand
Karnataka,Mangalore,2018,January,Wednesday,6:3,Minor,5,Cycle,9,0,Foggy,Village Road,Wet,Dawn,Signs,100,45,Male,,Yes,Curve,1,6,1,2,3,1,3,1,1,5,9,0,0,3.94,33.12051,75.60083,NH44_North,Jammu & Kashmir
Delhi,New Delhi,2020,July,Saturday,9:22,Fatal,3,Truck,1,2,Rainy,State Highway,Under Construction,Dawn,Signals,87,57,Female,Valid,No,Intersection,3,9,7,5,1,3,2,1,0,3,1,0,0,3.94,23.01319,87.00913,NH19_Delhi_Kolkata,Uttar Pradesh / Bihar
Punjab,Unknown,2022,November,Monday,19:32,Fatal,3,Truck,3,0,Stormy,Village Road,Under Construction,Dawn,Signs,32,48,Male,Valid,Yes,Bridge,3,19,11,0,3,4,2,1,1,3,3,0,0,3.33,26.99895,78.09895,NH44_Delhi_Agra,Uttar Pradesh
Tripura,Unknown,2023,May,Saturday,5:8,Fatal,5,Cycle,7,2,Clear,Urban Road,Dry,Dark,Signs,81,43,Male,,Yes,Curve,3,5,5,5,2,0,1,0,1,5,7,0,0,6.36,24.23594,84.59946,NH19_Delhi_Kolkata,Uttar Pradesh / Bihar
Rajasthan,Jodhpur,2019,October,Saturday,15:16,Serious,2,Bus,8,3,Hazy,Village Road,Dry,Dark,Signals,39,68,Female,,No,Intersection,2,15,10,5,3,2,1,0,0,2,8,0,0,6.36,18.47557,73.86348,NH9_Pune_Hyderabad,Maharashtra / Telangana
Uttar Pradesh,Kanpur,2021,July,Thursday,20:34,Serious,2,Pedestrian,6,1,Rainy,National Highway,Wet,Dark,Signals,54,47,Female,,Yes,Curve,2,20,7,3,0,3,3,0,1,2,6,0,0,4.55,23.50774,88.86239,NH52_Barasat_Guwahati,West Bengal / Assam
Puducherry,Unknown,2020,August,Thursday,14:50,Minor,1,Two-Wheeler,6,5,Clear,Urban Road,Under Construction,Dusk,Signals,41,58,Male,Expired,No,Intersection,1,14,8,3,2,0,2,3,0,1,6,0,0,6.97,17.3671,78.50963,NH7_Varanasi_Kanyakumari,MP / Karnataka / TN
Rajasthan,Jodhpur,2021,August,Sunday,2:4,Fatal,1,Pedestrian,5,1,Stormy,National Highway,Wet,Dawn,Signs,106,51,Female,,No,Intersection,3,2,8,6,0,4,3,1,0,1,5,0,0,4.24,23.50566,79.29814,NH44_Agra_Nagpur,Madhya Pradesh
Chandigarh,Unknown,2019,March,Friday,13:38,Serious,4,Two-Wheeler,1,4,Stormy,Village Road,Wet,Dark,Signals,39,53,Male,Expired,No,Straight Road,2,13,3,4,3,4,3,0,0,4,1,0,0,5.15,31.8316,77.5016,NH22_Shimla_Manali,Himachal Pradesh
Assam,Unknown,2022,March,Saturday,23:32,Minor,5,Cycle,2,4,Stormy,Village Road,Damaged,Dawn,Signs,36,37,Female,,Yes,Curve,1,23,3,5,3,4,0,1,1,5,2,0,0,5.45,14.94179,76.55298,NH44_Hyderabad_Bangalore,Karnataka
Meghalaya,Unknown,2022,August,Sunday,4:46,Fatal,5,Cycle,1,5,Foggy,Urban Road,Dry,Dark,,103,65,Female,Expired,Yes,Straight Road,3,4,8,6,2,1,1,0,1,5,1,0,0,7.27,25.48245,78.62216,NH44_Agra_Nagpur,Madhya Pradesh
Uttar Pradesh,Lucknow,2023,March,Tuesday,7:34,Serious,1,Car,6,2,Rainy,State Highway,Dry,Dusk,Signs,80,41,Female,,No,Curve,2,7,3,1,1,3,1,3,0,1,6,0,0,4.85,12.02152,79.01119,NH44_Bangalore_Chennai,Tamil Nadu
Uttar Pradesh,Lucknow,2020,May,Thursday,3:23,Minor,5,Two-Wheeler,5,0,Foggy,Village Road,Wet,Daylight,Signs,44,49,Female,Expired,No,Bridge,1,3,5,3,3,1,3,2,0,5,5,0,0,2.12,18.12581,78.45907,NH44_Nagpur_Hyderabad,Telangana
Kerala,Unknown,2020,June,Thursday,12:50,Fatal,4,Pedestrian,2,1,Stormy,Urban Road,Wet,Dusk,Signals,63,24,Female,,Yes,Curve,3,12,6,3,2,4,3,3,1,4,2,0,0,3.94,24.80609,89.92789,NH52_Barasat_Guwahati,West Bengal / Assam
Telangana,Unknown,2021,February,Monday,5:0,Minor,3,Car,4,0,Clear,Village Road,Wet,Dark,Police Checkpost,53,62,Female,,No,Curve,1,5,2,0,3,0,3,0,0,3,4,0,0,1.82,23.43871,83.83849,NH30_Patna_Visakhapatnam,Chhattisgarh
Madhya Pradesh,Unknown,2020,August,Wednesday,19:46,Fatal,4,Auto-Rickshaw,5,4,Clear,Village Road,Wet,Dark,Signs,60,29,Female,Expired,Yes,Curve,3,19,8,2,3,0,3,0,1,4,5,0,0,7.58,16.99117,78.28813,NH44_Hyderabad_Bangalore,Karnataka
Himachal Pradesh,Unknown,2019,July,Friday,21:19,Minor,1,Truck,9,0,Stormy,National Highway,Dry,Dark,Signs,108,44,Female,,No,Bridge,1,21,7,4,0,4,1,0,0,1,9,0,0,3.33,28.29679,77.93825,NH19_Delhi_Kolkata,Uttar Pradesh / Bihar
Assam,Unknown,2019,June,Friday,1:48,Serious,4,Truck,0,4,Foggy,National Highway,Damaged,Dusk,Signals,36,25,Male,Expired,No,Curve,2,1,6,4,0,1,0,3,0,4,0,0,0,4.85,13.19734,77.51318,NH48_Mumbai_Bangalore,Maharashtra / Karnataka
Meghalaya,Unknown,2023,December,Friday,2:51,Fatal,5,Cycle,0,4,Clear,Urban Road,Damaged,Daylight,Police Checkpost,38,30,Female,Valid,No,Straight Road,3,2,12,4,2,0,0,2,0,5,0,0,0,5.45,28.65215,77.23735,NH19_Delhi_Kolkata,Uttar Pradesh / Bihar
Karnataka,Mysore,2023,July,Sunday,1:5,Fatal,2,Two-Wheeler,1,4,Foggy,Urban Road,Dry,Dawn,Police Checkpost,48,56,Male,,Yes,Curve,3,1,7,6,2,1,1,1,1,2,1,0,0,6.36,16.1132,74.46957,NH48_Mumbai_Bangalore,Maharashtra / Karnataka
Gujarat,Surat,2021,October,Wednesday,8:6,Fatal,2,Truck,2,3,Rainy,Village Road,Damaged,Dark,Police Checkpost,102,68,Male,Valid,No,Bridge,3,8,10,2,3,3,0,0,0,2,2,0,0,5.15,24.8617,82.50186,NH7_Varanasi_Kanyakumari,MP / Karnataka / TN
Delhi,Dwarka,2020,November,Wednesday,20:42,Serious,1,Pedestrian,7,5,Rainy,Urban Road,Wet,Dark,Signs,108,37,Female,,Yes,Straight Road,2,20,11,2,2,3,3,0,1,1,7,0,0,8.48,23.97081,79.05936,NH44_Agra_Nagpur,Madhya Pradesh
Mizoram,Unknown,2021,February,Monday,19:41,Serious,5,Auto-Rickshaw,7,3,Foggy,National Highway,Wet,Daylight,Signs,33,56,Male,,No,Curve,2,19,2,0,0,1,3,2,0,5,7,0,0,6.06,18.00312,73.71148,NH48_Mumbai_Bangalore,Maharashtra / Karnataka
Tamil Nadu,Madurai,2020,September,Sunday,5:29,Fatal,4,Two-Wheeler,1,3,Rainy,Village Road,Damaged,Dusk,Police Checkpost,75,30,Male,Valid,No,Straight Road,3,5,9,6,3,3,0,3,0,4,1,0,0,4.85,24.82328,91.89369,NH27_East_West,Rajasthan / MP / UP
Jammu and Kashmir,Unknown,2020,February,Monday,12:47,Serious,2,Truck,9,1,Clear,Village Road,Under Construction,Dusk,,41,22,Male,Expired,No,Intersection,2,12,2,0,3,0,2,3,0,2,9,0,0,4.85,13.11435,77.61449,NH44_Hyderabad_Bangalore,Karnataka
Jammu and Kashmir,Unknown,2023,June,Sunday,23:53,Fatal,3,Auto-Rickshaw,5,1,Foggy,National Highway,Under Construction,Dark,,70,56,Male,,Yes,Bridge,3,23,6,6,0,1,2,0,1,3,5,0,0,4.85,25.45652,78.52717,NH44_Agra_Nagpur,Madhya Pradesh
Delhi,Dwarka,2018,June,Saturday,10:49,Fatal,5,Bus,7,1,Stormy,National Highway,Damaged,Dark,Signs,109,24,Female,Expired,No,Bridge,3,10,6,5,0,4,0,0,0,5,7,0,0,4.85,12.87227,77.7361,NH44_Bangalore_Chennai,Tamil Nadu
Jammu and Kashmir,Unknown,2020,November,Thursday,3:10,Serious,5,Auto-Rickshaw,7,2,Rainy,Urban Road,Under Construction,Dark,Signs,82,55,Male,,Yes,Straight Road,2,3,11,3,2,3,2,0,1,5,7,0,0,5.76,26.82951,78.19198,NH44_Agra_Nagpur,Madhya Pradesh
Delhi,Dwarka,2021,October,Thursday,22:47,Fatal,4,Car,0,2,Foggy,Village Road,Wet,Dawn,Signs,37,20,Female,Valid,No,Straight Road,3,22,10,3,3,1,3,1,0,4,0,0,0,3.64,27.12757,77.98319,NH44_Delhi_Agra,Uttar Pradesh
Nagaland,Unknown,2019,January,Wednesday,10:50,Fatal,3,Truck,1,5,Stormy,State Highway,Under Construction,Dark,,51,26,Female,Expired,Yes,Straight Road,3,10,1,2,1,4,2,0,1,3,1,0,0,7.27,18.70391,78.36791,NH44_Nagpur_Hyderabad,Telangana
Telangana,Unknown,2023,January,Friday,19:19,Minor,3,Two-Wheeler,0,3,Clear,Urban Road,Dry,Dawn,Signals,49,21,Male,,No,Intersection,1,19,1,4,2,0,1,1,0,3,0,0,0,3.33,17.06226,77.16668,NH9_Pune_Hyderabad,Maharashtra / Telangana