State Name,City Name,Year,Month,Day of Week,Time of Day,Accident Severity,Number of Vehicles Involved,Vehicle Type Involved,Number of Casualties,Number of Fatalities,Weather Conditions,Road Type,Road Condition,Lighting Conditions,Traffic Control Presence,Speed Limit (km/h),Driver Age,Driver Gender,Driver License Status,Alcohol Involvement,Accident Location Details,severity,hour,month,day_enc,road_type_enc,weather_enc,road_cond_enc,lighting_enc,alcohol,num_vehicles,num_casualties,junction_enc,cause_enc,risk_score,latitude,longitude,highway,state_region
Tamil Nadu,Coimbatore,2020,February,Wednesday,22:9,Fatal,5,Bus,2,0,Rainy,Urban Road,Dry,Daylight,,53,40,Male,,Yes,Straight Road,3,22,2,2,2,3,1,2,1,5,2,0,0,3.03,30.17626,79.09259,NH58_Delhi_Badrinath,Uttarakhand
Chandigarh,Unknown,2018,July,Wednesday,3:33,Fatal,5,Bus,9,3,Clear,Urban Road,Under Construction,Daylight,Signals,73,57,Female,Expired,Yes,Bridge,3,3,7,2,2,0,2,2,1,5,9,0,0,7.88,20.09951,73.42713,NH48_Delhi_Mumbai,Rajasthan / Gujarat
Goa,Unknown,2021,October,Friday,6:45,Fatal,4,Bus,8,5,Hazy,State Highway,Under Construction,Dusk,Police Checkpost,92,52,Female,,Yes,Straight Road,3,6,10,4,1,2,2,3,1,4,8,0,0,9.39,27.14717,77.9606,NH44_Delhi_Agra,Uttar Pradesh
Odisha,Unknown,2022,March,Friday,17:14,Fatal,3,Car,5,1,Hazy,Urban Road,Damaged,Dawn,Police Checkpost,51,56,Female,,Yes,Bridge,3,17,3,4,2,2,0,1,1,3,5,0,0,4.85,18.62539,84.25075,NH16_Kolkata_Chennai,Odisha / Andhra Pradesh
Nagaland,Unknown,2019,February,Wednesday,22:46,Minor,2,Two-Wheeler,9,3,Clear,Urban Road,Dry,Dawn,Police Checkpost,106,70,Female,Valid,Yes,Straight Road,1,22,2,2,2,0,1,1,1,2,9,0,0,6.67,24.90947,89.84485,NH52_Barasat_Guwahati,West Bengal / Assam
Andhra Pradesh,Vijayawada,2018,October,Thursday,11:28,Fatal,4,Cycle,3,3,Foggy,Urban Road,Under Construction,Dark,Signals,34,43,Male,Valid,Yes,Intersection,3,11,10,3,2,1,2,0,1,4,3,0,0,6.06,12.96979,77.61494,NH44_Hyderabad_Bangalore,Karnataka
Gujarat,Surat,2020,August,Saturday,0:25,Minor,2,Bus,4,2,Hazy,National Highway,Damaged,Dark,Signals,76,55,Female,Expired,Yes,Bridge,1,0,8,5,0,2,0,0,1,2,4,0,0,4.24,23.03818,72.64962,NH27_East_West,Rajasthan / MP / UP
Maharashtra,Pune,2021,December,Wednesday,7:21,Fatal,3,Truck,5,2,Rainy,National Highway,Wet,Dusk,Signs,96,39,Female,Expired,Yes,Curve,3,7,12,2,0,3,3,3,1,3,5,0,0,5.76,12.29492,78.09684,NH44_Bangalore_Chennai,Tamil Nadu
Himachal Pradesh,Unknown,2020,March,Wednesday,0:43,Fatal,3,Cycle,6,3,Foggy,National Highway,Damaged,Dark,,109,58,Male,Valid,Yes,Intersection,3,0,3,2,0,1,0,0,1,3,6,0,0,6.97,31.43407,77.28084,NH22_Shimla_Manali,Himachal Pradesh
Haryana,Unknown,2020,March,Sunday,8:10,Serious,4,Bus,5,2,Stormy,State Highway,Dry,Daylight,,106,44,Female,Valid,Yes,Curve,2,8,3,6,1,4,1,2,1,4,5,0,0,5.15,17.44646,78.48039,NH7_Varanasi_Kanyakumari,MP / Karnataka / TN
Bihar,Unknown,2023,October,Tuesday,9:18,Fatal,1,Two-Wheeler,1,4,Hazy,Urban Road,Damaged,Daylight,Signals,50,24,Male,,Yes,Straight Road,3,9,10,1,2,2,0,2,1,1,1,0,0,6.36,19.81893,78.71779,NH44_Nagpur_Hyderabad,Telangana
Jammu and Kashmir,Unknown,2022,December,Monday,23:7,Fatal,5,Bus,5,1,Stormy,National Highway,Wet,Daylight,,82,44,Female,Valid,No,Curve,3,23,12,0,0,4,3,2,0,5,5,0,0,4.24,26.21053,91.72854,NH52_Barasat_Guwahati,West Bengal / Assam
Punjab,Unknown,2021,August,Sunday,4:0,Fatal,3,Auto-Rickshaw,8,5,Hazy,State Highway,Under Construction,Daylight,,112,19,Female,Expired,Yes,Intersection,3,4,8,6,1,2,2,2,1,3,8,0,0,9.39,23.5847,85.17241,NH19_Delhi_Kolkata,Uttar Pradesh / Bihar
Kerala,Unknown,2019,October,Tuesday,16:4,Fatal,3,Pedestrian,6,3,Hazy,Urban Road,Wet,Dawn,Signals,41,50,Female,,Yes,Intersection,3,16,10,1,2,2,3,1,1,3,6,0,0,6.97,17.49154,75.4669,NH9_Pune_Hyderabad,Maharashtra / Telangana
Mizoram,Unknown,2021,July,Monday,1:10,Fatal,1,Two-Wheeler,3,1,Rainy,Urban Road,Wet,Dawn,Signals,110,48,Female,Expired,Yes,Intersection,3,1,7,0,2,3,3,1,1,1,3,0,0,4.24,17.18007,76.29581,NH9_Pune_Hyderabad,Maharashtra / Telangana
Goa,Unknown,2019,May,Saturday,17:55,Fatal,1,Two-Wheeler,7,2,Foggy,Village Road,Dry,Dusk,Signals,54,44,Female,,Yes,Bridge,3,17,5,5,3,1,1,3,1,1,7,0,0,6.36,24.19374,84.25689,NH30_Patna_Visakhapatnam,Chhattisgarh
Bihar,Unknown,2023,February,Wednesday,2:50,Serious,1,Auto-Rickshaw,9,5,Clear,State Highway,Dry,Dark,,118,24,Female,,Yes,Straight Road,2,2,2,2,1,0,1,0,1,1,9,0,0,9.09,28.28386,76.99195,NH48_Delhi_Mumbai,Rajasthan / Gujarat
Andhra Pradesh,Vijayawada,2018,July,Saturday,19:4,Fatal,1,Pedestrian,7,1,Rainy,State Highway,Damaged,Dark,Signs,49,41,Male,Valid,No,Straight Road,3,19,7,5,1,3,0,0,0,1,7,0,0,4.85,17.31894,74.01375,NH66_West_Coast,Maharashtra / Kerala
Karnataka,Mysore,2020,August,Saturday,7:13,Fatal,4,Two-Wheeler,0,1,Clear,State Highway,Damaged,Dark,Signals,96,18,Male,Expired,Yes,Curve,3,7,8,5,1,0,0,0,1,4,0,0,0,3.33,13.15516,77.62863,NH44_Hyderabad_Bangalore,Karnataka
West Bengal,Durgapur,2021,March,Friday,10:31,Fatal,2,Bus,10,1,Stormy,State Highway,Wet,Dark,,81,19,Male,,No,Intersection,3,10,3,4,1,4,3,0,0,2,10,0,0,5.76,24.92233,89.82278,NH52_Barasat_Guwahati,West Bengal / Assam
Chhattisgarh,Unknown,2018,October,Tuesday,15:6,Minor,3,Two-Wheeler,1,1,Clear,Village Road,Under Construction,Dawn,Police Checkpost,75,30,Female,Expired,No,Curve,1,15,10,1,3,0,2,1,0,3,1,0,0,1.82,19.02237,72.9025,NH66_West_Coast,Maharashtra / Kerala
Karnataka,Mysore,2019,January,Wednesday,5:29,Serious,3,Cycle,7,5,Foggy,National Highway,Damaged,Dusk,Police Checkpost,82,24,Female,Valid,Yes,Bridge,2,5,1,2,0,1,0,3,1,3,7,0,0,8.48,23.01974,80.47451,NH7_Varanasi_Kanyakumari,MP / Karnataka / TN
Nagaland,Unknown,2018,August,Wednesday,17:27,Serious,3,Pedestrian,3,3,Stormy,Village Road,Damaged,Dusk,Signs,63,68,Female,,No,Bridge,2,17,8,2,3,4,0,3,0,3,3,0,0,4.85,23.46254,88.93234,NH52_Barasat_Guwahati,West Bengal / Assam
Jammu and Kashmir,Unknown,2022,November,Tuesday,13:26,Fatal,5,Auto-Rickshaw,4,5,Stormy,State Highway,Dry,Dusk,Police Checkpost,68,51,Female,,Yes,Curve,3,13,11,1,1,4,1,3,1,5,4,0,0,8.18,12.58921,79.51642,NH44_Bangalore_Chennai,Tamil Nadu
Madhya Pradesh,Unknown,2020,February,Tuesday,19:39,Fatal,3,Truck,2,4,Rainy,Village Road,Wet,Dark,Police Checkpost,41,70,Female,,Yes,Intersection,3,19,2,1,3,3,3,0,1,3,2,0,0,6.67,30.23724,79.15096,NH58_Delhi_Badrinath,Uttarakhand
Meghalaya,Unknown,2018,July,Thursday,5:44,Minor,1,Auto-Rickshaw,2,1,Hazy,Urban Road,Wet,Daylight,Signs,114,59,Female,Valid,Yes,Curve,1,5,7,3,2,2,3,2,1,1,2,0,0,2.73,24.09875,73.38751,NH48_Delhi_Mumbai,Rajasthan / Gujarat
Puducherry,Unknown,2023,January,Thursday,8:53,Fatal,5,Two-Wheeler,9,4,Rainy,Village Road,Damaged,Daylight,Police Checkpost,76,26,Male,,No,Bridge,3,8,1,3,3,3,0,2,0,5,9,0,0,8.18,30.0262,78.81982,NH58_Delhi_Badrinath,Uttarakhand
Tamil Nadu,Chennai,2021,March,Sunday,22:37,Fatal,1,Truck,10,2,Rainy,National Highway,Wet,Daylight,Police Checkpost,90,54,Male,Valid,No,Curve,3,22,3,6,0,3,3,2,0,1,10,0,0,6.67,27.62662,77.62928,NH44_Delhi_Agra,Uttar Pradesh
Meghalaya,Unknown,2022,December,Thursday,9:50,Fatal,3,Pedestrian,8,1,Foggy,National Highway,Under Construction,Dusk,,88,48,Male,,No,Bridge,3,9,12,3,0,1,2,3,0,3,8,0,0,5.15,21.2004,79.12869,NH44_Nagpur_Hyderabad,Telangana
Goa,Unknown,2022,October,Thursday,13:37,Serious,5,Car,8,5,Rainy,Urban Road,Under Construction,Daylight,Police Checkpost,113,45,Female,,No,Intersection,2,13,10,3,2,3,2,2,0,5,8,0,0,8.18,20.47822,86.23852,NH16_Kolkata_Chennai,Odisha / Andhra Pradesh
Delhi,Rohini,2021,November,Saturday,19:51,Serious,1,Car,10,3,Hazy,National Highway,Wet,Daylight,Police Checkpost,30,51,Female,Valid,Yes,Straight Road,2,19,11,5,0,2,3,2,1,1,10,0,0,7.58,28.35353,77.20274,NH44_Delhi_Agra,Uttar Pradesh
Andhra Pradesh,Visakhapatnam,2020,October,Friday,6:9,Minor,3,Car,2,3,Clear,National Highway,Under Construction,Dark,Police Checkpost,30,69,Male,,No,Straight Road,1,6,10,4,0,0,2,0,0,3,2,0,0,3.94,25.92062,88.3017,NH27_East_West,Rajasthan / MP / UP
Arunachal Pradesh,Unknown,2018,December,Wednesday,12:36,Minor,2,Cycle,9,3,Rainy,State Highway,Under Construction,Dawn,Signs,49,54,Female,Expired,No,Intersection,1,12,12,2,1,3,2,1,0,2,9,0,0,6.06,17.69349,78.53061,NH44_Nagpur_Hyderabad,Telangana
Delhi,Rohini,2020,January,Friday,3:25,Minor,5,Cycle,8,2,Clear,Village Road,Wet,Dark,,89,41,Female,Expired,No,Curve,1,3,1,4,3,0,3,0,0,5,8,0,0,4.85,24.51982,78.9903,NH44_Agra_Nagpur,Madhya Pradesh
Chandigarh,Unknown,2023,March,Friday,9:16,Serious,4,Car,6,5,Foggy,Village Road,Dry,Dusk,Police Checkpost,86,67,Male,,Yes,Straight Road,2,9,3,4,3,1,1,3,1,4,6,0,0,8.18,18.66996,78.2864,NH44_Nagpur_Hyderabad,Telangana
Haryana,Unknown,2020,March,Wednesday,18:50,Minor,4,Pedestrian,6,3,Rainy,Village Road,Under Construction,Dusk,Signals,106,44,Female,Expired,No,Intersection,1,18,3,2,3,3,2,3,0,4,6,0,0,5.15,25.93168,90.26833,NH52_Barasat_Guwahati,West Bengal / Assam
Andhra Pradesh,Visakhapatnam,2019,June,Saturday,19:12,Minor,5,Auto-Rickshaw,4,3,Clear,Urban Road,Damaged,Daylight,,103,67,Male,Expired,Yes,Bridge,1,19,6,5,2,0,0,2,1,5,4,0,0,5.15,27.97311,77.29476,NH44_Delhi_Agra,Uttar Pradesh
Assam,Unknown,2020,September,Tuesday,11:24,Fatal,3,Pedestrian,0,2,Foggy,Urban Road,Under Construction,Dusk,Signals,103,41,Female,Valid,Yes,Bridge,3,11,9,1,2,1,2,3,1,3,0,0,0,4.24,25.60202,85.08885,NH30_Patna_Visakhapatnam,Chhattisgarh
Jammu and Kashmir,Unknown,2019,January,Tuesday,1:32,Serious,4,Pedestrian,7,0,Foggy,National Highway,Under Construction,Dusk,Signs,112,19,Male,Valid,Yes,Intersection,2,1,1,1,0,1,2,3,1,4,7,0,0,3.94,30.7425,79.61473,NH58_Delhi_Badrinath,Uttarakhand
Chhattisgarh,Unknown,2020,January,Friday,7:33,Minor,3,Auto-Rickshaw,10,5,Rainy,Urban Road,Wet,Dawn,,99,53,Female,Valid,Yes,Curve,1,7,1,4,2,3,3,1,1,3,10,0,0,8.79,17.60354,78.57771,NH44_Nagpur_Hyderabad,Telangana
Mizoram,Unknown,2020,November,Tuesday,1:52,Fatal,3,Two-Wheeler,6,2,Rainy,State Highway,Under Construction,Dark,Signs,116,36,Male,,Yes,Bridge,3,1,11,1,1,3,2,0,1,3,6,0,0,6.06,11.22828,75.84846,NH66_West_Coast,Maharashtra / Kerala
Maharashtra,Nagpur,2018,June,Monday,1:9,Serious,4,Cycle,0,3,Foggy,State Highway,Under Construction,Dawn,Signals,72,45,Male,Valid,No,Straight Road,2,1,6,0,1,1,2,1,0,4,0,0,0,3.94,21.17009,79.02972,NH7_Varanasi_Kanyakumari,MP / Karnataka / TN
Andhra Pradesh,Visakhapatnam,2020,October,Monday,20:9,Serious,3,Truck,6,5,Hazy,Village Road,Wet,Daylight,,118,27,Female,,Yes,Straight Road,2,20,10,0,3,2,3,2,1,3,6,0,0,8.18,28.16857,77.00858,NH48_Delhi_Mumbai,Rajasthan / Gujarat
Chandigarh,Unknown,2022,March,Sunday,10:4,Serious,4,Bus,6,1,Stormy,Village Road,Wet,Daylight,Signs,98,48,Female,,Yes,Curve,2,10,3,6,3,4,3,2,1,4,6,0,0,4.55,26.36658,75.25069,NH48_Delhi_Mumbai,Rajasthan / Gujarat
Tripura,Unknown,2022,July,Monday,13:6,Serious,4,Auto-Rickshaw,9,1,Foggy,National Highway,Wet,Dusk,Police Checkpost,119,60,Male,Expired,No,Bridge,2,13,7,0,0,1,3,3,0,4,9,0,0,4.85,13.11307,80.20958,NH44_Bangalore_Chennai,Tamil Nadu
Telangana,Unknown,2020,January,Thursday,19:8,Minor,4,Truck,0,3,Stormy,Urban Road,Wet,Dawn,Signs,58,48,Female,Expired,Yes,Straight Road,1,19,1,3,2,4,3,1,1,4,0,0,0,3.94,21.21379,72.89539,NH48_Delhi_Mumbai,Rajasthan / Gujarat
Odisha,Unknown,2022,November,Thursday,5:31,Serious,2,Car,8,4,Foggy,State Highway,Dry,Dawn,Signs,63,46,Male,Valid,Yes,Curve,2,5,11,3,1,1,1,1,1,2,8,0,0,7.88,19.09675,72.83941,NH48_Mumbai_Bangalore,Maharashtra / Karnataka
Andhra Pradesh,Vijayawada,2018,August,Thursday,6:1,Serious,3,Cycle,8,4,Hazy,National Highway,Wet,Daylight,Police Checkpost,75,36,Male,Expired,Yes,Curve,2,6,8,3,0,2,3,2,1,3,8,0,0,7.88,14.92271,80.03105,NH16_Kolkata_Chennai,Odisha / Andhra Pradesh
Kerala,Unknown,2020,September,Friday,13:56,Fatal,1,Car,2,4,Rainy,Village Road,Under Construction,Dawn,Signals,46,51,Male,Expired,Yes,Curve,3,13,9,4,3,3,2,1,1,1,2,0,0,6.67,19.1319,72.94172,NH48_Mumbai_Bangalore,Maharashtra / Karnataka
Chhattisgarh,Unknown,2018,July,Saturday,13:38,Serious,2,Two-Wheeler,8,5,Clear,State Highway,Under Construction,Daylight,Signals,65,52,Female,,No,Curve,2,13,7,5,1,0,2,2,0,2,8,0,0,8.18,26.83284,80.95862,NH19_Delhi_Kolkata,Uttar Pradesh / Bihar
Manipur,Unknown,2018,May,Saturday,13:38,Serious,3,Auto-Rickshaw,5,1,Foggy,State Highway,Damaged,Dark,Police Checkpost,109,23,Male,Valid,No,Intersection,2,13,5,5,1,1,0,0,0,3,5,0,0,3.64,17.35289,73.39008,NH48_Mumbai_Bangalore,Maharashtra / Karnataka
Uttarakhand,Unknown,2021,April,Tuesday,19:33,Minor,3,Cycle,9,5,Rainy,Village Road,Dry,Dusk,,91,37,Male,Valid,Yes,Curve,1,19,4,1,3,3,1,3,1,3,9,0,0,8.48,17.44469,75.40955,NH9_Pune_Hyderabad,Maharashtra / Telangana
Meghalaya,Unknown,2020,August,Wednesday,4:14,Minor,5,Truck,8,3,Rainy,Village Road,Dry,Dawn,Police Checkpost,97,59,Female,Expired,No,Straight Road,1,4,8,2,3,3,1,1,0,5,8,0,0,5.76,17.3284,78.46148,NH9_Pune_Hyderabad,Maharashtra / Telangana
Manipur,Unknown,2018,October,Wednesday,22:50,Minor,4,Auto-Rickshaw,1,3,Clear,State Highway,Dry,Dusk,,119,23,Male,Expired,Yes,Bridge,1,22,10,2,1,0,1,3,1,4,1,0,0,4.24,15.42983,77.28111,NH7_Varanasi_Kanyakumari,MP / Karnataka / TN
Uttar Pradesh,Kanpur,2018,December,Sunday,21:40,Serious,1,Auto-Rickshaw,10,0,Stormy,Urban Road,Dry,Dark,Signs,89,42,Female,Expired,Yes,Bridge,2,21,12,6,2,4,1,0,1,1,10,0,0,4.85,27.8813,77.47496,NH44_Delhi_Agra,Uttar Pradesh
Odisha,Unknown,2018,October,Sunday,22:40,Serious,4,Car,7,1,Hazy,Village Road,Damaged,Dawn,Police Checkpost,73,64,Female,Valid,Yes,Bridge,2,22,10,6,3,2,0,1,1,4,7,0,0,4.85,17.92979,73.62808,NH48_Mumbai_Bangalore,Maharashtra / Karnataka
Manipur,Unknown,2023,February,Wednesday,3:47,Fatal,4,Pedestrian,7,3,Clear,Village Road,Damaged,Daylight,Signals,117,65,Female,,No,Curve,3,3,2,2,3,0,0,2,0,4,7,0,0,6.67,27.66998,77.59441,NH44_Delhi_Agra,Uttar Pradesh
Chandigarh,Unknown,2019,August,Tuesday,4:2,Minor,1,Auto-Rickshaw,1,5,Rainy,Village Road,Wet,Dark,,72,22,Female,,No,Bridge,1,4,8,1,3,3,3,0,0,1,1,0,0,5.45,30.00913,78.80713,NH58_Delhi_Badrinath,Uttarakhand
Rajasthan,Jaipur,2020,October,Monday,12:36,Fatal,3,Two-Wheeler,7,0,Hazy,National Highway,Under Construction,Dusk,Signs,58,61,Female,Valid,Yes,Intersection,3,12,10,0,0,2,2,3,1,3,7,0,0,4.55,8.22438,77.21707,NH7_Varanasi_Kanyakumari,MP / Karnataka / TN
Uttarakhand,Unknown,2021,March,Tuesday,23:10,Fatal,4,Two-Wheeler,7,3,Rainy,State Highway,Wet,Daylight,Signs,105,64,Male,Valid,No,Intersection,3,23,3,1,1,3,3,2,0,4,7,0,0,6.67,18.28219,74.23176,NH9_Pune_Hyderabad,Maharashtra / Telangana
Punjab,Unknown,2018,September,Monday,10:31,Minor,5,Cycle,2,5,Stormy,Urban Road,Wet,Dusk,,108,39,Male,Expired,Yes,Bridge,1,10,9,0,2,4,3,3,1,5,2,0,0,6.36,23.51222,73.19413,NH27_East_West,Rajasthan / MP / UP
Tripura,Unknown,2019,August,Saturday,21:50,Serious,5,Truck,3,4,Stormy,State Highway,Damaged,Dusk,,67,48,Female,Valid,No,Curve,2,21,8,5,1,4,0,3,0,5,3,0,0,5.76,17.35308,78.41789,NH9_Pune_Hyderabad,Maharashtra / Telangana
Arunachal Pradesh,Unknown,2020,May,Friday,7:42,Serious,1,Truck,10,3,Rainy,Urban Road,Wet,Dawn,Police Checkpost,52,32,Female,Expired,No,Intersection,2,7,5,4,2,3,3,1,0,1,10,0,0,6.97,22.96241,80.41875,NH7_Varanasi_Kanyakumari,MP / Karnataka / TN
Delhi,Dwarka,2020,May,Tuesday,17:36,Serious,4,Bus,4,0,Stormy,State Highway,Wet,Daylight,Signals,36,24,Female,Valid,Yes,Intersection,2,17,5,1,1,4,3,2,1,4,4,0,0,3.03,17.40895,78.52976,NH44_Nagpur_Hyderabad,Telangana
Telangana,Unknown,2021,September,Thursday,21:57,Fatal,2,Auto-Rickshaw,5,5,Clear,National Highway,Dry,Dusk,Signals,120,43,Male,,No,Straight Road,3,21,9,3,0,0,1,3,0,2,5,0,0,7.88,22.97052,80.47271,NH7_Varanasi_Kanyakumari,MP / Karnataka / TN
Chandigarh,Unknown,2020,March,Wednesday,6:11,Serious,1,Two-Wheeler,1,4,Stormy,National Highway,Damaged,Dusk,Signs,66,30,Female,Expired,No,Straight Road,2,6,3,2,0,4,0,3,0,1,1,0,0,5.15,23.58761,85.24849,NH19_Delhi_Kolkata,Uttar Pradesh / Bihar
Maharashtra,Pune,2018,July,Sunday,1:49,Serious,4,Car,3,3,Stormy,Urban Road,Damaged,Daylight,Signs,63,39,Male,Expired,Yes,Bridge,2,1,7,6,2,4,0,2,1,4,3,0,0,5.45,19.06634,72.84963,NH48_Mumbai_Bangalore,Maharashtra / Karnataka
Jharkhand,Unknown,2020,March,Thursday,6:53,Serious,5,Pedestrian,6,3,Clear,State Highway,Dry,Dawn,Police Checkpost,118,68,Female,Expired,No,Intersection,2,6,3,3,1,0,1,1,0,5,6,0,0,5.76,20.58419,78.94817,NH44_Nagpur_Hyderabad,Telangana
Sikkim,Unknown,2021,January,Monday,1:11,Minor,3,Car,6,4,Rainy,National Highway,Damaged,Dusk,Signals,38,20,Male,Valid,No,Intersection,1,1,1,0,0,3,0,3,0,3,6,0,0,6.06,12.55541,79.40843,NH44_Bangalore_Chennai,Tamil Nadu
Chhattisgarh,Unknown,2023,November,Tuesday,1:27,Fatal,5,Bus,1,4,Foggy,Village Road,Under Construction,Dark,Signals,113,66,Female,Valid,No,Bridge,3,1,11,1,3,1,2,0,0,5,1,0,0,5.76,21.79761,79.12039,NH44_Agra_Nagpur,Madhya Pradesh
Nagaland,Unknown,2021,October,Thursday,6:36,Serious,3,Two-Wheeler,7,4,Hazy,National Highway,Under Construction,Dusk,,40,53,Female,Valid,No,Straight Road,2,6,10,3,0,2,2,3,0,3,7,0,0,6.97,17.73569,83.22933,NH16_Kolkata_Chennai,Odisha / Andhra Pradesh
Kerala,Unknown,2020,September,Monday,12:59,Minor,5,Truck,10,3,Hazy,National Highway,Damaged,Dawn,,64,68,Female,,Yes,Curve,1,12,9,0,0,2,0,1,1,5,10,0,0,6.97,26.15375,78.4189,NH44_Agra_Nagpur,Madhya Pradesh
Delhi,Dwarka,2020,November,Sunday,5:49,Minor,4,Two-Wheeler,1,3,Rainy,State Highway,Under Construction,Daylight,,92,69,Female,,No,Straight Road,1,5,11,6,1,3,2,2,0,4,1,0,0,3.64,30.30046,79.07196,NH58_Delhi_Badrinath,Uttarakhand
Haryana,Unknown,2018,May,Wednesday,1:14,Minor,2,Car,0,0,Rainy,Urban Road,Damaged,Dark,Police Checkpost,58,45,Male,Expired,Yes,Straight Road,1,1,5,2,2,3,0,0,1,2,0,0,0,1.21,17.35388,78.42203,NH44_Nagpur_Hyderabad,Telangana
Arunachal Pradesh,Unknown,2022,June,Sunday,12:0,Minor,2,Auto-Rickshaw,0,0,Foggy,Village Road,Wet,Dawn,Police Checkpost,107,38,Female,Valid,No,Curve,1,12,6,6,3,1,3,1,0,2,0,0,0,0.61,17.81151,74.88635,NH9_Pune_Hyderabad,Maharashtra / Telangana
Maharashtra,Mumbai,2020,May,Wednesday,1:51,Serious,3,Car,5,2,Clear,State Highway,Wet,Daylight,Police Checkpost,68,55,Male,Valid,Yes,Curve,2,1,5,2,1,0,3,2,1,3,5,0,0,5.15,20.58558,73.16323,NH48_Delhi_Mumbai,Rajasthan / Gujarat
West Bengal,Siliguri,2021,July,Thursday,18:12,Serious,3,Bus,8,2,Stormy,National Highway,Dry,Dawn,Signs,53,68,Female,Expired,Yes,Straight Road,2,18,7,3,0,4,1,1,1,3,8,0,0,6.06,12.18933,78.46219,NH44_Bangalore_Chennai,Tamil Nadu
Karnataka,Bangalore,2020,March,Friday,16:30,Fatal,5,Pedestrian,9,3,Clear,Urban Road,Wet,Daylight,Signals,46,27,Female,Expired,Yes,Curve,3,16,3,4,2,0,3,2,1,5,9,0,0,7.88,13.71059,77.43846,NH44_Hyderabad_Bangalore,Karnataka
Odisha,Unknown,2021,January,Sunday,16:28,Fatal,1,Cycle,10,4,Hazy,State Highway,Dry,Daylight,Police Checkpost,66,50,Female,Expired,No,Intersection,3,16,1,6,1,2,1,2,0,1,10,0,0,8.48,25.73205,79.44347,NH27_East_West,Rajasthan / MP / UP
Goa,Unknown,2018,November,Monday,22:45,Serious,3,Pedestrian,7,0,Hazy,Village Road,Under Construction,Dark,Signs,47,65,Female,,No,Bridge,2,22,11,0,3,2,2,0,0,3,7,0,0,3.33,26.77565,78.27842,NH44_Agra_Nagpur,Madhya Pradesh
Jharkhand,Unknown,2022,May,Sunday,4:34,Minor,3,Truck,3,4,Rainy,Urban Road,Damaged,Dawn,Signs,89,62,Female,Valid,No,Curve,1,4,5,6,2,3,0,1,0,3,3,0,0,5.15,22.98001,80.43324,NH7_Varanasi_Kanyakumari,MP / Karnataka / TN
Assam,Unknown,2022,July,Sunday,1:49,Minor,3,Bus,4,5,Rainy,State Highway,Under Construction,Daylight,Signals,113,18,Male,Valid,Yes,Intersection,1,1,7,6,1,3,2,2,1,3,4,0,0,6.97,32.05616,77.08848,NH22_Shimla_Manali,Himachal Pradesh
West Bengal,Durgapur,2023,August,Tuesday,1:8,Minor,3,Bus,3,0,Stormy,Urban Road,Damaged,Dawn,Police Checkpost,82,53,Male,Valid,Yes,Curve,1,1,8,1,2,4,0,1,1,3,3,0,0,2.12,17.34395,73.44789,NH48_Mumbai_Bangalore,Maharashtra / Karnataka
Chandigarh,Unknown,2021,July,Sunday,3:29,Minor,1,Car,6,1,Stormy,Urban Road,Damaged,Daylight,,63,27,Male,Valid,Yes,Intersection,1,3,7,6,2,4,0,2,1,1,6,0,0,3.94,12.15013,78.46339,NH44_Bangalore_Chennai,Tamil Nadu
Arunachal Pradesh,Unknown,2020,July,Tuesday,12:46,Serious,1,Two-Wheeler,9,1,Foggy,National Highway,Wet,Daylight,Police Checkpost,72,29,Male,,No,Bridge,2,12,7,1,0,1,3,2,0,1,9,0,0,4.85,18.69676,78.35742,NH44_Nagpur_Hyderabad,Telangana
Kerala,Unknown,2023,June,Saturday,23:12,Minor,3,Bus,2,2,Hazy,State Highway,Wet,Daylight,,65,52,Male,Expired,No,Straight Road,1,23,6,5,1,2,3,2,0,3,2,0,0,3.03,24.61875,78.96552,NH44_Agra_Nagpur,Madhya Pradesh
Mizoram,Unknown,2018,May,Saturday,11:35,Fatal,3,Car,6,4,Rainy,National Highway,Damaged,Daylight,Police Checkpost,103,52,Female,,Yes,Bridge,3,11,5,5,0,3,0,2,1,3,6,0,0,7.88,20.60798,73.16883,NH48_Delhi_Mumbai,Rajasthan / Gujarat
Jammu and Kashmir,Unknown,2019,May,Sunday,17:10,Serious,2,Two-Wheeler,7,4,Foggy,Village Road,Under Construction,Dawn,Police Checkpost,108,45,Female,Valid,No,Bridge,2,17,5,6,3,1,2,1,0,2,7,0,0,6.97,24.2616,89.19108,NH52_Barasat_Guwahati,West Bengal / Assam
Chhattisgarh,Unknown,2021,July,Sunday,11:50,Fatal,5,Two-Wheeler,2,2,Foggy,Village Road,Under Construction,Daylight,Signals,86,21,Female,Valid,No,Intersection,3,11,7,6,3,1,2,2,0,5,2,0,0,4.24,17.39905,73.5114,NH48_Mumbai_Bangalore,Maharashtra / Karnataka
Kerala,Unknown,2019,March,Wednesday,10:44,Fatal,4,Truck,10,2,Rainy,National Highway,Dry,Dawn,,52,63,Female,Expired,Yes,Bridge,3,10,3,2,0,3,1,1,1,4,10,0,0,7.27,14.17956,76.25473,NH44_Hyderabad_Bangalore,Karnataka