State Name,City Name,Year,Month,Day of Week,Time of Day,Accident Severity,Number of Vehicles Involved,Vehicle Type Involved,Number of Casualties,Number of Fatalities,Weather Conditions,Road Type,Road Condition,Lighting Conditions,Traffic Control Presence,Speed Limit (km/h),Driver Age,Driver Gender,Driver License Status,Alcohol Involvement,Accident Location Details,severity,hour,month,day_enc,road_type_enc,weather_enc,road_cond_enc,lighting_enc,alcohol,num_vehicles,num_casualties,junction_enc,cause_enc,risk_score,latitude,longitude,highway,state_region
Jammu and Kashmir,Unknown,2021,June,Friday,3:25,Serious,3,Car,0,3,Stormy,State Highway,Under Construction,Dusk,Signs,107,66,Male,Expired,No,Intersection,2,3,6,4,1,4,2,3,0,3,0,0,0,3.94,31.05376,77.17338,NH22_Shimla_Manali,Himachal Pradesh
Kerala,Unknown,2023,November,Wednesday,21:38,Serious,5,Truck,7,3,Rainy,Urban Road,Under Construction,Dawn,Police Checkpost,93,25,Male,Valid,Yes,Straight Road,2,21,11,2,2,3,2,1,1,5,7,0,0,6.67,27.63188,77.59531,NH44_Delhi_Agra,Uttar Pradesh
Haryana,Unknown,2020,August,Thursday,21:45,Minor,3,Bus,5,4,Stormy,State Highway,Dry,Dark,Police Checkpost,77,35,Female,Valid,No,Intersection,1,21,8,3,1,4,1,0,0,3,5,0,0,5.76,27.42389,76.48437,NH48_Delhi_Mumbai,Rajasthan / Gujarat
Puducherry,Unknown,2022,January,Saturday,16:13,Minor,1,Cycle,3,3,Clear,State Highway,Damaged,Daylight,Signs,75,38,Male,Valid,No,Curve,1,16,1,5,1,0,0,2,0,1,3,0,0,4.24,13.45665,77.40242,NH7_Varanasi_Kanyakumari,MP / Karnataka / TN
Odisha,Unknown,2021,March,Monday,9:13,Minor,2,Cycle,8,0,Foggy,Village Road,Damaged,Daylight,Police Checkpost,82,57,Male,Expired,Yes,Bridge,1,9,3,0,3,1,0,2,1,2,8,0,0,3.64,25.43189,78.61825,NH44_Agra_Nagpur,Madhya Pradesh
West Bengal,Siliguri,2023,October,Monday,2:23,Serious,3,Cycle,0,5,Rainy,Urban Road,Wet,Dusk,Signals,88,69,Female,Expired,Yes,Bridge,2,2,10,0,2,3,3,3,1,3,0,0,0,6.36,15.38252,76.97781,NH44_Hyderabad_Bangalore,Karnataka
Mizoram,Unknown,2021,June,Saturday,23:16,Fatal,5,Auto-Rickshaw,9,0,Hazy,Urban Road,Dry,Daylight,Signals,96,62,Male,Expired,Yes,Straight Road,3,23,6,5,2,2,1,2,1,5,9,0,0,5.15,28.21024,77.88499,NH19_Delhi_Kolkata,Uttar Pradesh / Bihar
Nagaland,Unknown,2019,August,Thursday,3:6,Serious,4,Pedestrian,1,2,Hazy,Urban Road,Dry,Dark,,120,61,Female,,Yes,Curve,2,3,8,3,2,2,1,0,1,4,1,0,0,3.94,32.02029,77.10215,NH22_Shimla_Manali,Himachal Pradesh
Karnataka,Mysore,2020,February,Friday,23:22,Minor,5,Car,1,3,Foggy,Village Road,Wet,Dawn,Signals,45,66,Female,Expired,No,Straight Road,1,23,2,4,3,1,3,1,0,5,1,0,0,3.64,14.17794,76.24845,NH44_Hyderabad_Bangalore,Karnataka
Delhi,Rohini,2020,May,Friday,18:3,Minor,5,Bus,0,1,Stormy,Village Road,Under Construction,Dusk,,83,40,Male,Expired,Yes,Straight Road,1,18,5,4,3,4,2,3,1,5,0,0,0,2.12,26.05862,86.51059,NH27_East_West,Rajasthan / MP / UP
Jammu and Kashmir,Unknown,2023,August,Tuesday,1:36,Minor,5,Truck,9,0,Clear,Village Road,Damaged,Dark,Signs,35,27,Male,Expired,No,Curve,1,1,8,1,3,0,0,0,0,5,9,0,0,3.33,25.35629,83.04633,NH7_Varanasi_Kanyakumari,MP / Karnataka / TN
Karnataka,Mysore,2021,February,Sunday,0:52,Minor,4,Bus,8,1,Stormy,Village Road,Under Construction,Daylight,Police Checkpost,44,29,Female,Expired,Yes,Intersection,1,0,2,6,3,4,2,2,1,4,8,0,0,4.55,18.28518,80.8204,NH30_Patna_Visakhapatnam,Chhattisgarh
Gujarat,Ahmedabad,2019,September,Saturday,5:18,Minor,4,Cycle,6,3,Hazy,Village Road,Under Construction,Dawn,Police Checkpost,90,26,Female,Expired,No,Intersection,1,5,9,5,3,2,2,1,0,4,6,0,0,5.15,26.95506,78.18794,NH44_Delhi_Agra,Uttar Pradesh
West Bengal,Siliguri,2018,September,Friday,18:23,Serious,4,Auto-Rickshaw,8,0,Rainy,State Highway,Dry,Dark,Signals,60,49,Male,,Yes,Curve,2,18,9,4,1,3,1,0,1,4,8,0,0,4.24,25.44571,78.58019,NH44_Agra_Nagpur,Madhya Pradesh
Bihar,Unknown,2019,May,Thursday,22:35,Serious,1,Cycle,8,3,Hazy,National Highway,Dry,Dark,Signs,67,61,Female,,No,Straight Road,2,22,5,3,0,2,1,0,0,1,8,0,0,6.36,23.46655,88.86607,NH52_Barasat_Guwahati,West Bengal / Assam
Haryana,Unknown,2018,June,Monday,5:18,Minor,1,Bus,5,1,Hazy,State Highway,Wet,Dark,Signals,96,58,Male,Valid,Yes,Straight Road,1,5,6,0,1,2,3,0,1,1,5,0,0,3.64,13.05557,77.56197,NH44_Hyderabad_Bangalore,Karnataka
Himachal Pradesh,Unknown,2018,December,Wednesday,4:22,Fatal,1,Car,10,5,Stormy,Urban Road,Under Construction,Dawn,Signs,47,63,Male,Expired,Yes,Straight Road,3,4,12,2,2,4,2,1,1,1,10,0,0,10.0,25.35255,83.04159,NH7_Varanasi_Kanyakumari,MP / Karnataka / TN
Telangana,Unknown,2018,August,Friday,1:9,Minor,4,Pedestrian,9,4,Hazy,National Highway,Damaged,Dawn,Police Checkpost,94,21,Female,Valid,Yes,Bridge,1,1,8,4,0,2,0,1,1,4,9,0,0,7.58,18.67506,78.28073,NH44_Nagpur_Hyderabad,Telangana
Telangana,Unknown,2023,June,Sunday,12:46,Fatal,3,Auto-Rickshaw,2,5,Clear,Urban Road,Wet,Dawn,Signs,54,23,Female,Expired,Yes,Intersection,3,12,6,6,2,0,3,1,1,3,2,0,0,7.58,28.2493,77.20078,NH44_Delhi_Agra,Uttar Pradesh
Andhra Pradesh,Tirupati,2023,December,Friday,14:33,Fatal,2,Truck,1,2,Clear,Village Road,Dry,Dusk,,54,24,Female,Expired,No,Curve,3,14,12,4,3,0,1,3,0,2,1,0,0,3.94,13.14304,80.24648,NH44_Bangalore_Chennai,Tamil Nadu
Chhattisgarh,Unknown,2023,January,Monday,18:17,Serious,1,Car,7,0,Hazy,State Highway,Damaged,Dawn,Police Checkpost,111,33,Male,,Yes,Bridge,2,18,1,0,1,2,0,1,1,1,7,0,0,3.94,24.25118,84.58595,NH19_Delhi_Kolkata,Uttar Pradesh / Bihar
Andhra Pradesh,Visakhapatnam,2023,November,Wednesday,23:5,Fatal,5,Car,1,1,Hazy,State Highway,Wet,Daylight,Police Checkpost,60,42,Male,,Yes,Straight Road,3,23,11,2,1,2,3,2,1,5,1,0,0,3.64,30.47439,79.4457,NH58_Delhi_Badrinath,Uttarakhand
Uttar Pradesh,Lucknow,2019,July,Sunday,8:10,Fatal,3,Truck,10,0,Foggy,Urban Road,Under Construction,Daylight,Signals,113,20,Female,,Yes,Straight Road,3,8,7,6,2,1,2,2,1,3,10,0,0,5.45,25.78796,79.47468,NH27_East_West,Rajasthan / MP / UP
Nagaland,Unknown,2019,December,Monday,17:25,Minor,5,Cycle,2,5,Clear,National Highway,Under Construction,Dusk,Signals,68,69,Male,Valid,Yes,Straight Road,1,17,12,0,0,0,2,3,1,5,2,0,0,6.36,24.81306,84.93065,NH30_Patna_Visakhapatnam,Chhattisgarh
Puducherry,Unknown,2020,July,Thursday,0:32,Fatal,2,Truck,6,2,Foggy,Village Road,Damaged,Dawn,,98,25,Male,,No,Intersection,3,0,7,3,3,1,0,1,0,2,6,0,0,5.45,25.38946,89.96779,NH52_Barasat_Guwahati,West Bengal / Assam
Tamil Nadu,Coimbatore,2018,August,Thursday,12:45,Serious,5,Pedestrian,8,2,Rainy,National Highway,Wet,Dawn,Signs,60,58,Female,Expired,No,Curve,2,12,8,3,0,3,3,1,0,5,8,0,0,5.45,23.47013,73.21173,NH27_East_West,Rajasthan / MP / UP
Maharashtra,Nagpur,2023,May,Wednesday,21:7,Serious,1,Bus,8,5,Rainy,National Highway,Damaged,Daylight,Signals,79,60,Female,Valid,Yes,Curve,2,21,5,2,0,3,0,2,1,1,8,0,0,8.79,17.4071,75.50522,NH9_Pune_Hyderabad,Maharashtra / Telangana
Bihar,Unknown,2020,October,Wednesday,5:12,Fatal,1,Cycle,9,5,Hazy,Urban Road,Dry,Dark,,50,47,Female,Valid,No,Intersection,3,5,10,2,2,2,1,0,0,1,9,0,0,9.09,21.14857,79.1167,NH7_Varanasi_Kanyakumari,MP / Karnataka / TN
Maharashtra,Pune,2023,February,Wednesday,7:8,Minor,5,Bus,2,4,Clear,Village Road,Wet,Dawn,Signals,119,69,Female,Valid,No,Intersection,1,7,2,2,3,0,3,1,0,5,2,0,0,4.85,18.4941,73.90125,NH9_Pune_Hyderabad,Maharashtra / Telangana
Rajasthan,Jodhpur,2018,January,Sunday,16:10,Serious,1,Pedestrian,0,4,Rainy,State Highway,Damaged,Dawn,,35,57,Female,Valid,Yes,Straight Road,2,16,1,6,1,3,0,1,1,1,0,0,0,5.45,16.09442,74.38616,NH48_Mumbai_Bangalore,Maharashtra / Karnataka
West Bengal,Durgapur,2023,November,Tuesday,6:31,Serious,4,Truck,0,3,Hazy,Urban Road,Damaged,Dawn,,82,27,Male,Expired,No,Intersection,2,6,11,1,2,2,0,1,0,4,0,0,0,3.94,15.36766,77.00572,NH44_Hyderabad_Bangalore,Karnataka
Assam,Unknown,2018,July,Monday,16:18,Minor,3,Pedestrian,9,3,Hazy,Village Road,Under Construction,Dawn,Police Checkpost,118,70,Female,,Yes,Intersection,1,16,7,0,3,2,2,1,1,3,9,0,0,6.67,26.08095,91.76185,NH52_Barasat_Guwahati,West Bengal / Assam
Jharkhand,Unknown,2022,October,Friday,8:7,Serious,5,Auto-Rickshaw,5,2,Stormy,National Highway,Dry,Dusk,,49,54,Male,Valid,No,Curve,2,8,10,4,0,4,1,3,0,5,5,0,0,4.55,17.39292,78.46498,NH9_Pune_Hyderabad,Maharashtra / Telangana
Chhattisgarh,Unknown,2021,January,Thursday,7:10,Serious,5,Bus,3,2,Hazy,State Highway,Wet,Dawn,Police Checkpost,66,35,Female,,Yes,Curve,2,7,1,3,1,2,3,1,1,5,3,0,0,4.55,26.86041,78.29258,NH44_Agra_Nagpur,Madhya Pradesh
Manipur,Unknown,2022,December,Wednesday,2:14,Minor,1,Car,0,1,Clear,National Highway,Under Construction,Dawn,Signs,78,27,Female,Expired,Yes,Curve,1,2,12,2,0,0,2,1,1,1,0,0,0,2.12,13.22028,77.48805,NH48_Mumbai_Bangalore,Maharashtra / Karnataka
Nagaland,Unknown,2021,November,Thursday,6:37,Fatal,3,Pedestrian,4,4,Foggy,Urban Road,Damaged,Dusk,Signs,55,55,Female,Expired,No,Curve,3,6,11,3,2,1,0,3,0,3,4,0,0,6.67,17.623,83.3217,NH30_Patna_Visakhapatnam,Chhattisgarh
Delhi,Dwarka,2023,September,Sunday,16:38,Fatal,1,Bus,3,3,Clear,Village Road,Dry,Dark,,85,61,Male,,No,Intersection,3,16,9,6,3,0,1,0,0,1,3,0,0,5.45,19.18475,72.92989,NH48_Delhi_Mumbai,Rajasthan / Gujarat
Maharashtra,Nagpur,2021,February,Monday,9:21,Fatal,2,Bus,7,5,Stormy,National Highway,Wet,Dusk,Signs,52,30,Female,,No,Bridge,3,9,2,0,0,4,3,3,0,2,7,0,0,8.48,17.7383,83.34783,NH30_Patna_Visakhapatnam,Chhattisgarh
Kerala,Unknown,2021,July,Friday,23:32,Serious,3,Two-Wheeler,9,5,Clear,Village Road,Wet,Daylight,,116,62,Female,Valid,No,Intersection,2,23,7,4,3,0,3,2,0,3,9,0,0,8.48,24.88284,91.8592,NH27_East_West,Rajasthan / MP / UP
Maharashtra,Nagpur,2019,March,Monday,11:29,Fatal,1,Car,2,4,Rainy,Urban Road,Damaged,Dark,Police Checkpost,108,59,Female,Expired,No,Curve,3,11,3,0,2,3,0,0,0,1,2,0,0,6.06,24.8376,89.86059,NH52_Barasat_Guwahati,West Bengal / Assam
Kerala,Unknown,2019,May,Sunday,7:21,Minor,3,Pedestrian,8,0,Foggy,Urban Road,Wet,Dark,,102,67,Male,Expired,No,Curve,1,7,5,6,2,1,3,0,0,3,8,0,0,3.03,22.93053,86.94177,NH19_Delhi_Kolkata,Uttar Pradesh / Bihar
Uttarakhand,Unknown,2023,January,Friday,0:28,Fatal,2,Auto-Rickshaw,2,2,Foggy,Urban Road,Under Construction,Daylight,Signs,71,38,Male,Expired,Yes,Intersection,3,0,1,4,2,1,2,2,1,2,2,0,0,4.85,17.37166,78.42927,NH7_Varanasi_Kanyakumari,MP / Karnataka / TN
Manipur,Unknown,2023,January,Thursday,20:21,Fatal,5,Bus,10,0,Clear,National Highway,Damaged,Daylight,Police Checkpost,103,19,Female,Expired,Yes,Bridge,3,20,1,3,0,0,0,2,1,5,10,0,0,5.45,27.83458,77.49975,NH44_Delhi_Agra,Uttar Pradesh
Gujarat,Surat,2019,July,Monday,3:9,Serious,3,Pedestrian,1,1,Stormy,State Highway,Wet,Dawn,Signs,117,46,Female,,No,Bridge,2,3,7,0,1,4,3,1,0,3,1,0,0,2.42,12.82038,77.70215,NH44_Bangalore_Chennai,Tamil Nadu
West Bengal,Kolkata,2022,December,Tuesday,21:11,Fatal,5,Cycle,6,3,Rainy,State Highway,Damaged,Daylight,Signs,78,44,Female,Valid,No,Bridge,3,21,12,1,1,3,0,2,0,5,6,0,0,6.36,20.43705,86.26739,NH16_Kolkata_Chennai,Odisha / Andhra Pradesh
Delhi,New Delhi,2022,March,Sunday,13:56,Fatal,3,Two-Wheeler,5,0,Foggy,Urban Road,Wet,Dusk,Signals,78,28,Male,Expired,No,Bridge,3,13,3,6,2,1,3,3,0,3,5,0,0,3.33,13.11008,80.29809,NH16_Kolkata_Chennai,Odisha / Andhra Pradesh
Tripura,Unknown,2023,October,Friday,0:17,Fatal,3,Pedestrian,6,5,Foggy,State Highway,Under Construction,Dawn,Signs,58,67,Male,Valid,No,Intersection,3,0,10,4,1,1,2,1,0,3,6,0,0,8.18,17.33463,74.05626,NH66_West_Coast,Maharashtra / Kerala
Tamil Nadu,Chennai,2020,May,Wednesday,20:59,Minor,4,Auto-Rickshaw,1,4,Rainy,Village Road,Damaged,Dusk,Signs,75,22,Male,,No,Curve,1,20,5,2,3,3,0,3,0,4,1,0,0,4.55,27.95013,77.2476,NH44_Delhi_Agra,Uttar Pradesh
Himachal Pradesh,Unknown,2019,May,Thursday,8:29,Serious,4,Pedestrian,10,0,Rainy,National Highway,Wet,Dawn,,49,56,Female,Expired,No,Intersection,2,8,5,3,0,3,3,1,0,4,10,0,0,4.24,15.87489,77.16451,NH44_Hyderabad_Bangalore,Karnataka
Punjab,Unknown,2019,December,Monday,16:30,Serious,4,Auto-Rickshaw,5,2,Clear,State Highway,Wet,Daylight,Signals,100,59,Female,Expired,Yes,Intersection,2,16,12,0,1,0,3,2,1,4,5,0,0,5.15,17.33258,78.55189,NH44_Nagpur_Hyderabad,Telangana
Nagaland,Unknown,2019,November,Saturday,3:13,Minor,5,Pedestrian,1,2,Clear,National Highway,Under Construction,Dawn,,46,37,Male,Valid,Yes,Bridge,1,3,11,5,0,0,2,1,1,5,1,0,0,3.33,28.28473,77.1369,NH44_Delhi_Agra,Uttar Pradesh
Assam,Unknown,2022,September,Saturday,10:26,Fatal,5,Car,10,0,Rainy,State Highway,Wet,Dusk,Signals,120,22,Female,Expired,Yes,Straight Road,3,10,9,5,1,3,3,3,1,5,10,0,0,5.45,20.59198,81.82077,NH30_Patna_Visakhapatnam,Chhattisgarh
Kerala,Unknown,2021,May,Monday,9:54,Serious,2,Pedestrian,0,5,Rainy,State Highway,Under Construction,Daylight,Police Checkpost,114,30,Female,Expired,Yes,Straight Road,2,9,5,0,1,3,2,2,1,2,0,0,0,6.36,26.08434,91.67273,NH52_Barasat_Guwahati,West Bengal / Assam
Bihar,Unknown,2022,June,Tuesday,13:21,Serious,3,Cycle,6,4,Clear,National Highway,Dry,Dark,,110,70,Male,,No,Intersection,2,13,6,1,0,0,1,0,0,3,6,0,0,6.67,14.87925,76.51105,NH44_Hyderabad_Bangalore,Karnataka
Tripura,Unknown,2022,January,Tuesday,7:41,Minor,1,Pedestrian,4,5,Rainy,Village Road,Dry,Dark,Signals,43,54,Male,Expired,No,Straight Road,1,7,1,1,3,3,1,0,0,1,4,0,0,6.36,19.04909,72.89291,NH48_Delhi_Mumbai,Rajasthan / Gujarat
Puducherry,Unknown,2021,August,Friday,3:0,Fatal,5,Bus,1,3,Foggy,State Highway,Dry,Daylight,,47,39,Female,,Yes,Straight Road,3,3,8,4,1,1,1,2,1,5,1,0,0,5.45,17.825,74.93111,NH9_Pune_Hyderabad,Maharashtra / Telangana
Tripura,Unknown,2019,June,Thursday,20:45,Minor,1,Truck,0,3,Rainy,State Highway,Under Construction,Dawn,,58,60,Male,Expired,Yes,Bridge,1,20,6,3,1,3,2,1,1,1,0,0,0,3.94,27.17527,77.90159,NH44_Delhi_Agra,Uttar Pradesh
Telangana,Unknown,2022,September,Sunday,18:54,Minor,5,Car,9,5,Hazy,State Highway,Wet,Dawn,Signals,45,54,Female,Expired,No,Bridge,1,18,9,6,1,2,3,1,0,5,9,0,0,7.88,13.06321,80.32759,NH16_Kolkata_Chennai,Odisha / Andhra Pradesh
Maharashtra,Nagpur,2021,August,Tuesday,8:50,Minor,1,Two-Wheeler,10,3,Clear,Village Road,Dry,Daylight,Police Checkpost,80,19,Female,Expired,Yes,Curve,1,8,8,1,3,0,1,2,1,1,10,0,0,6.97,32.60338,75.05353,NH44_North,Jammu & Kashmir
Assam,Unknown,2018,April,Sunday,5:44,Serious,2,Car,5,5,Rainy,Urban Road,Under Construction,Daylight,Police Checkpost,118,56,Male,Expired,No,Intersection,2,5,4,6,2,3,2,2,0,2,5,0,0,7.27,30.21039,79.14759,NH58_Delhi_Badrinath,Uttarakhand
Tamil Nadu,Coimbatore,2018,April,Friday,0:14,Serious,5,Bus,3,1,Hazy,Urban Road,Wet,Dusk,,104,54,Male,,No,Bridge,2,0,4,4,2,2,3,3,0,5,3,0,0,3.03,20.14765,73.42901,NH48_Delhi_Mumbai,Rajasthan / Gujarat
Sikkim,Unknown,2019,December,Monday,20:26,Fatal,4,Two-Wheeler,0,2,Foggy,State Highway,Damaged,Dusk,Police Checkpost,67,55,Male,Expired,Yes,Straight Road,3,20,12,0,1,1,0,3,1,4,0,0,0,4.24,24.55112,73.63386,NH48_Delhi_Mumbai,Rajasthan / Gujarat
Andhra Pradesh,Vijayawada,2021,November,Wednesday,5:53,Fatal,3,Bus,0,3,Foggy,Village Road,Damaged,Dark,Police Checkpost,84,48,Female,Expired,No,Straight Road,3,5,11,2,3,1,0,0,0,3,0,0,0,4.55,26.12339,91.78021,NH52_Barasat_Guwahati,West Bengal / Assam
Karnataka,Mysore,2018,August,Friday,5:46,Fatal,5,Truck,6,1,Clear,Urban Road,Under Construction,Dusk,,82,24,Male,,No,Curve,3,5,8,4,2,0,2,3,0,5,6,0,0,4.55,28.61483,77.16167,NH19_Delhi_Kolkata,Uttar Pradesh / Bihar
Nagaland,Unknown,2020,November,Wednesday,14:4,Serious,5,Auto-Rickshaw,6,2,Rainy,National Highway,Wet,Dusk,,82,68,Female,,Yes,Bridge,2,14,11,2,0,3,3,3,1,5,6,0,0,5.45,19.02089,72.82298,NH48_Mumbai_Bangalore,Maharashtra / Karnataka
Gujarat,Ahmedabad,2020,October,Tuesday,8:27,Fatal,3,Two-Wheeler,2,0,Hazy,National Highway,Under Construction,Daylight,Signals,77,38,Female,,Yes,Straight Road,3,8,10,1,0,2,2,2,1,3,2,0,0,3.03,8.18012,77.28766,NH7_Varanasi_Kanyakumari,MP / Karnataka / TN
Karnataka,Bangalore,2020,April,Saturday,20:2,Serious,4,Bus,5,3,Stormy,National Highway,Under Construction,Daylight,Police Checkpost,117,64,Male,Valid,No,Intersection,2,20,4,5,0,4,2,2,0,4,5,0,0,5.45,24.13896,73.4723,NH48_Delhi_Mumbai,Rajasthan / Gujarat
Tamil Nadu,Coimbatore,2020,March,Thursday,7:17,Fatal,5,Pedestrian,3,2,Hazy,Urban Road,Damaged,Dusk,Signs,37,23,Female,,No,Bridge,3,7,3,3,2,2,0,3,0,5,3,0,0,4.55,23.5926,85.27792,NH19_Delhi_Kolkata,Uttar Pradesh / Bihar
Andhra Pradesh,Vijayawada,2020,January,Wednesday,10:7,Serious,4,Auto-Rickshaw,6,3,Foggy,State Highway,Dry,Daylight,Signals,50,65,Male,Valid,Yes,Curve,2,10,1,2,1,1,1,2,1,4,6,0,0,6.36,21.09395,79.04667,NH7_Varanasi_Kanyakumari,MP / Karnataka / TN
Delhi,Rohini,2019,September,Tuesday,15:13,Minor,4,Truck,5,0,Stormy,Urban Road,Dry,Dawn,,117,51,Female,Expired,Yes,Curve,1,15,9,1,2,4,1,1,1,4,5,0,0,2.73,21.77025,79.10044,NH44_Agra_Nagpur,Madhya Pradesh
Jammu and Kashmir,Unknown,2022,January,Wednesday,3:41,Fatal,1,Car,4,3,Clear,Urban Road,Damaged,Dark,Police Checkpost,70,25,Male,Expired,No,Bridge,3,3,1,2,2,0,0,0,0,1,4,0,0,5.76,19.04763,72.82976,NH48_Delhi_Mumbai,Rajasthan / Gujarat
Goa,Unknown,2023,October,Sunday,9:16,Serious,3,Bus,4,4,Foggy,State Highway,Wet,Dark,Police Checkpost,55,53,Male,,No,Intersection,2,9,10,6,1,1,3,0,0,3,4,0,0,6.06,19.90881,85.41524,NH16_Kolkata_Chennai,Odisha / Andhra Pradesh
Sikkim,Unknown,2019,November,Thursday,20:46,Minor,1,Truck,2,5,Stormy,Village Road,Dry,Dusk,Signs,93,60,Female,Valid,No,Curve,1,20,11,3,3,4,1,3,0,1,2,0,0,5.76,28.44987,77.18891,NH44_Delhi_Agra,Uttar Pradesh
Bihar,Unknown,2018,December,Sunday,0:10,Minor,2,Two-Wheeler,7,4,Stormy,State Highway,Under Construction,Dawn,Signals,67,66,Female,Expired,No,Straight Road,1,0,12,6,1,4,2,1,0,2,7,0,0,6.36,26.99037,78.16542,NH44_Delhi_Agra,Uttar Pradesh
Maharashtra,Pune,2019,December,Wednesday,9:40,Fatal,3,Auto-Rickshaw,9,1,Hazy,Village Road,Dry,Dark,Police Checkpost,51,38,Male,,Yes,Bridge,3,9,12,2,3,2,1,0,1,3,9,0,0,6.06,26.78997,84.24699,NH27_East_West,Rajasthan / MP / UP
Chhattisgarh,Unknown,2021,April,Wednesday,4:39,Serious,1,Two-Wheeler,5,2,Foggy,National Highway,Wet,Daylight,Signals,97,69,Male,,No,Bridge,2,4,4,2,0,1,3,2,0,1,5,0,0,4.55,25.3722,78.55759,NH44_Agra_Nagpur,Madhya Pradesh
Goa,Unknown,2019,April,Tuesday,15:18,Minor,4,Car,8,2,Stormy,Village Road,Damaged,Dark,,104,27,Male,Valid,Yes,Intersection,1,15,4,1,3,4,0,0,1,4,8,0,0,5.45,22.76831,88.51768,NH52_Barasat_Guwahati,West Bengal / Assam
Karnataka,Mysore,2023,March,Thursday,4:34,Serious,4,Auto-Rickshaw,4,4,Clear,Village Road,Wet,Dawn,Signs,46,39,Female,Valid,Yes,Bridge,2,4,3,3,3,0,3,1,1,4,4,0,0,6.67,24.27998,84.48423,NH19_Delhi_Kolkata,Uttar Pradesh / Bihar
Jharkhand,Unknown,2020,November,Tuesday,22:34,Minor,3,Pedestrian,6,5,Stormy,National Highway,Wet,Dawn,Signals,71,36,Female,,Yes,Straight Road,1,22,11,1,0,4,3,1,1,3,6,0,0,7.58,23.04521,86.96737,NH19_Delhi_Kolkata,Uttar Pradesh / Bihar
Rajasthan,Jaipur,2022,May,Tuesday,4:17,Minor,1,Auto-Rickshaw,10,2,Foggy,Village Road,Dry,Dark,,59,35,Female,Expired,Yes,Straight Road,1,4,5,1,3,1,1,0,1,1,10,0,0,6.06,12.59199,79.43123,NH44_Bangalore_Chennai,Tamil Nadu
Rajasthan,Jaipur,2020,September,Monday,12:54,Serious,4,Auto-Rickshaw,6,1,Clear,National Highway,Dry,Dawn,Signals,62,46,Male,Expired,Yes,Intersection,2,12,9,0,0,0,1,1,1,4,6,0,0,4.55,13.4108,77.48709,NH7_Varanasi_Kanyakumari,MP / Karnataka / TN
Tamil Nadu,Chennai,2021,March,Tuesday,10:28,Fatal,2,Auto-Rickshaw,2,4,Rainy,Urban Road,Dry,Dusk,,45,64,Male,Expired,No,Straight Road,3,10,3,1,2,3,1,3,0,2,2,0,0,6.06,27.40773,77.72317,NH44_Delhi_Agra,Uttar Pradesh
Tamil Nadu,Chennai,2021,June,Monday,8:31,Fatal,3,Truck,1,0,Rainy,State Highway,Damaged,Daylight,Signs,81,65,Female,,Yes,Bridge,3,8,6,0,1,3,0,2,1,3,1,0,0,2.73,15.51131,77.18488,NH7_Varanasi_Kanyakumari,MP / Karnataka / TN
Manipur,Unknown,2019,January,Tuesday,12:50,Serious,1,Car,6,4,Stormy,National Highway,Under Construction,Dawn,Signals,119,63,Male,,No,Bridge,2,12,1,1,0,4,2,1,0,1,6,0,0,6.67,17.67086,83.34434,NH30_Patna_Visakhapatnam,Chhattisgarh
Uttarakhand,Unknown,2019,January,Sunday,18:57,Serious,4,Two-Wheeler,5,2,Rainy,Village Road,Dry,Dusk,Signs,74,38,Female,Valid,Yes,Bridge,2,18,1,6,3,3,1,3,1,4,5,0,0,5.15,34.09236,74.77622,NH44_North,Jammu & Kashmir
Odisha,Unknown,2021,June,Thursday,3:35,Serious,5,Auto-Rickshaw,0,5,Stormy,State Highway,Under Construction,Dusk,,51,29,Male,Expired,Yes,Bridge,2,3,6,3,1,4,2,3,1,5,0,0,0,6.36,15.43933,74.92464,NH48_Mumbai_Bangalore,Maharashtra / Karnataka
Andhra Pradesh,Vijayawada,2020,February,Friday,3:57,Minor,1,Auto-Rickshaw,0,0,Stormy,National Highway,Wet,Dark,Signs,82,18,Female,,No,Curve,1,3,2,4,0,4,3,0,0,1,0,0,0,0.61,24.22831,89.2693,NH52_Barasat_Guwahati,West Bengal / Assam
Sikkim,Unknown,2018,November,Thursday,3:33,Minor,3,Bus,6,1,Stormy,Urban Road,Under Construction,Dark,,31,53,Male,,No,Bridge,1,3,11,3,2,4,2,0,0,3,6,0,0,3.33,17.39277,75.50087,NH9_Pune_Hyderabad,Maharashtra / Telangana
Andhra Pradesh,Tirupati,2022,May,Saturday,2:7,Serious,4,Truck,2,2,Foggy,National Highway,Dry,Dawn,Signs,88,18,Male,,Yes,Bridge,2,2,5,5,0,1,1,1,1,4,2,0,0,4.24,28.84303,77.4565,NH58_Delhi_Badrinath,Uttarakhand
Himachal Pradesh,Unknown,2022,April,Friday,22:24,Fatal,1,Car,10,1,Hazy,Urban Road,Damaged,Dark,,105,44,Male,Expired,No,Straight Road,3,22,4,4,2,2,0,0,0,1,10,0,0,5.76,28.35863,77.1864,NH44_Delhi_Agra,Uttar Pradesh
Uttar Pradesh,Lucknow,2022,January,Sunday,13:40,Serious,2,Pedestrian,3,0,Hazy,Urban Road,Damaged,Dawn,Signs,62,59,Male,Expired,No,Bridge,2,13,1,6,2,2,0,1,0,2,3,0,0,2.12,19.38804,81.19864,NH30_Patna_Visakhapatnam,Chhattisgarh