State Name,City Name,Year,Month,Day of Week,Time of Day,Accident Severity,Number of Vehicles Involved,Vehicle Type Involved,Number of Casualties,Number of Fatalities,Weather Conditions,Road Type,Road Condition,Lighting Conditions,Traffic Control Presence,Speed Limit (km/h),Driver Age,Driver Gender,Driver License Status,Alcohol Involvement,Accident Location Details,severity,hour,month,day_enc,road_type_enc,weather_enc,road_cond_enc,lighting_enc,alcohol,num_vehicles,num_casualties,junction_enc,cause_enc,risk_score,latitude,longitude,highway,state_region
Karnataka,Bangalore,2021,August,Wednesday,3:19,Fatal,5,Pedestrian,0,5,Hazy,Village Road,Under Construction,Dark,Police Checkpost,85,46,Female,Valid,No,Bridge,3,3,8,2,3,2,2,0,0,5,0,0,0,6.36,32.22212,77.05501,NH22_Shimla_Manali,Himachal Pradesh
Delhi,Dwarka,2019,January,Wednesday,19:44,Serious,5,Car,5,0,Rainy,Village Road,Damaged,Daylight,Signs,101,48,Female,Valid,Yes,Straight Road,2,19,1,2,3,3,0,2,1,5,5,0,0,3.33,23.60988,85.17234,NH19_Delhi_Kolkata,Uttar Pradesh / Bihar
Jharkhand,Unknown,2021,August,Monday,3:29,Serious,5,Two-Wheeler,4,2,Rainy,Urban Road,Damaged,Dusk,Signals,35,26,Male,Valid,No,Curve,2,3,8,0,2,3,0,3,0,5,4,0,0,4.24,23.42567,88.92321,NH52_Barasat_Guwahati,West Bengal / Assam
Punjab,Unknown,2018,January,Monday,5:57,Serious,1,Bus,8,0,Rainy,Village Road,Wet,Dawn,Signs,86,52,Male,,Yes,Curve,2,5,1,0,3,3,3,1,1,1,8,0,0,4.24,27.17521,82.44786,NH27_East_West,Rajasthan / MP / UP
Haryana,Unknown,2018,June,Tuesday,17:31,Serious,5,Truck,8,4,Foggy,State Highway,Damaged,Dawn,Police Checkpost,52,29,Male,Valid,Yes,Straight Road,2,17,6,1,1,1,0,1,1,5,8,0,0,7.88,25.45492,78.53118,NH44_Agra_Nagpur,Madhya Pradesh
Sikkim,Unknown,2021,January,Monday,16:59,Fatal,2,Bus,5,3,Foggy,National Highway,Under Construction,Dusk,Signs,116,64,Female,Valid,No,Intersection,3,16,1,0,0,1,2,3,0,2,5,0,0,6.06,24.86169,89.87764,NH52_Barasat_Guwahati,West Bengal / Assam
Rajasthan,Jaipur,2018,January,Thursday,15:42,Minor,2,Cycle,10,4,Foggy,Village Road,Wet,Dusk,Signals,77,36,Female,Valid,Yes,Intersection,1,15,1,3,3,1,3,3,1,2,10,0,0,7.88,24.84389,83.83318,NH19_Delhi_Kolkata,Uttar Pradesh / Bihar
Jharkhand,Unknown,2020,April,Saturday,0:11,Fatal,5,Car,7,2,Stormy,Urban Road,Damaged,Dark,,81,53,Male,,Yes,Bridge,3,0,4,5,2,4,0,0,1,5,7,0,0,6.36,27.39469,78.17396,NH19_Delhi_Kolkata,Uttar Pradesh / Bihar
Mizoram,Unknown,2022,May,Saturday,2:35,Minor,2,Two-Wheeler,8,1,Rainy,State Highway,Under Construction,Dawn,,69,52,Male,,Yes,Straight Road,1,2,5,5,1,3,2,1,1,2,8,0,0,4.55,25.52524,89.94526,NH52_Barasat_Guwahati,West Bengal / Assam
Odisha,Unknown,2022,August,Wednesday,10:10,Minor,2,Truck,0,4,Rainy,National Highway,Wet,Dawn,Signs,37,39,Male,,No,Curve,1,10,8,2,0,3,3,1,0,2,0,0,0,4.24,18.59082,78.26472,NH44_Nagpur_Hyderabad,Telangana
Assam,Unknown,2022,January,Sunday,17:55,Minor,4,Cycle,1,0,Hazy,State Highway,Dry,Dusk,Signals,31,30,Female,,Yes,Curve,1,17,1,6,1,2,1,3,1,4,1,0,0,1.52,28.57039,77.21149,NH44_Delhi_Agra,Uttar Pradesh
Manipur,Unknown,2023,October,Wednesday,20:7,Minor,4,Cycle,2,0,Hazy,Village Road,Damaged,Daylight,Signs,119,42,Male,Valid,Yes,Curve,1,20,10,2,3,2,0,2,1,4,2,0,0,1.82,23.71644,85.2819,NH19_Delhi_Kolkata,Uttar Pradesh / Bihar
Sikkim,Unknown,2018,August,Wednesday,17:43,Serious,3,Car,5,0,Clear,National Highway,Wet,Dark,,120,47,Male,Expired,Yes,Intersection,2,17,8,2,0,0,3,0,1,3,5,0,0,3.33,13.18417,77.63476,NH44_Hyderabad_Bangalore,Karnataka
Uttarakhand,Unknown,2021,February,Thursday,1:38,Fatal,3,Truck,3,3,Foggy,Village Road,Wet,Dawn,,45,40,Male,,Yes,Straight Road,3,1,2,3,3,1,3,1,1,3,3,0,0,6.06,19.40925,81.17227,NH30_Patna_Visakhapatnam,Chhattisgarh
Tripura,Unknown,2018,December,Friday,4:28,Minor,2,Bus,6,2,Foggy,Village Road,Under Construction,Dusk,Signs,76,28,Female,Valid,Yes,Bridge,1,4,12,4,3,1,2,3,1,2,6,0,0,4.85,19.35886,84.73896,NH16_Kolkata_Chennai,Odisha / Andhra Pradesh
Uttar Pradesh,Varanasi,2019,March,Tuesday,1:22,Minor,5,Bus,0,5,Foggy,Urban Road,Under Construction,Dark,Signals,76,53,Female,,Yes,Curve,1,1,3,1,2,1,2,0,1,5,0,0,0,5.76,21.84603,72.14713,NH48_Delhi_Mumbai,Rajasthan / Gujarat
Manipur,Unknown,2021,April,Saturday,21:34,Serious,4,Cycle,6,5,Rainy,National Highway,Wet,Dark,Signs,65,61,Male,Valid,No,Bridge,2,21,4,5,0,3,3,0,0,4,6,0,0,7.58,25.39736,78.60424,NH44_Agra_Nagpur,Madhya Pradesh
Goa,Unknown,2018,January,Tuesday,12:50,Fatal,4,Two-Wheeler,9,0,Stormy,Village Road,Dry,Dusk,Police Checkpost,50,19,Female,Expired,No,Intersection,3,12,1,1,3,4,1,3,0,4,9,0,0,4.55,19.08715,72.81011,NH48_Delhi_Mumbai,Rajasthan / Gujarat
Andhra Pradesh,Visakhapatnam,2020,June,Wednesday,1:51,Serious,4,Truck,7,3,Hazy,State Highway,Under Construction,Dusk,Signals,94,39,Female,Valid,No,Intersection,2,1,6,2,1,2,2,3,0,4,7,0,0,6.06,23.94149,81.24098,NH7_Varanasi_Kanyakumari,MP / Karnataka / TN
Karnataka,Mangalore,2019,April,Wednesday,21:11,Serious,1,Car,4,2,Rainy,National Highway,Dry,Daylight,Signals,72,48,Male,,Yes,Intersection,2,21,4,2,0,3,1,2,1,1,4,0,0,4.85,19.86104,79.41917,NH7_Varanasi_Kanyakumari,MP / Karnataka / TN
Mizoram,Unknown,2021,December,Sunday,22:41,Fatal,4,Cycle,0,3,Hazy,State Highway,Damaged,Dawn,Signs,39,39,Male,,No,Straight Road,3,22,12,6,1,2,0,1,0,4,0,0,0,4.55,27.42845,77.69309,NH44_Delhi_Agra,Uttar Pradesh
Uttarakhand,Unknown,2020,December,Tuesday,12:16,Serious,3,Bus,6,4,Stormy,Urban Road,Wet,Daylight,Signals,98,18,Female,Valid,No,Straight Road,2,12,12,1,2,4,3,2,0,3,6,0,0,6.67,25.45251,90.04614,NH52_Barasat_Guwahati,West Bengal / Assam
Tripura,Unknown,2018,August,Monday,20:29,Fatal,5,Pedestrian,8,4,Rainy,State Highway,Dry,Daylight,Police Checkpost,53,18,Female,Valid,Yes,Bridge,3,20,8,0,1,3,1,2,1,5,8,0,0,8.48,28.33088,77.18864,NH44_Delhi_Agra,Uttar Pradesh
Uttarakhand,Unknown,2020,September,Thursday,10:50,Serious,1,Cycle,6,3,Foggy,Urban Road,Damaged,Dark,,89,18,Female,Valid,No,Straight Road,2,10,9,3,2,1,0,0,0,1,6,0,0,5.76,30.41969,79.5084,NH58_Delhi_Badrinath,Uttarakhand
Chandigarh,Unknown,2018,November,Sunday,7:10,Serious,5,Auto-Rickshaw,7,0,Foggy,Village Road,Under Construction,Dusk,Signs,54,19,Male,Expired,Yes,Intersection,2,7,11,6,3,1,2,3,1,5,7,0,0,3.94,29.65258,78.2523,NH58_Delhi_Badrinath,Uttarakhand
Himachal Pradesh,Unknown,2022,January,Friday,23:22,Minor,1,Truck,9,1,Rainy,National Highway,Under Construction,Dusk,Signs,84,50,Female,,Yes,Curve,1,23,1,4,0,3,2,3,1,1,9,0,0,4.85,8.27747,77.20217,NH66_West_Coast,Maharashtra / Kerala
Uttarakhand,Unknown,2022,October,Thursday,17:25,Fatal,1,Truck,1,0,Rainy,Urban Road,Wet,Dawn,Signs,113,33,Female,Valid,No,Bridge,3,17,10,3,2,3,3,1,0,1,1,0,0,2.12,19.12257,72.91958,NH66_West_Coast,Maharashtra / Kerala
Mizoram,Unknown,2018,August,Wednesday,5:2,Minor,5,Truck,4,3,Stormy,Village Road,Damaged,Dusk,,69,54,Female,Valid,Yes,Intersection,1,5,8,2,3,4,0,3,1,5,4,0,0,5.15,31.16801,77.22162,NH22_Shimla_Manali,Himachal Pradesh
Jharkhand,Unknown,2020,September,Wednesday,4:8,Serious,2,Auto-Rickshaw,2,4,Rainy,Village Road,Damaged,Dusk,Signs,70,34,Female,Expired,No,Bridge,2,4,9,2,3,3,0,3,0,2,2,0,0,5.45,14.9938,75.22038,NH48_Mumbai_Bangalore,Maharashtra / Karnataka
Tamil Nadu,Coimbatore,2018,September,Saturday,21:14,Fatal,5,Auto-Rickshaw,3,4,Clear,Urban Road,Wet,Dusk,,104,23,Male,,Yes,Bridge,3,21,9,5,2,0,3,3,1,5,3,0,0,6.97,24.17228,75.89459,NH27_East_West,Rajasthan / MP / UP
Jammu and Kashmir,Unknown,2019,August,Friday,13:31,Serious,1,Pedestrian,2,3,Foggy,National Highway,Dry,Daylight,Police Checkpost,86,66,Female,Valid,Yes,Straight Road,2,13,8,4,0,1,1,2,1,1,2,0,0,5.15,20.60622,81.9389,NH30_Patna_Visakhapatnam,Chhattisgarh
Andhra Pradesh,Vijayawada,2023,March,Sunday,21:32,Minor,4,Truck,10,2,Stormy,Urban Road,Damaged,Dusk,Police Checkpost,45,65,Male,Valid,Yes,Straight Road,1,21,3,6,2,4,0,3,1,4,10,0,0,6.06,17.30281,76.19316,NH9_Pune_Hyderabad,Maharashtra / Telangana
Bihar,Unknown,2018,September,Thursday,6:23,Serious,1,Bus,5,1,Stormy,National Highway,Under Construction,Daylight,Signals,85,65,Female,Valid,Yes,Intersection,2,6,9,3,0,4,2,2,1,1,5,0,0,4.24,23.6821,73.24646,NH48_Delhi_Mumbai,Rajasthan / Gujarat
Mizoram,Unknown,2019,May,Wednesday,7:25,Minor,5,Truck,5,1,Hazy,State Highway,Dry,Daylight,Signals,95,26,Male,,No,Bridge,1,7,5,2,1,2,1,2,0,5,5,0,0,3.03,24.88658,82.4086,NH7_Varanasi_Kanyakumari,MP / Karnataka / TN
Puducherry,Unknown,2021,June,Tuesday,1:7,Fatal,3,Truck,7,0,Rainy,Village Road,Under Construction,Dawn,Signs,56,30,Female,Valid,No,Intersection,3,1,6,1,3,3,2,1,0,3,7,0,0,3.94,25.3091,82.96844,NH19_Delhi_Kolkata,Uttar Pradesh / Bihar
Kerala,Unknown,2020,January,Thursday,8:1,Serious,3,Pedestrian,5,5,Clear,Urban Road,Under Construction,Dusk,Police Checkpost,73,20,Male,Valid,No,Straight Road,2,8,1,3,2,0,2,3,0,3,5,0,0,7.27,27.11353,77.92468,NH44_Delhi_Agra,Uttar Pradesh
Puducherry,Unknown,2020,December,Thursday,10:47,Serious,5,Bus,9,5,Stormy,Village Road,Damaged,Daylight,Signals,35,59,Female,Valid,Yes,Curve,2,10,12,3,3,4,0,2,1,5,9,0,0,9.09,23.48391,83.85228,NH30_Patna_Visakhapatnam,Chhattisgarh
Goa,Unknown,2019,August,Tuesday,7:15,Minor,4,Car,0,4,Clear,Urban Road,Wet,Daylight,,115,27,Female,Valid,No,Bridge,1,7,8,1,2,0,3,2,0,4,0,0,0,4.24,14.89142,74.23234,NH66_West_Coast,Maharashtra / Kerala
Chhattisgarh,Unknown,2019,July,Tuesday,16:37,Minor,3,Car,0,3,Rainy,National Highway,Under Construction,Daylight,Signs,39,45,Male,Expired,Yes,Straight Road,1,16,7,1,0,3,2,2,1,3,0,0,0,3.94,23.99167,79.06153,NH44_Agra_Nagpur,Madhya Pradesh
Puducherry,Unknown,2021,March,Friday,16:25,Minor,3,Two-Wheeler,2,5,Foggy,Village Road,Dry,Dawn,,53,61,Male,Expired,Yes,Straight Road,1,16,3,4,3,1,1,1,1,3,2,0,0,6.36,21.42635,87.16491,NH16_Kolkata_Chennai,Odisha / Andhra Pradesh
Mizoram,Unknown,2018,March,Monday,3:56,Fatal,3,Two-Wheeler,6,4,Foggy,National Highway,Under Construction,Dark,Signals,106,29,Male,Expired,No,Curve,3,3,3,0,0,1,2,0,0,3,6,0,0,7.27,24.19796,84.48578,NH19_Delhi_Kolkata,Uttar Pradesh / Bihar
Assam,Unknown,2021,August,Monday,5:5,Fatal,3,Auto-Rickshaw,4,3,Hazy,State Highway,Dry,Dusk,Signals,42,33,Female,Valid,Yes,Straight Road,3,5,8,0,1,2,1,3,1,3,4,0,0,6.36,12.71581,77.83042,NH44_Bangalore_Chennai,Tamil Nadu
Nagaland,Unknown,2018,November,Thursday,3:46,Minor,4,Cycle,6,2,Foggy,Village Road,Damaged,Dusk,Police Checkpost,120,28,Female,,No,Intersection,1,3,11,3,3,1,0,3,0,4,6,0,0,4.24,24.81033,83.90602,NH19_Delhi_Kolkata,Uttar Pradesh / Bihar
Himachal Pradesh,Unknown,2020,May,Monday,8:2,Minor,1,Truck,1,0,Rainy,National Highway,Damaged,Daylight,Signs,68,66,Female,,Yes,Straight Road,1,8,5,0,0,3,0,2,1,1,1,0,0,1.52,22.31051,72.25389,NH48_Delhi_Mumbai,Rajasthan / Gujarat
Haryana,Unknown,2022,September,Saturday,14:52,Minor,3,Bus,5,5,Foggy,Village Road,Dry,Dusk,Signals,67,57,Female,Expired,Yes,Intersection,1,14,9,5,3,1,1,3,1,3,5,0,0,7.27,17.06263,78.3558,NH44_Hyderabad_Bangalore,Karnataka
Mizoram,Unknown,2019,December,Saturday,0:50,Serious,1,Truck,2,2,Clear,Urban Road,Wet,Dark,Signs,71,62,Female,Valid,Yes,Bridge,2,0,12,5,2,0,3,0,1,1,2,0,0,4.24,18.25178,74.27718,NH9_Pune_Hyderabad,Maharashtra / Telangana
Sikkim,Unknown,2023,June,Monday,6:5,Fatal,4,Pedestrian,8,3,Stormy,National Highway,Wet,Dawn,,93,38,Female,Valid,Yes,Curve,3,6,6,0,0,4,3,1,1,4,8,0,0,7.58,16.18083,74.4661,NH48_Mumbai_Bangalore,Maharashtra / Karnataka
Bihar,Unknown,2018,April,Sunday,23:33,Fatal,5,Two-Wheeler,10,2,Hazy,Village Road,Damaged,Dawn,,41,39,Female,,No,Bridge,3,23,4,6,3,2,0,1,0,5,10,0,0,6.67,26.16836,78.4967,NH44_Agra_Nagpur,Madhya Pradesh
Chhattisgarh,Unknown,2018,July,Saturday,13:23,Fatal,1,Pedestrian,6,0,Hazy,State Highway,Dry,Dawn,,65,44,Male,Valid,Yes,Curve,3,13,7,5,1,2,1,1,1,1,6,0,0,4.24,22.35732,72.22371,NH48_Delhi_Mumbai,Rajasthan / Gujarat
Goa,Unknown,2023,August,Monday,4:41,Serious,3,Pedestrian,3,4,Clear,Village Road,Wet,Dusk,Signs,111,40,Female,,Yes,Straight Road,2,4,8,0,3,0,3,3,1,3,3,0,0,6.36,13.17629,77.41006,NH48_Mumbai_Bangalore,Maharashtra / Karnataka
Arunachal Pradesh,Unknown,2022,July,Wednesday,8:38,Fatal,1,Truck,1,5,Rainy,Village Road,Under Construction,Dark,,70,63,Male,Valid,No,Intersection,3,8,7,2,3,3,2,0,0,1,1,0,0,6.67,23.03206,72.51305,NH27_East_West,Rajasthan / MP / UP
Punjab,Unknown,2022,June,Sunday,0:24,Serious,2,Bus,4,3,Hazy,State Highway,Damaged,Dawn,,88,34,Male,Valid,Yes,Curve,2,0,6,6,1,2,0,1,1,2,4,0,0,5.76,21.18224,72.88489,NH48_Delhi_Mumbai,Rajasthan / Gujarat
Arunachal Pradesh,Unknown,2018,September,Friday,12:52,Serious,2,Car,1,1,Foggy,State Highway,Dry,Daylight,,102,43,Female,,No,Curve,2,12,9,4,1,1,1,2,0,2,1,0,0,2.42,12.09024,78.43259,NH44_Bangalore_Chennai,Tamil Nadu
Meghalaya,Unknown,2020,April,Saturday,4:28,Serious,5,Cycle,6,0,Hazy,State Highway,Under Construction,Dusk,Signals,39,65,Male,,Yes,Curve,2,4,4,5,1,2,2,3,1,5,6,0,0,3.64,23.45019,73.24304,NH27_East_West,Rajasthan / MP / UP
Puducherry,Unknown,2020,October,Friday,18:7,Serious,3,Bus,8,3,Clear,Urban Road,Under Construction,Dawn,Signs,89,34,Female,Valid,Yes,Intersection,2,18,10,4,2,0,2,1,1,3,8,0,0,6.97,18.56525,73.78665,NH48_Mumbai_Bangalore,Maharashtra / Karnataka
Delhi,New Delhi,2023,June,Tuesday,17:58,Serious,5,Cycle,10,3,Hazy,National Highway,Dry,Dark,Police Checkpost,73,68,Female,Valid,No,Intersection,2,17,6,1,0,2,1,0,0,5,10,0,0,6.97,13.92917,74.81289,NH66_West_Coast,Maharashtra / Kerala
Delhi,Rohini,2022,October,Saturday,12:20,Minor,3,Pedestrian,10,3,Stormy,Village Road,Under Construction,Dark,Signs,70,39,Female,Valid,No,Intersection,1,12,10,5,3,4,2,0,0,3,10,0,0,6.36,21.09427,79.01913,NH44_Nagpur_Hyderabad,Telangana
Punjab,Unknown,2021,December,Wednesday,6:39,Fatal,1,Pedestrian,0,2,Clear,State Highway,Damaged,Dawn,Signs,103,67,Female,,Yes,Straight Road,3,6,12,2,1,0,0,1,1,1,0,0,0,4.24,18.28428,74.23401,NH9_Pune_Hyderabad,Maharashtra / Telangana
Bihar,Unknown,2019,June,Saturday,2:25,Minor,5,Truck,9,4,Hazy,Village Road,Wet,Daylight,Police Checkpost,102,34,Female,Expired,Yes,Bridge,1,2,6,5,3,2,3,2,1,5,9,0,0,7.58,14.93364,79.92264,NH16_Kolkata_Chennai,Odisha / Andhra Pradesh
West Bengal,Siliguri,2018,July,Sunday,3:7,Fatal,5,Car,5,1,Clear,State Highway,Dry,Dusk,Signals,98,49,Female,,No,Intersection,3,3,7,6,1,0,1,3,0,5,5,0,0,4.24,24.2215,75.83536,NH27_East_West,Rajasthan / MP / UP
Andhra Pradesh,Visakhapatnam,2021,August,Monday,8:7,Fatal,1,Pedestrian,1,2,Hazy,Village Road,Under Construction,Dawn,Signals,104,65,Male,,Yes,Straight Road,3,8,8,0,3,2,2,1,1,1,1,0,0,4.55,19.81772,79.44003,NH7_Varanasi_Kanyakumari,MP / Karnataka / TN
Rajasthan,Jaipur,2019,December,Friday,12:11,Serious,1,Bus,1,2,Clear,Urban Road,Under Construction,Dusk,Police Checkpost,45,26,Female,Expired,Yes,Intersection,2,12,12,4,2,0,2,3,1,1,1,0,0,3.94,26.95822,75.81583,NH48_Delhi_Mumbai,Rajasthan / Gujarat
Kerala,Unknown,2021,June,Thursday,16:55,Serious,2,Pedestrian,3,1,Clear,Village Road,Damaged,Dawn,Signs,108,57,Female,Expired,Yes,Bridge,2,16,6,3,3,0,0,1,1,2,3,0,0,3.64,9.81363,77.41154,NH7_Varanasi_Kanyakumari,MP / Karnataka / TN
Himachal Pradesh,Unknown,2019,May,Wednesday,15:35,Minor,1,Auto-Rickshaw,4,1,Rainy,Village Road,Under Construction,Daylight,,55,59,Female,,Yes,Curve,1,15,5,2,3,3,2,2,1,1,4,0,0,3.33,13.46651,77.41495,NH7_Varanasi_Kanyakumari,MP / Karnataka / TN
Manipur,Unknown,2019,September,Thursday,12:40,Fatal,5,Bus,8,0,Stormy,Urban Road,Under Construction,Daylight,Signs,90,41,Female,,Yes,Bridge,3,12,9,3,2,4,2,2,1,5,8,0,0,4.85,23.60461,85.19292,NH19_Delhi_Kolkata,Uttar Pradesh / Bihar
Arunachal Pradesh,Unknown,2023,May,Sunday,20:0,Serious,1,Two-Wheeler,3,4,Rainy,Urban Road,Dry,Dusk,Police Checkpost,84,25,Male,Expired,Yes,Bridge,2,20,5,6,2,3,1,3,1,1,3,0,0,6.36,12.02951,78.97375,NH44_Bangalore_Chennai,Tamil Nadu
Andhra Pradesh,Visakhapatnam,2020,November,Monday,7:13,Serious,2,Car,9,0,Stormy,Village Road,Under Construction,Dark,,104,37,Female,Expired,No,Intersection,2,7,11,0,3,4,2,0,0,2,9,0,0,3.94,13.69953,77.49731,NH44_Hyderabad_Bangalore,Karnataka
Manipur,Unknown,2022,November,Friday,1:10,Serious,4,Two-Wheeler,1,1,Stormy,National Highway,Dry,Dark,Police Checkpost,104,45,Female,Expired,No,Straight Road,2,1,11,4,0,4,1,0,0,4,1,0,0,2.42,12.39346,78.07859,NH44_Bangalore_Chennai,Tamil Nadu
Tripura,Unknown,2021,February,Monday,0:37,Fatal,4,Truck,9,0,Stormy,National Highway,Dry,Daylight,Signs,87,64,Female,Valid,No,Curve,3,0,2,0,0,4,1,2,0,4,9,0,0,4.55,19.80958,79.49632,NH7_Varanasi_Kanyakumari,MP / Karnataka / TN
Puducherry,Unknown,2023,March,Tuesday,0:0,Serious,2,Car,9,1,Clear,Village Road,Dry,Dawn,Police Checkpost,37,40,Female,Valid,Yes,Straight Road,2,0,3,1,3,0,1,1,1,2,9,0,0,5.45,17.06826,77.1988,NH9_Pune_Hyderabad,Maharashtra / Telangana
Mizoram,Unknown,2021,August,Sunday,1:37,Serious,3,Cycle,3,2,Stormy,National Highway,Dry,Dusk,Signals,35,27,Female,Expired,No,Curve,2,1,8,6,0,4,1,3,0,3,3,0,0,3.94,12.12099,78.46243,NH44_Bangalore_Chennai,Tamil Nadu
Meghalaya,Unknown,2022,September,Friday,19:41,Minor,1,Auto-Rickshaw,7,4,Clear,State Highway,Wet,Dawn,Police Checkpost,31,56,Female,,Yes,Intersection,1,19,9,4,1,0,3,1,1,1,7,0,0,6.97,17.43501,78.52405,NH9_Pune_Hyderabad,Maharashtra / Telangana
Manipur,Unknown,2023,October,Thursday,14:58,Serious,1,Car,7,1,Hazy,National Highway,Under Construction,Daylight,Police Checkpost,56,63,Male,Valid,Yes,Curve,2,14,10,3,0,2,2,2,1,1,7,0,0,4.85,22.25565,79.17247,NH44_Agra_Nagpur,Madhya Pradesh
Meghalaya,Unknown,2019,October,Saturday,9:2,Serious,4,Cycle,10,0,Hazy,State Highway,Under Construction,Dawn,,112,47,Male,,No,Intersection,2,9,10,5,1,2,2,1,0,4,10,0,0,4.24,12.56708,79.4764,NH44_Bangalore_Chennai,Tamil Nadu
Chandigarh,Unknown,2021,May,Sunday,16:28,Minor,2,Two-Wheeler,0,5,Hazy,Village Road,Under Construction,Daylight,Signs,89,32,Female,Expired,Yes,Curve,1,16,5,6,3,2,2,2,1,2,0,0,0,5.76,22.95985,71.17292,NH27_East_West,Rajasthan / MP / UP
Maharashtra,Nagpur,2023,April,Friday,3:4,Fatal,2,Cycle,5,3,Rainy,National Highway,Under Construction,Daylight,Police Checkpost,30,31,Female,Valid,Yes,Intersection,3,3,4,4,0,3,2,2,1,2,5,0,0,6.67,25.48433,78.54304,NH44_Agra_Nagpur,Madhya Pradesh
Karnataka,Mangalore,2022,May,Saturday,21:5,Serious,4,Auto-Rickshaw,2,3,Foggy,Urban Road,Under Construction,Dawn,Signals,98,21,Female,Expired,Yes,Curve,2,21,5,5,2,1,2,1,1,4,2,0,0,5.15,13.27767,77.5184,NH48_Mumbai_Bangalore,Maharashtra / Karnataka
Haryana,Unknown,2018,September,Sunday,21:46,Serious,1,Cycle,2,3,Foggy,National Highway,Dry,Dawn,Signals,67,38,Male,Valid,Yes,Bridge,2,21,9,6,0,1,1,1,1,1,2,0,0,5.15,12.51544,79.48471,NH44_Bangalore_Chennai,Tamil Nadu
Puducherry,Unknown,2022,August,Monday,4:34,Fatal,4,Bus,10,2,Stormy,National Highway,Damaged,Dark,Signals,109,27,Male,,No,Straight Road,3,4,8,0,0,4,0,0,0,4,10,0,0,6.67,17.3625,74.00637,NH66_West_Coast,Maharashtra / Kerala
Puducherry,Unknown,2022,December,Saturday,15:51,Minor,4,Pedestrian,5,3,Foggy,Village Road,Dry,Dawn,Signs,111,35,Male,Expired,No,Curve,1,15,12,5,3,1,1,1,0,4,5,0,0,4.85,12.59745,79.45257,NH44_Bangalore_Chennai,Tamil Nadu
Haryana,Unknown,2021,August,Thursday,10:54,Fatal,3,Car,4,1,Clear,State Highway,Dry,Dawn,Police Checkpost,36,55,Female,Valid,No,Straight Road,3,10,8,3,1,0,1,1,0,3,4,0,0,3.94,32.19123,77.16788,NH22_Shimla_Manali,Himachal Pradesh
Jharkhand,Unknown,2019,April,Tuesday,17:42,Serious,5,Auto-Rickshaw,8,0,Stormy,Urban Road,Damaged,Dawn,Signs,99,42,Male,Valid,Yes,Straight Road,2,17,4,1,2,4,0,1,1,5,8,0,0,4.24,22.52849,88.39485,NH16_Kolkata_Chennai,Odisha / Andhra Pradesh
Karnataka,Mysore,2021,February,Friday,6:5,Serious,3,Two-Wheeler,10,2,Foggy,Village Road,Dry,Dawn,Police Checkpost,80,69,Male,,Yes,Curve,2,6,2,4,3,1,1,1,1,3,10,0,0,6.67,24.87281,91.91703,NH27_East_West,Rajasthan / MP / UP
Manipur,Unknown,2021,August,Saturday,10:15,Minor,5,Pedestrian,4,5,Hazy,State Highway,Under Construction,Dusk,Police Checkpost,90,27,Female,,Yes,Bridge,1,10,8,5,1,2,2,3,1,5,4,0,0,6.97,23.90531,81.17876,NH7_Varanasi_Kanyakumari,MP / Karnataka / TN
Manipur,Unknown,2019,November,Friday,20:40,Minor,1,Two-Wheeler,0,0,Hazy,Village Road,Damaged,Daylight,,38,46,Female,Expired,No,Curve,1,20,11,4,3,2,0,2,0,1,0,0,0,0.61,30.48479,79.51511,NH58_Delhi_Badrinath,Uttarakhand
Odisha,Unknown,2018,February,Sunday,7:30,Minor,2,Auto-Rickshaw,0,2,Rainy,Village Road,Dry,Daylight,Signals,64,60,Male,,No,Curve,1,7,2,6,3,3,1,2,0,2,0,0,0,2.42,22.26149,79.13868,NH44_Agra_Nagpur,Madhya Pradesh
West Bengal,Durgapur,2018,February,Sunday,8:14,Fatal,5,Truck,6,0,Hazy,National Highway,Wet,Daylight,Police Checkpost,81,25,Male,Expired,Yes,Straight Road,3,8,2,6,0,2,3,2,1,5,6,0,0,4.24,12.59061,77.9406,NH44_Bangalore_Chennai,Tamil Nadu
Kerala,Unknown,2018,February,Friday,1:5,Minor,1,Car,4,4,Rainy,Urban Road,Dry,Daylight,Signals,47,27,Female,,Yes,Bridge,1,1,2,4,2,3,1,2,1,1,4,0,0,6.06,19.83863,85.48333,NH16_Kolkata_Chennai,Odisha / Andhra Pradesh
Jammu and Kashmir,Unknown,2018,July,Wednesday,14:1,Fatal,5,Auto-Rickshaw,7,2,Rainy,Village Road,Damaged,Dark,Police Checkpost,37,61,Male,Expired,Yes,Intersection,3,14,7,2,3,3,0,0,1,5,7,0,0,6.36,14.40452,75.74486,NH48_Mumbai_Bangalore,Maharashtra / Karnataka
Delhi,Rohini,2018,June,Saturday,10:30,Serious,1,Two-Wheeler,2,1,Clear,State Highway,Dry,Dark,,111,56,Male,Expired,Yes,Intersection,2,10,6,5,1,0,1,0,1,1,2,0,0,3.33,25.93361,90.19501,NH52_Barasat_Guwahati,West Bengal / Assam