State Name,City Name,Year,Month,Day of Week,Time of Day,Accident Severity,Number of Vehicles Involved,Vehicle Type Involved,Number of Casualties,Number of Fatalities,Weather Conditions,Road Type,Road Condition,Lighting Conditions,Traffic Control Presence,Speed Limit (km/h),Driver Age,Driver Gender,Driver License Status,Alcohol Involvement,Accident Location Details,severity,hour,month,day_enc,road_type_enc,weather_enc,road_cond_enc,lighting_enc,alcohol,num_vehicles,num_casualties,junction_enc,cause_enc,risk_score,latitude,longitude,highway,state_region
Tamil Nadu,Madurai,2021,December,Saturday,16:57,Fatal,1,Car,0,0,Hazy,National Highway,Damaged,Dusk,,111,25,Male,Expired,Yes,Curve,3,16,12,5,0,2,0,3,1,1,0,0,0,2.42,27.16001,77.92317,NH44_Delhi_Agra,Uttar Pradesh
Haryana,Unknown,2023,January,Tuesday,16:53,Minor,1,Auto-Rickshaw,0,2,Rainy,National Highway,Wet,Dusk,Police Checkpost,80,54,Male,,Yes,Curve,1,16,1,1,0,3,3,3,1,1,0,0,0,3.03,24.22876,75.81066,NH27_East_West,Rajasthan / MP / UP
Nagaland,Unknown,2020,May,Tuesday,5:13,Minor,2,Cycle,7,3,Clear,National Highway,Wet,Dark,,34,19,Male,Expired,No,Intersection,1,5,5,1,0,0,3,0,0,2,7,0,0,5.45,28.46337,77.27558,NH44_Delhi_Agra,Uttar Pradesh
Maharashtra,Pune,2022,June,Friday,19:19,Serious,1,Cycle,8,5,Rainy,Urban Road,Under Construction,Dusk,Signals,94,25,Male,Expired,Yes,Straight Road,2,19,6,4,2,3,2,3,1,1,8,0,0,8.79,21.13818,79.14068,NH44_Nagpur_Hyderabad,Telangana
Himachal Pradesh,Unknown,2020,June,Tuesday,15:19,Fatal,1,Truck,8,4,Rainy,National Highway,Wet,Daylight,Signals,94,61,Female,Valid,Yes,Straight Road,3,15,6,1,0,3,3,2,1,1,8,0,0,8.48,23.01011,72.62091,NH27_East_West,Rajasthan / MP / UP
Himachal Pradesh,Unknown,2022,September,Saturday,6:44,Fatal,3,Two-Wheeler,4,4,Stormy,National Highway,Dry,Dark,Signs,69,45,Male,,No,Bridge,3,6,9,5,0,4,1,0,0,3,4,0,0,6.67,26.23382,78.44466,NH44_Agra_Nagpur,Madhya Pradesh
Chhattisgarh,Unknown,2019,August,Sunday,0:28,Serious,2,Auto-Rickshaw,8,2,Clear,Village Road,Damaged,Dusk,,36,24,Male,Expired,Yes,Straight Road,2,0,8,6,3,0,0,3,1,2,8,0,0,6.06,23.59045,85.29432,NH19_Delhi_Kolkata,Uttar Pradesh / Bihar
Puducherry,Unknown,2018,July,Friday,22:2,Serious,3,Pedestrian,2,4,Stormy,National Highway,Dry,Daylight,Signs,117,52,Female,Expired,No,Bridge,2,22,7,4,0,4,1,2,0,3,2,0,0,5.45,16.09662,74.50439,NH48_Mumbai_Bangalore,Maharashtra / Karnataka
Gujarat,Surat,2022,August,Sunday,7:11,Minor,1,Auto-Rickshaw,10,0,Clear,Urban Road,Dry,Dark,Signals,120,46,Male,Expired,Yes,Bridge,1,7,8,6,2,0,1,0,1,1,10,0,0,4.24,17.3633,78.42466,NH44_Nagpur_Hyderabad,Telangana
Chandigarh,Unknown,2023,September,Tuesday,8:59,Serious,5,Two-Wheeler,1,4,Rainy,Village Road,Damaged,Dark,,115,44,Male,Valid,Yes,Intersection,2,8,9,1,3,3,0,0,1,5,1,0,0,5.76,18.70469,78.26576,NH44_Nagpur_Hyderabad,Telangana
Haryana,Unknown,2018,May,Tuesday,1:43,Fatal,4,Bus,2,1,Rainy,Village Road,Under Construction,Dark,Signs,66,36,Female,,Yes,Bridge,3,1,5,1,3,3,2,0,1,4,2,0,0,3.94,24.28214,75.90992,NH27_East_West,Rajasthan / MP / UP
Karnataka,Bangalore,2019,October,Saturday,22:5,Minor,4,Cycle,0,5,Rainy,State Highway,Under Construction,Dusk,Signals,90,69,Male,Valid,No,Intersection,1,22,10,5,1,3,2,3,0,4,0,0,0,5.15,23.4886,79.39767,NH44_Agra_Nagpur,Madhya Pradesh
Jammu and Kashmir,Unknown,2020,March,Friday,20:15,Fatal,5,Two-Wheeler,7,3,Foggy,State Highway,Under Construction,Dark,,49,47,Female,,No,Bridge,3,20,3,4,1,1,2,0,0,5,7,0,0,6.67,19.10478,72.85008,NH66_West_Coast,Maharashtra / Kerala
Rajasthan,Jaipur,2019,April,Saturday,6:58,Serious,5,Pedestrian,9,0,Foggy,National Highway,Dry,Dark,Signals,101,18,Female,Valid,Yes,Bridge,2,6,4,5,0,1,1,0,1,5,9,0,0,4.55,19.85848,78.78199,NH44_Nagpur_Hyderabad,Telangana
West Bengal,Siliguri,2021,June,Saturday,11:9,Serious,2,Cycle,4,4,Foggy,State Highway,Dry,Dawn,Signs,89,31,Male,Expired,Yes,Straight Road,2,11,6,5,1,1,1,1,1,2,4,0,0,6.67,15.91091,80.2925,NH16_Kolkata_Chennai,Odisha / Andhra Pradesh
Punjab,Unknown,2021,April,Tuesday,17:24,Minor,4,Two-Wheeler,2,0,Rainy,State Highway,Damaged,Dawn,Signs,45,36,Male,,Yes,Intersection,1,17,4,1,1,3,0,1,1,4,2,0,0,1.82,28.25054,77.12458,NH44_Delhi_Agra,Uttar Pradesh
Maharashtra,Nagpur,2022,July,Monday,22:51,Serious,2,Truck,10,2,Clear,State Highway,Under Construction,Dawn,Police Checkpost,90,39,Female,Expired,Yes,Bridge,2,22,7,0,1,0,2,1,1,2,10,0,0,6.67,27.62136,77.55531,NH44_Delhi_Agra,Uttar Pradesh
Sikkim,Unknown,2022,June,Wednesday,21:7,Serious,5,Pedestrian,1,0,Rainy,National Highway,Dry,Dusk,Signals,61,64,Male,,No,Intersection,2,21,6,2,0,3,1,3,0,5,1,0,0,1.52,12.48058,74.76625,NH66_West_Coast,Maharashtra / Kerala
Jharkhand,Unknown,2023,March,Tuesday,2:32,Minor,4,Bus,6,4,Foggy,Urban Road,Wet,Dark,Signs,47,20,Male,Valid,No,Curve,1,2,3,1,2,1,3,0,0,4,6,0,0,6.06,32.01839,77.15093,NH22_Shimla_Manali,Himachal Pradesh
Puducherry,Unknown,2020,October,Monday,19:12,Fatal,1,Auto-Rickshaw,8,0,Foggy,Village Road,Under Construction,Dusk,Signals,116,52,Male,Expired,No,Bridge,3,19,10,0,3,1,2,3,0,1,8,0,0,4.24,27.49913,78.2089,NH19_Delhi_Kolkata,Uttar Pradesh / Bihar
Tamil Nadu,Coimbatore,2023,April,Monday,16:9,Minor,4,Truck,5,2,Stormy,Urban Road,Dry,Daylight,,47,27,Male,,No,Curve,1,16,4,0,2,4,1,2,0,4,5,0,0,3.94,24.1988,75.88138,NH27_East_West,Rajasthan / MP / UP
Madhya Pradesh,Unknown,2020,November,Monday,17:37,Minor,4,Pedestrian,9,4,Rainy,State Highway,Dry,Dark,,43,56,Female,,No,Intersection,1,17,11,0,1,3,1,0,0,4,9,0,0,6.97,23.03781,80.42339,NH7_Varanasi_Kanyakumari,MP / Karnataka / TN
Odisha,Unknown,2022,April,Thursday,14:30,Minor,2,Auto-Rickshaw,6,3,Rainy,Urban Road,Wet,Daylight,,65,37,Male,,No,Straight Road,1,14,4,3,2,3,3,2,0,2,6,0,0,5.15,26.77598,80.92049,NH27_East_West,Rajasthan / MP / UP
Kerala,Unknown,2020,August,Saturday,11:48,Minor,1,Cycle,7,1,Hazy,National Highway,Under Construction,Dawn,Signals,82,41,Male,Valid,No,Intersection,1,11,8,5,0,2,2,1,0,1,7,0,0,3.64,19.80856,78.82158,NH44_Nagpur_Hyderabad,Telangana
Chandigarh,Unknown,2018,July,Saturday,7:37,Fatal,1,Car,1,3,Hazy,Village Road,Dry,Daylight,Signs,47,59,Female,,No,Bridge,3,7,7,5,3,2,1,2,0,1,1,0,0,4.85,26.98509,78.08676,NH44_Delhi_Agra,Uttar Pradesh
Sikkim,Unknown,2023,June,Saturday,3:44,Fatal,3,Bus,7,1,Hazy,Urban Road,Dry,Dusk,Police Checkpost,95,18,Male,Valid,Yes,Curve,3,3,6,5,2,2,1,3,1,3,7,0,0,5.45,17.60989,78.55694,NH44_Nagpur_Hyderabad,Telangana
Uttar Pradesh,Kanpur,2021,November,Wednesday,17:17,Minor,3,Truck,7,3,Hazy,Village Road,Under Construction,Daylight,Signals,64,46,Female,Valid,No,Curve,1,17,11,2,3,2,2,2,0,3,7,0,0,5.45,27.81144,77.43876,NH44_Delhi_Agra,Uttar Pradesh
Sikkim,Unknown,2023,November,Saturday,2:58,Serious,3,Auto-Rickshaw,6,3,Rainy,Urban Road,Damaged,Dark,Signals,47,68,Male,Valid,Yes,Curve,2,2,11,5,2,3,0,0,1,3,6,0,0,6.36,32.2771,77.15624,NH22_Shimla_Manali,Himachal Pradesh
Uttarakhand,Unknown,2023,October,Sunday,8:21,Serious,4,Pedestrian,2,2,Stormy,Urban Road,Under Construction,Dawn,Signs,77,41,Male,,No,Curve,2,8,10,6,2,4,2,1,0,4,2,0,0,3.64,21.70548,69.54743,NH27_East_West,Rajasthan / MP / UP
Chhattisgarh,Unknown,2020,December,Monday,13:0,Minor,3,Pedestrian,1,4,Rainy,Urban Road,Wet,Dusk,Police Checkpost,35,55,Female,Valid,No,Intersection,1,13,12,0,2,3,3,3,0,3,1,0,0,4.55,16.98605,78.36936,NH44_Hyderabad_Bangalore,Karnataka
Karnataka,Bangalore,2019,November,Saturday,12:3,Fatal,2,Cycle,9,1,Foggy,Village Road,Damaged,Dark,Police Checkpost,54,29,Male,Valid,No,Bridge,3,12,11,5,3,1,0,0,0,2,9,0,0,5.45,30.69215,79.58589,NH58_Delhi_Badrinath,Uttarakhand
Telangana,Unknown,2020,March,Sunday,14:33,Fatal,2,Pedestrian,0,5,Stormy,Village Road,Wet,Daylight,Police Checkpost,64,62,Female,Valid,No,Curve,3,14,3,6,3,4,3,2,0,2,0,0,0,6.36,27.75591,77.49252,NH44_Delhi_Agra,Uttar Pradesh
Chhattisgarh,Unknown,2018,August,Thursday,23:21,Serious,4,Bus,9,2,Rainy,State Highway,Under Construction,Dark,Signs,56,39,Female,,Yes,Intersection,2,23,8,3,1,3,2,0,1,4,9,0,0,6.36,27.68625,77.5029,NH44_Delhi_Agra,Uttar Pradesh
Himachal Pradesh,Unknown,2021,June,Saturday,10:30,Minor,1,Pedestrian,3,1,Rainy,Urban Road,Damaged,Dusk,Police Checkpost,96,32,Male,,No,Bridge,1,10,6,5,2,3,0,3,0,1,3,0,0,2.42,11.2673,77.82546,NH7_Varanasi_Kanyakumari,MP / Karnataka / TN
Odisha,Unknown,2020,August,Wednesday,1:10,Minor,2,Pedestrian,7,1,Foggy,Village Road,Dry,Daylight,Signals,38,53,Male,Expired,No,Bridge,1,1,8,2,3,1,1,2,0,2,7,0,0,3.64,25.72085,82.23565,NH19_Delhi_Kolkata,Uttar Pradesh / Bihar
Arunachal Pradesh,Unknown,2018,November,Saturday,13:10,Fatal,5,Car,0,4,Stormy,National Highway,Under Construction,Dusk,,120,47,Female,,No,Straight Road,3,13,11,5,0,4,2,3,0,5,0,0,0,5.45,18.23435,80.80801,NH30_Patna_Visakhapatnam,Chhattisgarh
Delhi,New Delhi,2022,December,Friday,0:0,Minor,3,Bus,2,1,Stormy,Village Road,Under Construction,Daylight,,34,55,Male,Valid,Yes,Bridge,1,0,12,4,3,4,2,2,1,3,2,0,0,2.73,21.41389,82.42579,NH30_Patna_Visakhapatnam,Chhattisgarh
Jammu and Kashmir,Unknown,2022,February,Friday,17:21,Minor,1,Car,2,1,Hazy,State Highway,Under Construction,Dawn,Police Checkpost,53,22,Female,Valid,No,Intersection,1,17,2,4,1,2,2,1,0,1,2,0,0,2.12,15.91164,77.11536,NH44_Hyderabad_Bangalore,Karnataka
Kerala,Unknown,2023,October,Tuesday,0:15,Fatal,4,Auto-Rickshaw,0,5,Clear,Urban Road,Dry,Daylight,Police Checkpost,37,33,Male,,No,Bridge,3,0,10,1,2,0,1,2,0,4,0,0,0,6.36,23.40946,88.84944,NH52_Barasat_Guwahati,West Bengal / Assam
Himachal Pradesh,Unknown,2021,December,Tuesday,16:22,Serious,5,Cycle,3,3,Foggy,Urban Road,Damaged,Daylight,Signals,42,26,Female,,Yes,Intersection,2,16,12,1,2,1,0,2,1,5,3,0,0,5.45,25.81066,82.22157,NH19_Delhi_Kolkata,Uttar Pradesh / Bihar
Tamil Nadu,Chennai,2022,June,Sunday,16:48,Fatal,4,Cycle,3,5,Hazy,State Highway,Dry,Daylight,Signals,53,28,Male,,Yes,Curve,3,16,6,6,1,2,1,2,1,4,3,0,0,7.88,19.28221,84.83004,NH16_Kolkata_Chennai,Odisha / Andhra Pradesh
Arunachal Pradesh,Unknown,2020,November,Sunday,3:28,Serious,3,Truck,0,5,Hazy,Urban Road,Damaged,Dusk,Signs,35,58,Female,Valid,Yes,Bridge,2,3,11,6,2,2,0,3,1,3,0,0,0,6.36,21.08057,79.05736,NH44_Nagpur_Hyderabad,Telangana
Maharashtra,Nagpur,2022,December,Sunday,22:36,Serious,5,Two-Wheeler,1,3,Foggy,State Highway,Wet,Dawn,,68,33,Male,Expired,No,Intersection,2,22,12,6,1,1,3,1,0,5,1,0,0,4.24,9.94175,77.48886,NH7_Varanasi_Kanyakumari,MP / Karnataka / TN
Goa,Unknown,2021,May,Wednesday,21:33,Minor,5,Auto-Rickshaw,10,5,Clear,Urban Road,Wet,Dawn,Police Checkpost,110,54,Male,Expired,No,Straight Road,1,21,5,2,2,0,3,1,0,5,10,0,0,8.18,17.67791,83.35469,NH16_Kolkata_Chennai,Odisha / Andhra Pradesh
Delhi,New Delhi,2018,February,Wednesday,16:37,Fatal,4,Truck,10,5,Stormy,National Highway,Damaged,Daylight,Signs,113,49,Female,Valid,No,Curve,3,16,2,2,0,4,0,2,0,4,10,0,0,9.39,23.03308,79.45714,NH44_Agra_Nagpur,Madhya Pradesh
Telangana,Unknown,2020,October,Thursday,23:44,Minor,5,Cycle,3,3,Foggy,National Highway,Dry,Dusk,Signals,43,28,Male,Expired,Yes,Bridge,1,23,10,3,0,1,1,3,1,5,3,0,0,4.85,13.91352,75.585,NH48_Mumbai_Bangalore,Maharashtra / Karnataka
Uttar Pradesh,Varanasi,2022,January,Saturday,19:18,Minor,5,Bus,5,0,Rainy,National Highway,Dry,Dawn,,43,64,Male,,No,Straight Road,1,19,1,5,0,3,1,1,0,5,5,0,0,2.12,19.13733,72.93547,NH48_Mumbai_Bangalore,Maharashtra / Karnataka
Punjab,Unknown,2019,July,Wednesday,1:22,Minor,4,Two-Wheeler,0,3,Hazy,State Highway,Dry,Dusk,Signals,102,61,Female,,No,Curve,1,1,7,2,1,2,1,3,0,4,0,0,0,3.33,17.42816,78.42667,NH9_Pune_Hyderabad,Maharashtra / Telangana
Gujarat,Vadodara,2022,April,Tuesday,13:33,Serious,1,Two-Wheeler,9,0,Hazy,State Highway,Under Construction,Daylight,Police Checkpost,89,37,Female,Expired,Yes,Curve,2,13,4,1,1,2,2,2,1,1,9,0,0,4.55,12.14199,78.43583,NH44_Bangalore_Chennai,Tamil Nadu
Nagaland,Unknown,2020,January,Tuesday,1:48,Fatal,4,Truck,0,2,Hazy,National Highway,Dry,Daylight,,101,50,Male,Expired,Yes,Curve,3,1,1,1,0,2,1,2,1,4,0,0,0,4.24,26.23943,78.46327,NH44_Agra_Nagpur,Madhya Pradesh
Uttarakhand,Unknown,2020,February,Tuesday,7:59,Fatal,2,Two-Wheeler,8,1,Stormy,Village Road,Under Construction,Daylight,,45,62,Male,Valid,Yes,Bridge,3,7,2,1,3,4,2,2,1,2,8,0,0,5.76,21.10254,79.05225,NH44_Nagpur_Hyderabad,Telangana
Chandigarh,Unknown,2018,March,Friday,18:47,Serious,1,Car,5,1,Rainy,Village Road,Under Construction,Dusk,Police Checkpost,82,49,Male,Valid,No,Intersection,2,18,3,4,3,3,2,3,0,1,5,0,0,3.64,12.88811,79.87965,NH44_Bangalore_Chennai,Tamil Nadu
Meghalaya,Unknown,2019,August,Saturday,9:8,Fatal,3,Two-Wheeler,6,1,Rainy,State Highway,Under Construction,Dusk,,104,22,Female,,Yes,Straight Road,3,9,8,5,1,3,2,3,1,3,6,0,0,5.15,8.83304,77.45198,NH66_West_Coast,Maharashtra / Kerala
Karnataka,Mysore,2022,November,Friday,7:45,Serious,4,Bus,5,5,Stormy,Village Road,Dry,Dark,Police Checkpost,41,45,Female,,Yes,Straight Road,2,7,11,4,3,4,1,0,1,4,5,0,0,7.88,26.84742,80.92184,NH19_Delhi_Kolkata,Uttar Pradesh / Bihar
Meghalaya,Unknown,2023,December,Tuesday,23:34,Serious,2,Pedestrian,8,5,Stormy,Village Road,Wet,Dark,Signs,109,21,Female,Valid,Yes,Bridge,2,23,12,1,3,4,3,0,1,2,8,0,0,8.79,19.16755,78.56961,NH44_Nagpur_Hyderabad,Telangana
Haryana,Unknown,2019,February,Tuesday,12:41,Serious,2,Truck,6,5,Clear,Village Road,Under Construction,Dawn,Signs,49,51,Female,Valid,Yes,Bridge,2,12,2,1,3,0,2,1,1,2,6,0,0,8.18,13.09837,80.23371,NH44_Bangalore_Chennai,Tamil Nadu
Gujarat,Surat,2023,March,Friday,22:9,Serious,5,Truck,2,4,Rainy,National Highway,Wet,Dusk,Signals,31,18,Female,,Yes,Straight Road,2,22,3,4,0,3,3,3,1,5,2,0,0,6.06,22.35137,72.19299,NH48_Delhi_Mumbai,Rajasthan / Gujarat
Sikkim,Unknown,2022,March,Tuesday,5:20,Serious,2,Truck,8,4,Hazy,National Highway,Dry,Dusk,Signs,31,49,Male,,No,Intersection,2,5,3,1,0,2,1,3,0,2,8,0,0,7.27,25.84652,79.38685,NH27_East_West,Rajasthan / MP / UP
Jharkhand,Unknown,2019,June,Friday,1:33,Serious,4,Cycle,10,0,Foggy,National Highway,Under Construction,Dark,Signals,40,63,Male,,No,Straight Road,2,1,6,4,0,1,2,0,0,4,10,0,0,4.24,24.84908,83.93565,NH19_Delhi_Kolkata,Uttar Pradesh / Bihar
Goa,Unknown,2021,September,Friday,6:3,Minor,4,Truck,1,0,Clear,Urban Road,Damaged,Daylight,Police Checkpost,39,33,Male,Expired,No,Intersection,1,6,9,4,2,0,0,2,0,4,1,0,0,0.91,22.34206,79.08663,NH44_Agra_Nagpur,Madhya Pradesh
Telangana,Unknown,2022,September,Thursday,8:56,Serious,4,Auto-Rickshaw,4,3,Stormy,Village Road,Under Construction,Dusk,Signals,31,50,Male,Valid,Yes,Bridge,2,8,9,3,3,4,2,3,1,4,4,0,0,5.76,22.57956,88.36884,NH19_Delhi_Kolkata,Uttar Pradesh / Bihar
Telangana,Unknown,2022,March,Wednesday,8:6,Minor,5,Auto-Rickshaw,4,5,Stormy,State Highway,Under Construction,Dusk,Police Checkpost,113,46,Female,,No,Bridge,1,8,3,2,1,4,2,3,0,5,4,0,0,6.36,24.64431,78.9629,NH44_Agra_Nagpur,Madhya Pradesh
Haryana,Unknown,2019,March,Sunday,9:39,Minor,3,Pedestrian,3,0,Stormy,Village Road,Dry,Dawn,Signs,90,48,Female,Valid,No,Curve,1,9,3,6,3,4,1,1,0,3,3,0,0,1.52,20.06909,73.38654,NH48_Delhi_Mumbai,Rajasthan / Gujarat
Puducherry,Unknown,2021,February,Sunday,1:47,Fatal,3,Pedestrian,10,3,Stormy,National Highway,Dry,Dusk,Police Checkpost,67,55,Female,,No,Intersection,3,1,2,6,0,4,1,3,0,3,10,0,0,7.58,24.88964,83.92933,NH19_Delhi_Kolkata,Uttar Pradesh / Bihar
Goa,Unknown,2018,January,Saturday,12:7,Fatal,2,Pedestrian,7,5,Hazy,Village Road,Under Construction,Dark,,117,39,Male,,Yes,Straight Road,3,12,1,5,3,2,2,0,1,2,7,0,0,9.09,27.17989,77.90532,NH44_Delhi_Agra,Uttar Pradesh
Gujarat,Vadodara,2021,June,Friday,2:27,Minor,5,Bus,2,3,Clear,National Highway,Dry,Dusk,,118,35,Female,Expired,No,Bridge,1,2,6,4,0,0,1,3,0,5,2,0,0,3.94,31.51469,77.22333,NH22_Shimla_Manali,Himachal Pradesh
Haryana,Unknown,2022,January,Sunday,11:42,Minor,5,Two-Wheeler,9,2,Hazy,Urban Road,Damaged,Daylight,Signs,92,67,Female,,No,Straight Road,1,11,1,6,2,2,0,2,0,5,9,0,0,5.15,12.82628,77.67647,NH44_Bangalore_Chennai,Tamil Nadu
Puducherry,Unknown,2020,May,Saturday,21:52,Fatal,1,Car,1,0,Clear,State Highway,Damaged,Dark,Signs,95,31,Male,Valid,Yes,Straight Road,3,21,5,5,1,0,0,0,1,1,1,0,0,2.73,24.1305,73.42789,NH48_Delhi_Mumbai,Rajasthan / Gujarat
Jharkhand,Unknown,2021,September,Wednesday,20:39,Serious,1,Car,3,0,Stormy,Village Road,Under Construction,Dawn,Police Checkpost,95,19,Female,Valid,No,Intersection,2,20,9,2,3,4,2,1,0,1,3,0,0,2.12,24.85386,83.86672,NH19_Delhi_Kolkata,Uttar Pradesh / Bihar
Goa,Unknown,2019,April,Friday,14:14,Serious,1,Car,6,5,Clear,National Highway,Damaged,Dark,Police Checkpost,78,36,Male,Valid,No,Straight Road,2,14,4,4,0,0,0,0,0,1,6,0,0,7.58,31.94401,77.49678,NH22_Shimla_Manali,Himachal Pradesh
Bihar,Unknown,2018,October,Sunday,15:54,Minor,3,Auto-Rickshaw,1,2,Hazy,National Highway,Under Construction,Dusk,Signals,65,40,Male,Expired,No,Intersection,1,15,10,6,0,2,2,3,0,3,1,0,0,2.73,25.90983,90.27671,NH52_Barasat_Guwahati,West Bengal / Assam
Jammu and Kashmir,Unknown,2023,February,Monday,0:6,Serious,5,Auto-Rickshaw,2,1,Rainy,Village Road,Wet,Dawn,Police Checkpost,52,50,Male,Expired,Yes,Bridge,2,0,2,0,3,3,3,1,1,5,2,0,0,3.33,30.22643,79.0558,NH58_Delhi_Badrinath,Uttarakhand
Jammu and Kashmir,Unknown,2023,February,Friday,14:10,Serious,2,Car,4,1,Rainy,National Highway,Dry,Dark,Signs,61,29,Male,Valid,Yes,Bridge,2,14,2,4,0,3,1,0,1,2,4,0,0,3.94,27.00505,78.15785,NH44_Delhi_Agra,Uttar Pradesh
Madhya Pradesh,Unknown,2023,October,Friday,7:18,Fatal,2,Truck,3,0,Clear,National Highway,Wet,Dark,Signals,85,23,Female,Valid,No,Straight Road,3,7,10,4,0,0,3,0,0,2,3,0,0,2.73,20.65124,73.14564,NH48_Delhi_Mumbai,Rajasthan / Gujarat
Arunachal Pradesh,Unknown,2019,March,Saturday,5:38,Fatal,5,Bus,9,2,Hazy,State Highway,Damaged,Daylight,Signs,119,44,Male,Valid,Yes,Intersection,3,5,3,5,1,2,0,2,1,5,9,0,0,6.97,20.52557,78.95787,NH44_Nagpur_Hyderabad,Telangana
Uttar Pradesh,Kanpur,2020,September,Wednesday,10:4,Fatal,2,Truck,0,3,Hazy,State Highway,Under Construction,Dusk,Police Checkpost,31,59,Female,,Yes,Straight Road,3,10,9,2,1,2,2,3,1,2,0,0,0,5.15,11.21727,75.82086,NH66_West_Coast,Maharashtra / Kerala
Meghalaya,Unknown,2023,June,Thursday,8:14,Fatal,3,Pedestrian,0,2,Stormy,Village Road,Damaged,Dusk,Police Checkpost,115,58,Female,Expired,No,Bridge,3,8,6,3,3,4,0,3,0,3,0,0,0,3.64,27.298,82.44579,NH27_East_West,Rajasthan / MP / UP
Rajasthan,Udaipur,2021,May,Sunday,0:11,Serious,5,Car,8,4,Rainy,Urban Road,Wet,Dark,Signals,105,48,Female,,Yes,Intersection,2,0,5,6,2,3,3,0,1,5,8,0,0,7.88,23.05169,86.99199,NH19_Delhi_Kolkata,Uttar Pradesh / Bihar
Delhi,Rohini,2023,March,Tuesday,9:2,Minor,2,Truck,7,5,Foggy,Urban Road,Wet,Daylight,Police Checkpost,40,32,Female,Expired,Yes,Intersection,1,9,3,1,2,1,3,2,1,2,7,0,0,7.88,18.54434,73.85554,NH48_Mumbai_Bangalore,Maharashtra / Karnataka
Mizoram,Unknown,2022,February,Wednesday,14:0,Serious,5,Truck,8,2,Clear,Village Road,Dry,Daylight,Police Checkpost,35,35,Male,Valid,Yes,Curve,2,14,2,2,3,0,1,2,1,5,8,0,0,6.06,25.1695,74.60982,NH48_Delhi_Mumbai,Rajasthan / Gujarat
Nagaland,Unknown,2021,February,Tuesday,16:7,Minor,2,Truck,6,0,Foggy,Village Road,Dry,Dawn,Signals,88,70,Female,Expired,Yes,Intersection,1,16,2,1,3,1,1,1,1,2,6,0,0,3.03,17.63828,78.51637,NH44_Nagpur_Hyderabad,Telangana
Kerala,Unknown,2022,August,Wednesday,22:12,Minor,4,Truck,4,0,Hazy,Village Road,Under Construction,Dusk,Police Checkpost,62,21,Male,Valid,Yes,Intersection,1,22,8,2,3,2,2,3,1,4,4,0,0,2.42,10.80304,76.26638,NH66_West_Coast,Maharashtra / Kerala
Himachal Pradesh,Unknown,2020,July,Monday,19:19,Serious,5,Cycle,5,5,Stormy,Village Road,Dry,Dark,Police Checkpost,61,69,Male,Valid,Yes,Curve,2,19,7,0,3,4,1,0,1,5,5,0,0,7.88,23.44456,83.84932,NH30_Patna_Visakhapatnam,Chhattisgarh
Uttarakhand,Unknown,2018,August,Friday,19:58,Minor,1,Bus,10,2,Stormy,State Highway,Dry,Dusk,Police Checkpost,120,29,Female,Valid,Yes,Bridge,1,19,8,4,1,4,1,3,1,1,10,0,0,6.06,21.14462,79.04398,NH7_Varanasi_Kanyakumari,MP / Karnataka / TN
Uttar Pradesh,Kanpur,2023,October,Friday,6:13,Serious,1,Two-Wheeler,4,1,Foggy,State Highway,Damaged,Dawn,Police Checkpost,120,20,Male,Valid,Yes,Intersection,2,6,10,4,1,1,0,1,1,1,4,0,0,3.94,27.8672,77.46962,NH44_Delhi_Agra,Uttar Pradesh
Mizoram,Unknown,2020,April,Saturday,3:34,Fatal,2,Bus,9,5,Stormy,Village Road,Dry,Dusk,Signals,120,44,Female,,Yes,Straight Road,3,3,4,5,3,4,1,3,1,2,9,0,0,9.7,25.88377,74.99875,NH48_Delhi_Mumbai,Rajasthan / Gujarat
Arunachal Pradesh,Unknown,2021,May,Tuesday,5:25,Fatal,3,Two-Wheeler,7,5,Hazy,Urban Road,Dry,Daylight,,33,63,Male,Expired,No,Bridge,3,5,5,1,2,2,1,2,0,3,7,0,0,8.48,18.59634,78.35975,NH44_Nagpur_Hyderabad,Telangana
Nagaland,Unknown,2020,July,Tuesday,23:36,Fatal,4,Bus,6,1,Clear,State Highway,Under Construction,Dawn,Signals,106,64,Female,Valid,Yes,Curve,3,23,7,1,1,0,2,1,1,4,6,0,0,5.15,29.20238,78.03287,NH58_Delhi_Badrinath,Uttarakhand
Bihar,Unknown,2019,December,Saturday,6:39,Fatal,4,Bus,8,0,Hazy,Urban Road,Wet,Dusk,Signs,74,33,Male,Expired,Yes,Straight Road,3,6,12,5,2,2,3,3,1,4,8,0,0,4.85,16.60067,73.71468,NH66_West_Coast,Maharashtra / Kerala
Delhi,Dwarka,2020,April,Wednesday,23:54,Minor,3,Auto-Rickshaw,9,0,Foggy,Urban Road,Under Construction,Dawn,,79,19,Male,Valid,Yes,Intersection,1,23,4,2,2,1,2,1,1,3,9,0,0,3.94,12.91181,77.56509,NH44_Hyderabad_Bangalore,Karnataka
Punjab,Unknown,2022,May,Thursday,22:25,Serious,1,Pedestrian,7,5,Foggy,National Highway,Dry,Dusk,Signals,69,19,Male,,No,Curve,2,22,5,3,0,1,1,3,0,1,7,0,0,7.88,25.849,79.48942,NH27_East_West,Rajasthan / MP / UP