State Name,City Name,Year,Month,Day of Week,Time of Day,Accident Severity,Number of Vehicles Involved,Vehicle Type Involved,Number of Casualties,Number of Fatalities,Weather Conditions,Road Type,Road Condition,Lighting Conditions,Traffic Control Presence,Speed Limit (km/h),Driver Age,Driver Gender,Driver License Status,Alcohol Involvement,Accident Location Details,severity,hour,month,day_enc,road_type_enc,weather_enc,road_cond_enc,lighting_enc,alcohol,num_vehicles,num_casualties,junction_enc,cause_enc,risk_score,latitude,longitude,highway,state_region
Chandigarh,Unknown,2022,May,Sunday,7:15,Minor,2,Pedestrian,1,3,Stormy,State Highway,Dry,Dark,Signs,73,28,Female,Valid,Yes,Bridge,1,7,5,6,1,4,1,0,1,2,1,0,0,4.24,12.59769,79.51622,NH44_Bangalore_Chennai,Tamil Nadu
West Bengal,Kolkata,2019,November,Friday,2:15,Serious,1,Two-Wheeler,7,2,Rainy,National Highway,Damaged,Dawn,Police Checkpost,71,38,Male,Expired,Yes,Curve,2,2,11,4,0,3,0,1,1,1,7,0,0,5.76,25.46051,89.92103,NH27_East_West,Rajasthan / MP / UP
Jharkhand,Unknown,2020,July,Sunday,17:40,Fatal,5,Car,0,2,Foggy,Urban Road,Dry,Daylight,,38,26,Female,,Yes,Intersection,3,17,7,6,2,1,1,2,1,5,0,0,0,4.24,27.96639,77.31855,NH44_Delhi_Agra,Uttar Pradesh
Tripura,Unknown,2019,January,Sunday,18:48,Fatal,4,Cycle,2,5,Stormy,National Highway,Wet,Dark,Signs,97,49,Male,Valid,No,Bridge,3,18,1,6,0,4,3,0,0,4,2,0,0,6.97,22.97544,72.61004,NH27_East_West,Rajasthan / MP / UP
Tamil Nadu,Coimbatore,2018,October,Saturday,19:23,Serious,1,Bus,2,1,Foggy,State Highway,Dry,Dawn,Signs,59,18,Female,Expired,No,Straight Road,2,19,10,5,1,1,1,1,0,1,2,0,0,2.73,15.94177,80.26587,NH16_Kolkata_Chennai,Odisha / Andhra Pradesh
Goa,Unknown,2018,June,Friday,0:37,Minor,2,Car,10,5,Clear,Village Road,Wet,Dark,Signals,86,23,Male,,Yes,Straight Road,1,0,6,4,3,0,3,0,1,2,10,0,0,8.79,18.55196,73.80973,NH9_Pune_Hyderabad,Maharashtra / Telangana
Chandigarh,Unknown,2019,December,Wednesday,12:58,Minor,5,Cycle,6,4,Rainy,Urban Road,Under Construction,Daylight,,103,43,Male,,Yes,Bridge,1,12,12,2,2,3,2,2,1,5,6,0,0,6.67,13.09735,80.26857,NH44_Bangalore_Chennai,Tamil Nadu
Haryana,Unknown,2020,March,Wednesday,17:12,Serious,2,Pedestrian,8,5,Rainy,Urban Road,Under Construction,Dawn,Police Checkpost,113,34,Female,Expired,No,Intersection,2,17,3,2,2,3,2,1,0,2,8,0,0,8.18,26.71409,84.26592,NH27_East_West,Rajasthan / MP / UP
Nagaland,Unknown,2021,August,Thursday,13:19,Minor,4,Cycle,7,0,Stormy,Village Road,Dry,Daylight,Signals,103,40,Female,Valid,No,Straight Road,1,13,8,3,3,4,1,2,0,4,7,0,0,2.73,20.69242,81.85998,NH30_Patna_Visakhapatnam,Chhattisgarh
Odisha,Unknown,2021,January,Tuesday,5:52,Fatal,1,Pedestrian,1,0,Rainy,State Highway,Damaged,Dark,Signs,41,61,Male,Valid,No,Curve,3,5,1,1,1,3,0,0,0,1,1,0,0,2.12,24.22528,92.95575,NH27_East_West,Rajasthan / MP / UP
Gujarat,Ahmedabad,2019,July,Wednesday,7:25,Minor,3,Bus,10,0,Rainy,National Highway,Wet,Daylight,Police Checkpost,35,68,Male,Expired,No,Intersection,1,7,7,2,0,3,3,2,0,3,10,0,0,3.64,22.24776,70.28908,NH27_East_West,Rajasthan / MP / UP
Haryana,Unknown,2020,August,Wednesday,3:59,Fatal,3,Car,3,5,Foggy,State Highway,Under Construction,Dawn,Signs,38,67,Male,Expired,Yes,Bridge,3,3,8,2,1,1,2,1,1,3,3,0,0,7.88,24.5619,73.7202,NH48_Delhi_Mumbai,Rajasthan / Gujarat
Meghalaya,Unknown,2021,April,Monday,15:39,Serious,5,Cycle,3,0,Hazy,Village Road,Dry,Dawn,,42,38,Male,Expired,Yes,Straight Road,2,15,4,0,3,2,1,1,1,5,3,0,0,2.73,32.89309,75.19288,NH44_North,Jammu & Kashmir
Jammu and Kashmir,Unknown,2019,October,Wednesday,13:54,Serious,5,Truck,7,2,Clear,Urban Road,Wet,Dawn,Signals,103,43,Female,Expired,Yes,Bridge,2,13,10,2,2,0,3,1,1,5,7,0,0,5.76,34.10029,74.73583,NH44_North,Jammu & Kashmir
West Bengal,Kolkata,2018,January,Friday,11:11,Serious,5,Pedestrian,2,3,Clear,National Highway,Dry,Dawn,Signals,31,46,Male,Valid,Yes,Straight Road,2,11,1,4,0,0,1,1,1,5,2,0,0,5.15,12.94214,79.87852,NH44_Bangalore_Chennai,Tamil Nadu
Tripura,Unknown,2018,April,Monday,19:54,Serious,4,Two-Wheeler,2,3,Clear,Urban Road,Under Construction,Dawn,Signs,110,50,Female,Expired,No,Bridge,2,19,4,0,2,0,2,1,0,4,2,0,0,4.55,15.45369,74.97708,NH48_Mumbai_Bangalore,Maharashtra / Karnataka
Goa,Unknown,2018,May,Friday,17:21,Minor,3,Truck,4,2,Stormy,Village Road,Wet,Dusk,Police Checkpost,41,47,Female,Expired,Yes,Intersection,1,17,5,4,3,4,3,3,1,3,4,0,0,4.24,28.50795,77.25639,NH44_Delhi_Agra,Uttar Pradesh
Arunachal Pradesh,Unknown,2021,July,Sunday,15:59,Minor,3,Auto-Rickshaw,5,3,Hazy,National Highway,Damaged,Dawn,,51,37,Male,,No,Straight Road,1,15,7,6,0,2,0,1,0,3,5,0,0,4.85,28.31369,77.20562,NH44_Delhi_Agra,Uttar Pradesh
West Bengal,Siliguri,2023,November,Thursday,18:19,Serious,5,Car,7,4,Hazy,National Highway,Damaged,Dawn,,70,49,Male,Expired,Yes,Curve,2,18,11,3,0,2,0,1,1,5,7,0,0,7.58,28.30828,77.20887,NH44_Delhi_Agra,Uttar Pradesh
Gujarat,Vadodara,2020,October,Thursday,7:21,Serious,1,Bus,2,3,Hazy,State Highway,Dry,Dusk,,42,60,Male,,No,Intersection,2,7,10,3,1,2,1,3,0,1,2,0,0,4.55,25.28078,74.48952,NH48_Delhi_Mumbai,Rajasthan / Gujarat
Bihar,Unknown,2021,February,Friday,15:4,Serious,2,Car,8,0,Stormy,National Highway,Damaged,Dusk,Signs,32,60,Male,Expired,Yes,Intersection,2,15,2,4,0,4,0,3,1,2,8,0,0,4.24,27.07413,78.08812,NH44_Delhi_Agra,Uttar Pradesh
Himachal Pradesh,Unknown,2020,December,Wednesday,22:13,Minor,2,Car,0,2,Stormy,State Highway,Wet,Dawn,Signs,105,40,Male,Valid,No,Curve,1,22,12,2,1,4,3,1,0,2,0,0,0,2.42,27.61559,77.55487,NH44_Delhi_Agra,Uttar Pradesh
Haryana,Unknown,2018,May,Sunday,3:36,Serious,2,Car,8,0,Hazy,National Highway,Dry,Dusk,Signs,35,42,Male,,No,Bridge,2,3,5,6,0,2,1,3,0,2,8,0,0,3.64,25.89753,90.21303,NH52_Barasat_Guwahati,West Bengal / Assam
Manipur,Unknown,2022,September,Friday,23:52,Serious,4,Auto-Rickshaw,8,3,Hazy,Village Road,Wet,Dawn,,64,54,Female,Expired,Yes,Bridge,2,23,9,4,3,2,3,1,1,4,8,0,0,6.97,12.93839,77.57659,NH48_Mumbai_Bangalore,Maharashtra / Karnataka
Tamil Nadu,Chennai,2021,December,Sunday,2:43,Fatal,4,Auto-Rickshaw,5,4,Stormy,Urban Road,Wet,Dusk,,31,56,Male,Valid,No,Bridge,3,2,12,6,2,4,3,3,0,4,5,0,0,6.97,24.94181,82.50711,NH7_Varanasi_Kanyakumari,MP / Karnataka / TN
Chandigarh,Unknown,2018,December,Sunday,23:1,Serious,1,Cycle,4,2,Stormy,National Highway,Under Construction,Daylight,,78,52,Male,Valid,Yes,Intersection,2,23,12,6,0,4,2,2,1,1,4,0,0,4.85,22.73493,88.56131,NH52_Barasat_Guwahati,West Bengal / Assam
Chhattisgarh,Unknown,2022,January,Saturday,5:4,Serious,2,Car,5,4,Clear,National Highway,Damaged,Daylight,Signs,105,32,Female,,No,Curve,2,5,1,5,0,0,0,2,0,2,5,0,0,6.36,27.4142,78.20113,NH19_Delhi_Kolkata,Uttar Pradesh / Bihar
Goa,Unknown,2020,June,Saturday,6:17,Minor,2,Pedestrian,8,4,Rainy,National Highway,Damaged,Dawn,Police Checkpost,100,30,Female,,Yes,Straight Road,1,6,6,5,0,3,0,1,1,2,8,0,0,7.27,22.30068,79.06886,NH44_Agra_Nagpur,Madhya Pradesh
Himachal Pradesh,Unknown,2022,October,Saturday,4:10,Fatal,4,Truck,6,1,Foggy,Urban Road,Under Construction,Daylight,Signals,70,33,Female,Expired,No,Intersection,3,4,10,5,2,1,2,2,0,4,6,0,0,4.55,23.88704,79.06194,NH44_Agra_Nagpur,Madhya Pradesh
Tamil Nadu,Coimbatore,2020,April,Sunday,10:19,Fatal,2,Auto-Rickshaw,1,5,Rainy,Village Road,Dry,Dawn,Signals,73,51,Male,Expired,No,Bridge,3,10,4,6,3,3,1,1,0,2,1,0,0,6.67,12.39429,78.13129,NH44_Bangalore_Chennai,Tamil Nadu
Arunachal Pradesh,Unknown,2022,February,Saturday,6:8,Serious,2,Car,5,4,Foggy,Village Road,Wet,Dark,Police Checkpost,47,37,Male,Expired,Yes,Curve,2,6,2,5,3,1,3,0,1,2,5,0,0,6.97,26.17987,86.49008,NH27_East_West,Rajasthan / MP / UP
Delhi,Dwarka,2019,August,Tuesday,22:40,Serious,5,Auto-Rickshaw,10,2,Clear,Village Road,Wet,Dusk,Signals,97,60,Male,Expired,Yes,Curve,2,22,8,1,3,0,3,3,1,5,10,0,0,6.67,23.47045,73.17516,NH27_East_West,Rajasthan / MP / UP
Odisha,Unknown,2021,May,Wednesday,10:2,Minor,5,Auto-Rickshaw,10,4,Stormy,Urban Road,Wet,Dawn,Signals,57,24,Male,Expired,No,Bridge,1,10,5,2,2,4,3,1,0,5,10,0,0,7.27,14.92513,79.96542,NH16_Kolkata_Chennai,Odisha / Andhra Pradesh
Karnataka,Mysore,2021,May,Friday,10:18,Minor,5,Cycle,5,3,Clear,Urban Road,Dry,Dark,Police Checkpost,53,47,Female,Expired,Yes,Intersection,1,10,5,4,2,0,1,0,1,5,5,0,0,5.45,32.2669,74.99818,NH44_North,Jammu & Kashmir
Mizoram,Unknown,2018,August,Wednesday,13:30,Fatal,2,Car,0,5,Foggy,Urban Road,Under Construction,Dark,Signs,114,53,Male,,Yes,Bridge,3,13,8,2,2,1,2,0,1,2,0,0,0,6.97,13.90669,75.53502,NH48_Mumbai_Bangalore,Maharashtra / Karnataka
Nagaland,Unknown,2019,October,Wednesday,17:33,Fatal,1,Truck,3,5,Hazy,State Highway,Damaged,Dawn,Police Checkpost,34,51,Male,Expired,Yes,Bridge,3,17,10,2,1,2,0,1,1,1,3,0,0,7.88,12.93324,79.91246,NH44_Bangalore_Chennai,Tamil Nadu
Telangana,Unknown,2023,January,Tuesday,16:13,Serious,1,Car,10,3,Foggy,State Highway,Wet,Dark,,102,33,Male,Expired,No,Straight Road,2,16,1,1,1,1,3,0,0,1,10,0,0,6.97,19.9119,85.45238,NH16_Kolkata_Chennai,Odisha / Andhra Pradesh
Puducherry,Unknown,2021,June,Thursday,3:26,Fatal,4,Bus,3,4,Foggy,Urban Road,Under Construction,Dark,,103,39,Male,Expired,Yes,Bridge,3,3,6,3,2,1,2,0,1,4,3,0,0,6.97,20.62919,79.05637,NH44_Nagpur_Hyderabad,Telangana
Haryana,Unknown,2021,November,Wednesday,14:28,Minor,4,Auto-Rickshaw,2,2,Rainy,National Highway,Under Construction,Daylight,,37,49,Female,,No,Curve,1,14,11,2,0,3,2,2,0,4,2,0,0,3.03,22.52271,88.43185,NH19_Delhi_Kolkata,Uttar Pradesh / Bihar
Puducherry,Unknown,2020,April,Friday,21:30,Serious,5,Cycle,7,5,Hazy,Village Road,Wet,Dusk,Signals,54,37,Female,Expired,No,Intersection,2,21,4,4,3,2,3,3,0,5,7,0,0,7.88,17.71729,78.54486,NH44_Nagpur_Hyderabad,Telangana
Mizoram,Unknown,2023,May,Thursday,14:43,Serious,3,Car,8,5,Stormy,National Highway,Dry,Dusk,Signs,100,69,Female,,Yes,Intersection,2,14,5,3,0,4,1,3,1,3,8,0,0,8.79,17.39416,78.41994,NH7_Varanasi_Kanyakumari,MP / Karnataka / TN
Kerala,Unknown,2022,March,Thursday,4:25,Fatal,2,Auto-Rickshaw,9,2,Stormy,State Highway,Dry,Dusk,Signals,96,29,Male,Valid,Yes,Curve,3,4,3,3,1,4,1,3,1,2,9,0,0,6.97,33.09425,75.50224,NH44_North,Jammu & Kashmir
Puducherry,Unknown,2019,January,Thursday,5:48,Minor,5,Truck,9,1,Foggy,Urban Road,Dry,Dawn,Signals,103,37,Female,Expired,Yes,Bridge,1,5,1,3,2,1,1,1,1,5,9,0,0,4.85,26.29185,81.44032,NH19_Delhi_Kolkata,Uttar Pradesh / Bihar
Assam,Unknown,2019,January,Friday,9:37,Serious,1,Two-Wheeler,3,5,Rainy,Village Road,Damaged,Daylight,Police Checkpost,118,38,Female,,No,Straight Road,2,9,1,4,3,3,0,2,0,1,3,0,0,6.67,30.05378,78.83217,NH58_Delhi_Badrinath,Uttarakhand
Meghalaya,Unknown,2023,May,Friday,0:21,Fatal,3,Two-Wheeler,4,0,Hazy,State Highway,Damaged,Dark,Signals,37,36,Male,Expired,Yes,Bridge,3,0,5,4,1,2,0,0,1,3,4,0,0,3.64,22.59673,88.34488,NH19_Delhi_Kolkata,Uttar Pradesh / Bihar
Himachal Pradesh,Unknown,2022,March,Thursday,16:11,Fatal,4,Bus,1,3,Hazy,Village Road,Damaged,Daylight,Police Checkpost,45,40,Male,Valid,Yes,Straight Road,3,16,3,3,3,2,0,2,1,4,1,0,0,5.45,23.00499,80.41612,NH7_Varanasi_Kanyakumari,MP / Karnataka / TN
Rajasthan,Jaipur,2020,June,Thursday,3:25,Fatal,4,Truck,0,4,Stormy,State Highway,Wet,Daylight,Signs,43,22,Male,Expired,Yes,Straight Road,3,3,6,3,1,4,3,2,1,4,0,0,0,6.06,16.71412,73.19267,NH48_Mumbai_Bangalore,Maharashtra / Karnataka
Goa,Unknown,2022,August,Saturday,2:40,Fatal,5,Cycle,3,0,Foggy,Urban Road,Under Construction,Dusk,Signals,71,48,Male,Expired,Yes,Bridge,3,2,8,5,2,1,2,3,1,5,3,0,0,3.33,22.20744,82.97288,NH30_Patna_Visakhapatnam,Chhattisgarh
Haryana,Unknown,2022,September,Sunday,20:40,Serious,4,Pedestrian,2,4,Clear,State Highway,Under Construction,Dark,Signals,60,46,Female,,Yes,Bridge,2,20,9,6,1,0,2,0,1,4,2,0,0,6.06,20.53963,79.05461,NH44_Nagpur_Hyderabad,Telangana
Rajasthan,Jodhpur,2019,August,Friday,7:39,Fatal,2,Car,5,2,Clear,State Highway,Dry,Daylight,Signs,67,47,Male,Expired,No,Straight Road,3,7,8,4,1,0,1,2,0,2,5,0,0,5.15,14.96443,75.22072,NH48_Mumbai_Bangalore,Maharashtra / Karnataka
Uttarakhand,Unknown,2020,January,Wednesday,11:39,Minor,5,Pedestrian,5,0,Foggy,State Highway,Damaged,Dusk,Signs,70,70,Female,Expired,Yes,Intersection,1,11,1,2,1,1,0,3,1,5,5,0,0,2.73,18.64483,78.37273,NH44_Nagpur_Hyderabad,Telangana
Goa,Unknown,2018,February,Monday,9:45,Minor,4,Truck,0,5,Foggy,Urban Road,Under Construction,Dark,,110,70,Female,Expired,Yes,Intersection,1,9,2,0,2,1,2,0,1,4,0,0,0,5.76,25.42696,78.5885,NH44_Agra_Nagpur,Madhya Pradesh
Chandigarh,Unknown,2023,January,Saturday,19:53,Serious,3,Cycle,1,2,Hazy,Urban Road,Under Construction,Dawn,Police Checkpost,67,36,Female,Expired,No,Curve,2,19,1,5,2,2,2,1,0,3,1,0,0,3.33,15.87449,77.07167,NH44_Hyderabad_Bangalore,Karnataka
Haryana,Unknown,2022,June,Tuesday,19:9,Fatal,1,Pedestrian,3,0,Hazy,Urban Road,Damaged,Dusk,,39,20,Male,,Yes,Curve,3,19,6,1,2,2,0,3,1,1,3,0,0,3.33,19.19597,78.48118,NH44_Nagpur_Hyderabad,Telangana
Punjab,Unknown,2019,September,Monday,4:58,Fatal,2,Truck,5,4,Stormy,National Highway,Dry,Dawn,Police Checkpost,43,39,Female,Valid,No,Bridge,3,4,9,0,0,4,1,1,0,2,5,0,0,6.97,12.78752,77.65767,NH44_Bangalore_Chennai,Tamil Nadu
Meghalaya,Unknown,2023,March,Tuesday,8:29,Fatal,5,Truck,3,0,Rainy,State Highway,Damaged,Dawn,Police Checkpost,43,64,Female,,Yes,Straight Road,3,8,3,1,1,3,0,1,1,5,3,0,0,3.33,27.99781,76.90037,NH48_Delhi_Mumbai,Rajasthan / Gujarat
Punjab,Unknown,2018,January,Sunday,5:7,Minor,3,Truck,2,1,Rainy,State Highway,Under Construction,Dark,Signals,62,38,Female,Expired,No,Straight Road,1,5,1,6,1,3,2,0,0,3,2,0,0,2.12,32.95739,75.07485,NH44_North,Jammu & Kashmir
Haryana,Unknown,2022,August,Tuesday,14:25,Minor,2,Cycle,5,5,Foggy,National Highway,Wet,Dusk,Signals,110,23,Female,,Yes,Intersection,1,14,8,1,0,1,3,3,1,2,5,0,0,7.27,15.87665,77.05403,NH44_Hyderabad_Bangalore,Karnataka
Puducherry,Unknown,2019,May,Tuesday,3:7,Minor,3,Car,9,4,Hazy,National Highway,Under Construction,Daylight,Signs,89,43,Male,Expired,No,Straight Road,1,3,5,1,0,2,2,2,0,3,9,0,0,6.97,17.73464,83.29311,NH16_Kolkata_Chennai,Odisha / Andhra Pradesh
Tripura,Unknown,2018,July,Sunday,13:16,Minor,3,Cycle,2,1,Clear,State Highway,Wet,Daylight,Signs,117,25,Female,Valid,Yes,Straight Road,1,13,7,6,1,0,3,2,1,3,2,0,0,2.73,9.4449,77.23427,NH66_West_Coast,Maharashtra / Kerala
Manipur,Unknown,2023,November,Sunday,6:42,Minor,4,Cycle,7,1,Clear,State Highway,Dry,Dusk,Signs,59,70,Male,Expired,Yes,Intersection,1,6,11,6,1,0,1,3,1,4,7,0,0,4.24,17.43636,75.46106,NH9_Pune_Hyderabad,Maharashtra / Telangana
Arunachal Pradesh,Unknown,2021,July,Sunday,17:3,Minor,3,Auto-Rickshaw,10,2,Rainy,Urban Road,Dry,Dawn,Signs,112,33,Male,,Yes,Intersection,1,17,7,6,2,3,1,1,1,3,10,0,0,6.06,13.62796,79.41952,NH16_Kolkata_Chennai,Odisha / Andhra Pradesh
Delhi,Dwarka,2020,December,Monday,5:7,Minor,3,Auto-Rickshaw,1,0,Clear,State Highway,Damaged,Dusk,Police Checkpost,103,52,Female,Valid,No,Bridge,1,5,12,0,1,0,0,3,0,3,1,0,0,0.91,27.49197,76.56948,NH48_Delhi_Mumbai,Rajasthan / Gujarat
Punjab,Unknown,2018,March,Sunday,4:27,Serious,5,Truck,1,4,Rainy,National Highway,Damaged,Dawn,Signals,32,28,Female,Valid,No,Intersection,2,4,3,6,0,3,0,1,0,5,1,0,0,5.15,31.45328,77.17363,NH22_Shimla_Manali,Himachal Pradesh
Goa,Unknown,2019,April,Sunday,16:18,Fatal,3,Car,6,0,Clear,Village Road,Under Construction,Dawn,Signs,80,40,Female,,Yes,Bridge,3,16,4,6,3,0,2,1,1,3,6,0,0,4.24,25.82076,79.50836,NH27_East_West,Rajasthan / MP / UP
Goa,Unknown,2018,September,Monday,11:3,Fatal,4,Auto-Rickshaw,6,4,Foggy,National Highway,Dry,Dusk,Signals,71,57,Female,Valid,No,Bridge,3,11,9,0,0,1,1,3,0,4,6,0,0,7.27,18.13108,78.39365,NH44_Nagpur_Hyderabad,Telangana
Jharkhand,Unknown,2019,December,Sunday,2:32,Serious,2,Pedestrian,4,3,Hazy,Village Road,Under Construction,Dark,Police Checkpost,62,32,Female,,Yes,Straight Road,2,2,12,6,3,2,2,0,1,2,4,0,0,5.76,21.86224,80.23439,NH7_Varanasi_Kanyakumari,MP / Karnataka / TN
Tamil Nadu,Madurai,2020,October,Friday,9:51,Minor,2,Car,4,3,Rainy,Urban Road,Dry,Daylight,Signals,57,62,Male,Valid,No,Curve,1,9,10,4,2,3,1,2,0,2,4,0,0,4.55,29.20669,77.94397,NH58_Delhi_Badrinath,Uttarakhand
Assam,Unknown,2020,October,Sunday,23:30,Minor,1,Cycle,8,1,Foggy,State Highway,Under Construction,Daylight,Police Checkpost,119,68,Female,,Yes,Curve,1,23,10,6,1,1,2,2,1,1,8,0,0,4.55,24.61615,79.05326,NH44_Agra_Nagpur,Madhya Pradesh
Kerala,Unknown,2023,October,Tuesday,7:49,Serious,1,Bus,8,3,Hazy,Urban Road,Damaged,Dark,Signals,119,64,Male,Expired,Yes,Bridge,2,7,10,1,2,2,0,0,1,1,8,0,0,6.97,21.09827,79.06558,NH44_Nagpur_Hyderabad,Telangana
Puducherry,Unknown,2022,June,Monday,3:52,Fatal,2,Cycle,2,0,Stormy,State Highway,Dry,Dawn,Police Checkpost,31,50,Male,,Yes,Curve,3,3,6,0,1,4,1,1,1,2,2,0,0,3.03,21.807,80.22794,NH7_Varanasi_Kanyakumari,MP / Karnataka / TN
Jharkhand,Unknown,2022,July,Saturday,6:37,Serious,2,Car,2,2,Foggy,National Highway,Under Construction,Dawn,Signs,120,46,Female,Expired,No,Intersection,2,6,7,5,0,1,2,1,0,2,2,0,0,3.64,12.62176,79.45045,NH44_Bangalore_Chennai,Tamil Nadu
Mizoram,Unknown,2018,September,Sunday,2:28,Fatal,1,Bus,1,1,Hazy,State Highway,Damaged,Dawn,Signals,34,29,Male,,No,Straight Road,3,2,9,6,1,2,0,1,0,1,1,0,0,3.03,13.11179,80.27302,NH16_Kolkata_Chennai,Odisha / Andhra Pradesh
Uttarakhand,Unknown,2019,November,Tuesday,7:28,Serious,1,Pedestrian,2,3,Foggy,National Highway,Damaged,Daylight,Signs,85,44,Male,Valid,Yes,Bridge,2,7,11,1,0,1,0,2,1,1,2,0,0,5.15,28.48346,77.1638,NH44_Delhi_Agra,Uttar Pradesh
Manipur,Unknown,2022,November,Sunday,15:24,Fatal,4,Bus,7,5,Rainy,Village Road,Damaged,Dark,,98,22,Male,,No,Bridge,3,15,11,6,3,3,0,0,0,4,7,0,0,8.48,28.45059,77.14072,NH44_Delhi_Agra,Uttar Pradesh
Punjab,Unknown,2019,January,Saturday,8:6,Serious,5,Bus,1,2,Clear,Village Road,Under Construction,Dusk,Police Checkpost,110,18,Female,,No,Intersection,2,8,1,5,3,0,2,3,0,5,1,0,0,3.33,24.60083,78.97697,NH44_Agra_Nagpur,Madhya Pradesh
Puducherry,Unknown,2019,June,Thursday,1:51,Fatal,5,Pedestrian,2,0,Stormy,State Highway,Under Construction,Daylight,Police Checkpost,86,65,Male,Valid,No,Straight Road,3,1,6,3,1,4,2,2,0,5,2,0,0,2.42,33.39767,75.25667,NH44_North,Jammu & Kashmir
Tripura,Unknown,2021,January,Wednesday,14:53,Serious,4,Bus,9,1,Rainy,Urban Road,Wet,Daylight,Signals,103,58,Female,Expired,No,Intersection,2,14,1,2,2,3,3,2,0,4,9,0,0,4.85,13.23898,77.45278,NH48_Mumbai_Bangalore,Maharashtra / Karnataka
Telangana,Unknown,2019,June,Saturday,6:17,Serious,1,Cycle,0,4,Clear,State Highway,Wet,Dark,,81,28,Female,,Yes,Curve,2,6,6,5,1,0,3,0,1,1,0,0,0,5.45,26.40224,75.27393,NH48_Delhi_Mumbai,Rajasthan / Gujarat
Nagaland,Unknown,2018,September,Thursday,6:57,Serious,3,Truck,7,1,Stormy,Village Road,Wet,Dawn,Signals,98,47,Female,Valid,No,Curve,2,6,9,3,3,4,3,1,0,3,7,0,0,4.24,23.04677,87.05169,NH19_Delhi_Kolkata,Uttar Pradesh / Bihar
Bihar,Unknown,2021,February,Tuesday,16:31,Fatal,5,Pedestrian,2,5,Rainy,Urban Road,Damaged,Daylight,Police Checkpost,93,47,Female,Valid,Yes,Intersection,3,16,2,1,2,3,0,2,1,5,2,0,0,7.58,23.02762,72.63566,NH27_East_West,Rajasthan / MP / UP
Kerala,Unknown,2020,June,Wednesday,20:34,Serious,2,Auto-Rickshaw,9,5,Clear,National Highway,Wet,Dawn,,53,45,Male,Expired,Yes,Bridge,2,20,6,2,0,0,3,1,1,2,9,0,0,9.09,15.35618,76.95656,NH44_Hyderabad_Bangalore,Karnataka
Jammu and Kashmir,Unknown,2023,August,Saturday,19:23,Fatal,2,Cycle,6,4,Clear,Village Road,Wet,Dark,Police Checkpost,117,30,Female,,No,Intersection,3,19,8,5,3,0,3,0,0,2,6,0,0,7.27,17.08183,78.2827,NH44_Hyderabad_Bangalore,Karnataka
Mizoram,Unknown,2018,February,Thursday,17:39,Minor,5,Truck,0,4,Hazy,Urban Road,Wet,Daylight,Signals,112,21,Female,,Yes,Curve,1,17,2,3,2,2,3,2,1,5,0,0,0,4.85,22.75766,88.5752,NH52_Barasat_Guwahati,West Bengal / Assam
Uttar Pradesh,Lucknow,2019,March,Sunday,4:7,Fatal,2,Cycle,10,3,Foggy,National Highway,Under Construction,Dusk,,56,41,Male,Valid,No,Straight Road,3,4,3,6,0,1,2,3,0,2,10,0,0,7.58,22.31123,72.2083,NH48_Delhi_Mumbai,Rajasthan / Gujarat
Andhra Pradesh,Tirupati,2022,March,Sunday,5:9,Fatal,4,Auto-Rickshaw,4,5,Hazy,National Highway,Under Construction,Daylight,,92,49,Female,Expired,No,Straight Road,3,5,3,6,0,2,2,2,0,4,4,0,0,7.58,27.67611,77.5918,NH44_Delhi_Agra,Uttar Pradesh
Uttarakhand,Unknown,2019,July,Wednesday,0:19,Fatal,5,Pedestrian,0,4,Clear,National Highway,Wet,Dusk,,108,34,Male,Expired,No,Bridge,3,0,7,2,0,0,3,3,0,5,0,0,0,5.45,22.32361,72.27519,NH48_Delhi_Mumbai,Rajasthan / Gujarat
Puducherry,Unknown,2020,January,Sunday,11:32,Fatal,1,Car,2,5,Hazy,National Highway,Wet,Dark,,75,60,Female,Valid,No,Bridge,3,11,1,6,0,2,3,0,0,1,2,0,0,6.97,18.04977,73.59679,NH48_Mumbai_Bangalore,Maharashtra / Karnataka
Delhi,Rohini,2021,March,Saturday,5:26,Minor,5,Auto-Rickshaw,0,4,Clear,Village Road,Wet,Dusk,Signals,72,54,Female,Valid,No,Curve,1,5,3,5,3,0,3,3,0,5,0,0,0,4.24,24.62635,78.92037,NH44_Agra_Nagpur,Madhya Pradesh
Arunachal Pradesh,Unknown,2023,May,Saturday,1:25,Serious,4,Cycle,4,1,Hazy,National Highway,Under Construction,Daylight,Signs,70,47,Female,,Yes,Intersection,2,1,5,5,0,2,2,2,1,4,4,0,0,3.94,25.48301,89.90864,NH27_East_West,Rajasthan / MP / UP
Uttarakhand,Unknown,2018,March,Thursday,6:42,Fatal,2,Bus,4,4,Clear,State Highway,Wet,Daylight,Signs,79,25,Female,Valid,No,Bridge,3,6,3,3,1,0,3,2,0,2,4,0,0,6.67,21.93982,80.19714,NH7_Varanasi_Kanyakumari,MP / Karnataka / TN
Sikkim,Unknown,2020,February,Wednesday,18:11,Fatal,4,Cycle,3,4,Hazy,State Highway,Under Construction,Dawn,,92,26,Male,,Yes,Bridge,3,18,2,2,1,2,2,1,1,4,3,0,0,6.97,17.1718,76.18209,NH9_Pune_Hyderabad,Maharashtra / Telangana