State Name,City Name,Year,Month,Day of Week,Time of Day,Accident Severity,Number of Vehicles Involved,Vehicle Type Involved,Number of Casualties,Number of Fatalities,Weather Conditions,Road Type,Road Condition,Lighting Conditions,Traffic Control Presence,Speed Limit (km/h),Driver Age,Driver Gender,Driver License Status,Alcohol Involvement,Accident Location Details,severity,hour,month,day_enc,road_type_enc,weather_enc,road_cond_enc,lighting_enc,alcohol,num_vehicles,num_casualties,junction_enc,cause_enc,risk_score,latitude,longitude,highway,state_region
Uttar Pradesh,Kanpur,2018,September,Saturday,4:50,Minor,4,Two-Wheeler,3,5,Foggy,Urban Road,Dry,Dark,Police Checkpost,45,33,Female,,No,Curve,1,4,9,5,2,1,1,0,0,4,3,0,0,6.06,27.83745,77.41782,NH44_Delhi_Agra,Uttar Pradesh
Uttar Pradesh,Kanpur,2019,July,Monday,9:6,Fatal,5,Two-Wheeler,5,0,Clear,Village Road,Damaged,Dawn,Police Checkpost,111,43,Male,Valid,No,Intersection,3,9,7,0,3,0,0,1,0,5,5,0,0,3.33,25.42736,89.81868,NH27_East_West,Rajasthan / MP / UP
Kerala,Unknown,2021,August,Sunday,13:53,Fatal,1,Auto-Rickshaw,1,4,Clear,National Highway,Under Construction,Dark,Signs,116,41,Female,Expired,Yes,Curve,3,13,8,6,0,0,2,0,1,1,1,0,0,6.36,21.43794,87.2721,NH16_Kolkata_Chennai,Odisha / Andhra Pradesh
Meghalaya,Unknown,2020,March,Tuesday,8:57,Minor,2,Two-Wheeler,0,0,Stormy,State Highway,Dry,Daylight,,39,28,Male,Valid,No,Intersection,1,8,3,1,1,4,1,2,0,2,0,0,0,0.61,26.8694,78.16805,NH44_Agra_Nagpur,Madhya Pradesh
Manipur,Unknown,2022,November,Sunday,9:38,Serious,4,Truck,1,3,Stormy,Village Road,Wet,Dark,Signs,83,42,Female,Expired,Yes,Straight Road,2,9,11,6,3,4,3,0,1,4,1,0,0,4.85,19.23178,78.58416,NH44_Nagpur_Hyderabad,Telangana
Sikkim,Unknown,2023,July,Wednesday,1:7,Fatal,4,Cycle,6,3,Clear,National Highway,Wet,Dawn,Police Checkpost,104,44,Female,Expired,No,Straight Road,3,1,7,2,0,0,3,1,0,4,6,0,0,6.36,24.21132,89.26277,NH52_Barasat_Guwahati,West Bengal / Assam
Punjab,Unknown,2018,June,Wednesday,5:40,Serious,5,Auto-Rickshaw,2,1,Clear,Village Road,Dry,Dawn,Signs,74,45,Male,Valid,No,Intersection,2,5,6,2,3,0,1,1,0,5,2,0,0,2.73,26.77704,78.1841,NH44_Agra_Nagpur,Madhya Pradesh
Tripura,Unknown,2020,March,Thursday,16:18,Serious,5,Truck,8,0,Stormy,State Highway,Dry,Dusk,Signs,48,45,Male,Expired,Yes,Intersection,2,16,3,3,1,4,1,3,1,5,8,0,0,4.24,22.98855,79.44837,NH44_Agra_Nagpur,Madhya Pradesh
Mizoram,Unknown,2019,September,Friday,4:3,Serious,1,Pedestrian,4,1,Stormy,Urban Road,Dry,Dusk,Signs,37,60,Female,Valid,No,Intersection,2,4,9,4,2,4,1,3,0,1,4,0,0,3.33,11.26297,77.89761,NH7_Varanasi_Kanyakumari,MP / Karnataka / TN
Himachal Pradesh,Unknown,2019,December,Tuesday,16:7,Serious,5,Auto-Rickshaw,5,0,Stormy,National Highway,Under Construction,Dawn,Police Checkpost,81,43,Male,Valid,Yes,Curve,2,16,12,1,0,4,2,1,1,5,5,0,0,3.33,31.50752,77.24563,NH22_Shimla_Manali,Himachal Pradesh
Arunachal Pradesh,Unknown,2020,June,Sunday,21:2,Serious,5,Truck,1,0,Foggy,National Highway,Dry,Dark,Police Checkpost,54,47,Female,Expired,Yes,Bridge,2,21,6,6,0,1,1,0,1,5,1,0,0,2.12,17.67743,83.2404,NH16_Kolkata_Chennai,Odisha / Andhra Pradesh
Jammu and Kashmir,Unknown,2018,January,Tuesday,7:1,Fatal,2,Truck,8,0,Stormy,National Highway,Under Construction,Dawn,Signals,34,61,Female,Valid,Yes,Intersection,3,7,1,1,0,4,2,1,1,2,8,0,0,4.85,13.17439,77.53116,NH44_Hyderabad_Bangalore,Karnataka
Himachal Pradesh,Unknown,2021,June,Saturday,7:18,Fatal,1,Pedestrian,5,2,Foggy,Urban Road,Dry,Dawn,Police Checkpost,105,30,Male,Expired,Yes,Straight Road,3,7,6,5,2,1,1,1,1,1,5,0,0,5.76,23.88305,81.23595,NH7_Varanasi_Kanyakumari,MP / Karnataka / TN
Kerala,Unknown,2021,September,Sunday,23:19,Serious,4,Car,5,5,Stormy,State Highway,Damaged,Daylight,Signals,73,58,Female,Valid,No,Straight Road,2,23,9,6,1,4,0,2,0,4,5,0,0,7.27,17.75833,83.28408,NH16_Kolkata_Chennai,Odisha / Andhra Pradesh
Andhra Pradesh,Vijayawada,2020,December,Tuesday,6:33,Minor,4,Bus,8,1,Stormy,State Highway,Under Construction,Daylight,,115,44,Female,Expired,No,Straight Road,1,6,12,1,1,4,2,2,0,4,8,0,0,3.94,12.20135,79.18073,NH44_Bangalore_Chennai,Tamil Nadu
Maharashtra,Mumbai,2018,June,Tuesday,9:20,Minor,5,Pedestrian,1,1,Stormy,National Highway,Under Construction,Dawn,Police Checkpost,40,57,Female,,Yes,Bridge,1,9,6,1,0,4,2,1,1,5,1,0,0,2.42,17.5909,78.55108,NH44_Nagpur_Hyderabad,Telangana
Gujarat,Ahmedabad,2018,November,Thursday,13:7,Minor,4,Two-Wheeler,0,2,Hazy,Urban Road,Dry,Dawn,,107,57,Female,Expired,No,Straight Road,1,13,11,3,2,2,1,1,0,4,0,0,0,2.42,23.08379,72.61056,NH48_Delhi_Mumbai,Rajasthan / Gujarat
Arunachal Pradesh,Unknown,2022,June,Tuesday,17:39,Fatal,4,Auto-Rickshaw,6,3,Rainy,Urban Road,Damaged,Dusk,Signals,114,48,Female,Valid,Yes,Bridge,3,17,6,1,2,3,0,3,1,4,6,0,0,6.97,32.71356,74.84926,NH44_North,Jammu & Kashmir
Rajasthan,Udaipur,2018,April,Monday,7:47,Minor,5,Pedestrian,8,5,Hazy,Village Road,Under Construction,Daylight,,36,68,Female,Valid,Yes,Bridge,1,7,4,0,3,2,2,2,1,5,8,0,0,8.18,23.49609,88.86272,NH52_Barasat_Guwahati,West Bengal / Assam
Nagaland,Unknown,2020,April,Sunday,6:3,Serious,4,Two-Wheeler,1,2,Rainy,State Highway,Wet,Dusk,Signs,57,50,Female,Valid,No,Intersection,2,6,4,6,1,3,3,3,0,4,1,0,0,3.33,33.53603,75.0254,NH44_North,Jammu & Kashmir
Manipur,Unknown,2018,June,Monday,7:50,Fatal,3,Cycle,1,3,Hazy,State Highway,Under Construction,Daylight,Signals,98,40,Female,Valid,Yes,Intersection,3,7,6,0,1,2,2,2,1,3,1,0,0,5.45,18.65289,84.30211,NH16_Kolkata_Chennai,Odisha / Andhra Pradesh
Gujarat,Surat,2020,August,Sunday,2:14,Serious,1,Cycle,6,3,Clear,Village Road,Wet,Dawn,Police Checkpost,41,65,Male,Valid,No,Curve,2,2,8,6,3,0,3,1,0,1,6,0,0,5.76,16.59083,77.58825,NH44_Hyderabad_Bangalore,Karnataka
Rajasthan,Jaipur,2023,November,Thursday,19:26,Serious,4,Auto-Rickshaw,7,1,Rainy,National Highway,Under Construction,Daylight,Signals,86,61,Male,,Yes,Intersection,2,19,11,3,0,3,2,2,1,4,7,0,0,4.85,28.84935,77.5173,NH58_Delhi_Badrinath,Uttarakhand
Telangana,Unknown,2022,January,Sunday,22:8,Minor,3,Auto-Rickshaw,4,0,Stormy,Urban Road,Dry,Dawn,Signals,64,27,Female,Valid,Yes,Bridge,1,22,1,6,2,4,1,1,1,3,4,0,0,2.42,20.39617,86.19187,NH16_Kolkata_Chennai,Odisha / Andhra Pradesh
Kerala,Unknown,2023,January,Thursday,9:54,Fatal,3,Cycle,8,1,Hazy,Village Road,Damaged,Dark,Signs,113,68,Male,Expired,Yes,Curve,3,9,1,3,3,2,0,0,1,3,8,0,0,5.76,12.53256,79.50888,NH44_Bangalore_Chennai,Tamil Nadu
Sikkim,Unknown,2020,September,Thursday,10:5,Serious,5,Bus,0,4,Hazy,Urban Road,Wet,Dawn,Police Checkpost,118,52,Female,Valid,Yes,Intersection,2,10,9,3,2,2,3,1,1,5,0,0,0,5.45,26.97543,78.0829,NH44_Delhi_Agra,Uttar Pradesh
Jharkhand,Unknown,2021,January,Sunday,7:47,Minor,5,Two-Wheeler,8,4,Stormy,State Highway,Wet,Daylight,Signs,71,39,Male,Valid,No,Straight Road,1,7,1,6,1,4,3,2,0,5,8,0,0,6.67,24.05403,73.45728,NH48_Delhi_Mumbai,Rajasthan / Gujarat
Punjab,Unknown,2018,November,Friday,7:52,Fatal,4,Pedestrian,9,4,Hazy,Urban Road,Damaged,Dusk,Signals,38,43,Male,Valid,No,Curve,3,7,11,4,2,2,0,3,0,4,9,0,0,8.18,23.5227,79.40865,NH44_Agra_Nagpur,Madhya Pradesh
Delhi,Rohini,2018,October,Saturday,9:29,Fatal,3,Bus,5,0,Clear,State Highway,Dry,Daylight,,31,30,Female,Valid,No,Intersection,3,9,10,5,1,0,1,2,0,3,5,0,0,3.33,19.42846,81.26432,NH30_Patna_Visakhapatnam,Chhattisgarh
Jharkhand,Unknown,2022,April,Wednesday,1:8,Fatal,2,Car,9,1,Foggy,State Highway,Under Construction,Dusk,Police Checkpost,95,65,Female,Expired,No,Curve,3,1,4,2,1,1,2,3,0,2,9,0,0,5.45,23.01151,72.52381,NH48_Delhi_Mumbai,Rajasthan / Gujarat
Haryana,Unknown,2020,July,Friday,1:31,Minor,3,Cycle,9,2,Rainy,Urban Road,Wet,Dark,Signals,41,70,Male,Valid,Yes,Straight Road,1,1,7,4,2,3,3,0,1,3,9,0,0,5.76,11.21435,75.90221,NH66_West_Coast,Maharashtra / Kerala
Kerala,Unknown,2022,February,Thursday,6:50,Minor,1,Two-Wheeler,5,0,Rainy,State Highway,Damaged,Dawn,Signs,103,44,Female,Valid,No,Bridge,1,6,2,3,1,3,0,1,0,1,5,0,0,2.12,12.36399,78.19201,NH44_Bangalore_Chennai,Tamil Nadu
Madhya Pradesh,Unknown,2021,June,Wednesday,10:57,Serious,4,Pedestrian,4,4,Foggy,State Highway,Damaged,Dawn,Signals,105,24,Male,,Yes,Bridge,2,10,6,2,1,1,0,1,1,4,4,0,0,6.67,24.85211,84.90307,NH30_Patna_Visakhapatnam,Chhattisgarh
Jharkhand,Unknown,2019,December,Wednesday,12:36,Minor,3,Truck,1,2,Clear,State Highway,Dry,Daylight,,95,70,Male,Valid,No,Intersection,1,12,12,2,1,0,1,2,0,3,1,0,0,2.73,10.07219,76.92671,NH66_West_Coast,Maharashtra / Kerala
Chandigarh,Unknown,2022,May,Tuesday,14:1,Minor,1,Two-Wheeler,8,1,Hazy,National Highway,Wet,Daylight,Police Checkpost,74,59,Male,Expired,Yes,Intersection,1,14,5,1,0,2,3,2,1,1,8,0,0,4.55,20.71136,81.92525,NH30_Patna_Visakhapatnam,Chhattisgarh
Rajasthan,Jaipur,2023,December,Saturday,5:53,Fatal,4,Pedestrian,5,1,Hazy,National Highway,Under Construction,Dark,Signals,41,56,Female,Expired,No,Bridge,3,5,12,5,0,2,2,0,0,4,5,0,0,4.24,28.53672,77.22336,NH44_Delhi_Agra,Uttar Pradesh
Rajasthan,Jodhpur,2020,November,Sunday,5:47,Minor,1,Car,5,2,Hazy,Urban Road,Under Construction,Dark,,86,35,Female,Valid,No,Intersection,1,5,11,6,2,2,2,0,0,1,5,0,0,3.94,18.50655,73.84437,NH9_Pune_Hyderabad,Maharashtra / Telangana
Karnataka,Mysore,2022,February,Sunday,12:49,Fatal,1,Bus,0,0,Hazy,State Highway,Wet,Dark,Signs,37,59,Female,,No,Bridge,3,12,2,6,1,2,3,0,0,1,0,0,0,1.82,22.98342,71.21073,NH27_East_West,Rajasthan / MP / UP
Delhi,Rohini,2021,December,Wednesday,5:47,Serious,5,Two-Wheeler,8,0,Foggy,Village Road,Damaged,Dusk,,103,31,Female,Expired,Yes,Intersection,2,5,12,2,3,1,0,3,1,5,8,0,0,4.24,26.09938,91.74256,NH52_Barasat_Guwahati,West Bengal / Assam
Gujarat,Vadodara,2020,January,Thursday,13:4,Serious,5,Car,8,1,Hazy,State Highway,Dry,Daylight,Signs,48,68,Female,Valid,Yes,Curve,2,13,1,3,1,2,1,2,1,5,8,0,0,5.15,20.39316,86.1966,NH16_Kolkata_Chennai,Odisha / Andhra Pradesh
Chandigarh,Unknown,2018,January,Monday,16:51,Serious,4,Two-Wheeler,9,3,Clear,National Highway,Damaged,Dusk,,114,26,Male,Expired,Yes,Bridge,2,16,1,0,0,0,0,3,1,4,9,0,0,7.27,28.29415,77.82345,NH19_Delhi_Kolkata,Uttar Pradesh / Bihar
Telangana,Unknown,2022,October,Tuesday,21:56,Fatal,5,Bus,0,1,Rainy,State Highway,Under Construction,Dark,Signals,43,41,Female,Expired,No,Straight Road,3,21,10,1,1,3,2,0,0,5,0,0,0,2.73,18.48714,73.84896,NH48_Mumbai_Bangalore,Maharashtra / Karnataka
Kerala,Unknown,2019,December,Monday,3:10,Serious,3,Two-Wheeler,8,4,Foggy,Village Road,Wet,Daylight,Signs,82,62,Male,,Yes,Curve,2,3,12,0,3,1,3,2,1,3,8,0,0,7.88,26.80771,78.1869,NH44_Agra_Nagpur,Madhya Pradesh
Maharashtra,Mumbai,2023,October,Tuesday,21:37,Minor,2,Auto-Rickshaw,7,1,Stormy,Village Road,Dry,Dark,Signs,32,19,Female,Expired,No,Intersection,1,21,10,1,3,4,1,0,0,2,7,0,0,3.64,12.20625,79.28996,NH44_Bangalore_Chennai,Tamil Nadu
Uttar Pradesh,Varanasi,2018,September,Sunday,19:32,Minor,3,Cycle,1,5,Stormy,Village Road,Dry,Dusk,Signs,109,36,Male,Expired,Yes,Curve,1,19,9,6,3,4,1,3,1,3,1,0,0,6.06,12.91143,77.58994,NH48_Mumbai_Bangalore,Maharashtra / Karnataka
Uttar Pradesh,Kanpur,2021,February,Wednesday,14:26,Serious,2,Two-Wheeler,1,1,Stormy,National Highway,Under Construction,Dawn,,48,60,Female,Valid,Yes,Intersection,2,14,2,2,0,4,2,1,1,2,1,0,0,3.03,19.07017,72.88102,NH66_West_Coast,Maharashtra / Kerala
Gujarat,Vadodara,2021,June,Tuesday,22:28,Fatal,2,Cycle,2,3,Foggy,Village Road,Dry,Dusk,Police Checkpost,41,63,Female,Valid,No,Straight Road,3,22,6,1,3,1,1,3,0,2,2,0,0,5.15,32.85794,75.18527,NH44_North,Jammu & Kashmir
Bihar,Unknown,2018,December,Tuesday,5:56,Fatal,4,Bus,10,1,Rainy,State Highway,Damaged,Dawn,Signals,100,47,Male,Valid,No,Intersection,3,5,12,1,1,3,0,1,0,4,10,0,0,5.76,23.62112,85.22448,NH19_Delhi_Kolkata,Uttar Pradesh / Bihar
Tripura,Unknown,2019,February,Monday,21:18,Minor,5,Pedestrian,2,5,Foggy,Village Road,Under Construction,Dusk,,99,57,Female,,Yes,Bridge,1,21,2,0,3,1,2,3,1,5,2,0,0,6.36,19.82887,79.4006,NH7_Varanasi_Kanyakumari,MP / Karnataka / TN
Uttarakhand,Unknown,2022,March,Friday,19:27,Fatal,1,Bus,5,1,Foggy,Urban Road,Damaged,Daylight,Police Checkpost,72,18,Female,Expired,No,Bridge,3,19,3,4,2,1,0,2,0,1,5,0,0,4.24,26.21695,78.45142,NH44_Agra_Nagpur,Madhya Pradesh
Manipur,Unknown,2021,October,Saturday,3:37,Fatal,4,Cycle,9,0,Clear,Village Road,Under Construction,Dawn,Signs,65,51,Female,Valid,No,Bridge,3,3,10,5,3,0,2,1,0,4,9,0,0,4.55,27.17099,77.89307,NH44_Delhi_Agra,Uttar Pradesh
Punjab,Unknown,2019,April,Sunday,17:59,Minor,1,Auto-Rickshaw,4,1,Foggy,Urban Road,Dry,Dusk,Police Checkpost,110,62,Male,Expired,No,Intersection,1,17,4,6,2,1,1,3,0,1,4,0,0,2.73,11.1709,75.84205,NH66_West_Coast,Maharashtra / Kerala
Haryana,Unknown,2018,July,Wednesday,0:13,Fatal,1,Car,9,3,Rainy,State Highway,Under Construction,Dawn,Signs,40,31,Male,Valid,No,Straight Road,3,0,7,2,1,3,2,1,0,1,9,0,0,7.27,23.88269,79.10714,NH44_Agra_Nagpur,Madhya Pradesh
Rajasthan,Udaipur,2020,May,Sunday,3:20,Fatal,2,Two-Wheeler,2,5,Stormy,National Highway,Damaged,Dusk,Signals,59,52,Female,,No,Intersection,3,3,5,6,0,4,0,3,0,2,2,0,0,6.97,30.0339,78.90545,NH58_Delhi_Badrinath,Uttarakhand
Gujarat,Surat,2018,February,Tuesday,17:10,Fatal,1,Bus,5,0,Rainy,Urban Road,Under Construction,Dawn,Police Checkpost,75,18,Male,Expired,Yes,Curve,3,17,2,1,2,3,2,1,1,1,5,0,0,3.94,28.57453,77.25815,NH44_Delhi_Agra,Uttar Pradesh
Bihar,Unknown,2020,March,Monday,18:13,Minor,2,Auto-Rickshaw,6,2,Foggy,Urban Road,Damaged,Dark,Signals,81,63,Female,,No,Bridge,1,18,3,0,2,1,0,0,0,2,6,0,0,4.24,23.05667,79.4229,NH44_Agra_Nagpur,Madhya Pradesh
Odisha,Unknown,2018,April,Thursday,12:55,Fatal,4,Auto-Rickshaw,1,5,Rainy,Village Road,Wet,Dark,Police Checkpost,78,34,Male,,No,Straight Road,3,12,4,3,3,3,3,0,0,4,1,0,0,6.67,15.89759,77.19275,NH44_Hyderabad_Bangalore,Karnataka
Assam,Unknown,2019,June,Tuesday,22:0,Fatal,2,Pedestrian,2,0,Foggy,Village Road,Wet,Dark,Police Checkpost,68,37,Male,Valid,No,Straight Road,3,22,6,1,3,1,3,0,0,2,2,0,0,2.42,28.56109,77.27442,NH44_Delhi_Agra,Uttar Pradesh
Odisha,Unknown,2021,March,Monday,23:6,Serious,5,Auto-Rickshaw,5,5,Rainy,State Highway,Dry,Dawn,Signals,48,43,Female,Valid,Yes,Intersection,2,23,3,0,1,3,1,1,1,5,5,0,0,7.88,11.17685,77.90133,NH7_Varanasi_Kanyakumari,MP / Karnataka / TN
Punjab,Unknown,2020,December,Wednesday,5:4,Minor,4,Two-Wheeler,3,5,Rainy,Village Road,Damaged,Dawn,,44,18,Female,Expired,Yes,Bridge,1,5,12,2,3,3,0,1,1,4,3,0,0,6.67,17.33297,78.50803,NH9_Pune_Hyderabad,Maharashtra / Telangana
Manipur,Unknown,2020,January,Saturday,3:43,Minor,2,Truck,7,2,Hazy,Village Road,Damaged,Daylight,,116,64,Female,,No,Straight Road,1,3,1,5,3,2,0,2,0,2,7,0,0,4.55,15.49125,77.24637,NH7_Varanasi_Kanyakumari,MP / Karnataka / TN
Jharkhand,Unknown,2023,August,Tuesday,16:17,Minor,5,Auto-Rickshaw,1,3,Hazy,Village Road,Damaged,Dusk,Signs,77,46,Male,,Yes,Intersection,1,16,8,1,3,2,0,3,1,5,1,0,0,4.24,20.61269,79.01521,NH44_Nagpur_Hyderabad,Telangana
Telangana,Unknown,2019,January,Friday,8:39,Serious,3,Two-Wheeler,4,4,Stormy,Urban Road,Damaged,Daylight,Signs,54,19,Male,Valid,Yes,Straight Road,2,8,1,4,2,4,0,2,1,3,4,0,0,6.67,26.28417,81.45091,NH19_Delhi_Kolkata,Uttar Pradesh / Bihar
Gujarat,Surat,2018,June,Saturday,10:36,Serious,4,Auto-Rickshaw,0,5,Foggy,National Highway,Dry,Dark,Police Checkpost,57,63,Female,,No,Intersection,2,10,6,5,0,1,1,0,0,4,0,0,0,5.76,18.20252,80.86171,NH30_Patna_Visakhapatnam,Chhattisgarh
Andhra Pradesh,Tirupati,2018,May,Saturday,3:28,Serious,1,Two-Wheeler,2,0,Hazy,Village Road,Wet,Daylight,,38,18,Male,,No,Bridge,2,3,5,5,3,2,3,2,0,1,2,0,0,1.82,21.20294,79.15635,NH7_Varanasi_Kanyakumari,MP / Karnataka / TN
Bihar,Unknown,2021,December,Friday,17:16,Fatal,3,Car,3,0,Foggy,Urban Road,Dry,Dark,Signals,106,61,Female,Valid,Yes,Curve,3,17,12,4,2,1,1,0,1,3,3,0,0,3.33,13.90155,75.58971,NH48_Mumbai_Bangalore,Maharashtra / Karnataka
Tamil Nadu,Coimbatore,2020,September,Thursday,7:6,Fatal,1,Bus,7,1,Hazy,Urban Road,Wet,Dawn,Signs,81,48,Female,Valid,Yes,Intersection,3,7,9,3,2,2,3,1,1,1,7,0,0,5.45,13.02099,80.24803,NH16_Kolkata_Chennai,Odisha / Andhra Pradesh
Manipur,Unknown,2022,July,Wednesday,20:23,Serious,1,Truck,0,5,Hazy,Urban Road,Wet,Daylight,,50,30,Male,Expired,No,Intersection,2,20,7,2,2,2,3,2,0,1,0,0,0,5.76,22.50367,88.31356,NH16_Kolkata_Chennai,Odisha / Andhra Pradesh
Arunachal Pradesh,Unknown,2018,April,Monday,16:34,Minor,2,Two-Wheeler,3,3,Stormy,State Highway,Damaged,Dawn,Signals,85,47,Female,Expired,No,Intersection,1,16,4,0,1,4,0,1,0,2,3,0,0,4.24,16.57763,80.61516,NH16_Kolkata_Chennai,Odisha / Andhra Pradesh
Goa,Unknown,2019,April,Saturday,13:17,Minor,4,Auto-Rickshaw,8,0,Hazy,State Highway,Damaged,Dark,,99,25,Male,Expired,Yes,Curve,1,13,4,5,1,2,0,0,1,4,8,0,0,3.64,31.92098,77.42025,NH22_Shimla_Manali,Himachal Pradesh
Gujarat,Vadodara,2019,October,Saturday,14:16,Minor,4,Car,5,0,Rainy,State Highway,Under Construction,Daylight,Signals,33,63,Male,Expired,Yes,Straight Road,1,14,10,5,1,3,2,2,1,4,5,0,0,2.73,21.93727,72.10227,NH48_Delhi_Mumbai,Rajasthan / Gujarat
Assam,Unknown,2021,December,Monday,2:30,Fatal,5,Truck,2,2,Clear,Urban Road,Under Construction,Daylight,Signs,85,28,Female,Expired,Yes,Bridge,3,2,12,0,2,0,2,2,1,5,2,0,0,4.85,25.29195,82.95126,NH19_Delhi_Kolkata,Uttar Pradesh / Bihar
Rajasthan,Jodhpur,2018,December,Thursday,12:21,Minor,2,Car,7,3,Hazy,State Highway,Dry,Dark,Signals,43,44,Female,Expired,No,Straight Road,1,12,12,3,1,2,1,0,0,2,7,0,0,5.45,17.3185,78.5179,NH9_Pune_Hyderabad,Maharashtra / Telangana
Gujarat,Ahmedabad,2022,June,Wednesday,5:45,Minor,1,Pedestrian,9,1,Rainy,Village Road,Dry,Daylight,Police Checkpost,82,67,Male,,Yes,Bridge,1,5,6,2,3,3,1,2,1,1,9,0,0,4.85,25.44733,89.85394,NH27_East_West,Rajasthan / MP / UP
Jammu and Kashmir,Unknown,2021,October,Thursday,6:56,Minor,1,Pedestrian,5,5,Stormy,National Highway,Dry,Daylight,Signs,93,47,Female,Valid,No,Intersection,1,6,10,3,0,4,1,2,0,1,5,0,0,6.67,24.90173,91.91144,NH27_East_West,Rajasthan / MP / UP
Manipur,Unknown,2022,January,Monday,17:34,Fatal,2,Cycle,10,3,Hazy,Urban Road,Dry,Daylight,,64,66,Female,,No,Intersection,3,17,1,0,2,2,1,2,0,2,10,0,0,7.58,17.30135,73.94279,NH66_West_Coast,Maharashtra / Kerala
Manipur,Unknown,2019,December,Monday,12:15,Fatal,3,Truck,3,2,Hazy,Urban Road,Under Construction,Dusk,Signs,46,64,Female,,Yes,Intersection,3,12,12,0,2,2,2,3,1,3,3,0,0,5.15,27.16552,77.89248,NH44_Delhi_Agra,Uttar Pradesh
Himachal Pradesh,Unknown,2021,April,Tuesday,6:0,Minor,4,Auto-Rickshaw,9,2,Hazy,Urban Road,Wet,Daylight,,78,21,Male,Valid,No,Bridge,1,6,4,1,2,2,3,2,0,4,9,0,0,5.15,24.24419,93.03173,NH27_East_West,Rajasthan / MP / UP
Jharkhand,Unknown,2022,June,Thursday,2:0,Serious,3,Bus,6,2,Clear,National Highway,Wet,Dawn,Signs,60,59,Female,Valid,No,Bridge,2,2,6,3,0,0,3,1,0,3,6,0,0,4.85,13.05277,80.33927,NH44_Bangalore_Chennai,Tamil Nadu
Delhi,Rohini,2020,April,Wednesday,3:44,Fatal,2,Bus,2,5,Foggy,State Highway,Dry,Daylight,Signals,58,69,Male,Valid,Yes,Curve,3,3,4,2,1,1,1,2,1,2,2,0,0,7.58,8.26693,77.25159,NH7_Varanasi_Kanyakumari,MP / Karnataka / TN
Meghalaya,Unknown,2020,December,Wednesday,20:34,Serious,2,Auto-Rickshaw,8,4,Foggy,Village Road,Wet,Dawn,Signals,75,27,Female,Valid,Yes,Curve,2,20,12,2,3,1,3,1,1,2,8,0,0,7.88,26.17117,91.79104,NH52_Barasat_Guwahati,West Bengal / Assam
Punjab,Unknown,2022,January,Wednesday,20:34,Minor,3,Bus,9,2,Stormy,State Highway,Dry,Daylight,Police Checkpost,42,60,Male,Expired,No,Intersection,1,20,1,2,1,4,1,2,0,3,9,0,0,5.15,15.82366,80.18218,NH16_Kolkata_Chennai,Odisha / Andhra Pradesh
Jharkhand,Unknown,2019,June,Sunday,23:32,Serious,5,Truck,4,4,Rainy,National Highway,Damaged,Daylight,Police Checkpost,76,46,Female,Expired,No,Intersection,2,23,6,6,0,3,0,2,0,5,4,0,0,6.06,19.31276,84.72984,NH16_Kolkata_Chennai,Odisha / Andhra Pradesh
Telangana,Unknown,2019,September,Wednesday,8:21,Fatal,4,Cycle,2,0,Rainy,Village Road,Wet,Dawn,Police Checkpost,113,38,Male,Expired,Yes,Bridge,3,8,9,2,3,3,3,1,1,4,2,0,0,3.03,26.78979,80.9778,NH27_East_West,Rajasthan / MP / UP
Telangana,Unknown,2020,July,Monday,12:31,Serious,5,Pedestrian,7,5,Foggy,Village Road,Under Construction,Dawn,Signals,69,56,Female,Expired,Yes,Straight Road,2,12,7,0,3,1,2,1,1,5,7,0,0,8.48,25.91477,90.17391,NH52_Barasat_Guwahati,West Bengal / Assam
Jammu and Kashmir,Unknown,2021,May,Wednesday,22:43,Fatal,4,Bus,5,1,Clear,National Highway,Wet,Dusk,Signals,30,62,Male,Valid,No,Straight Road,3,22,5,2,0,0,3,3,0,4,5,0,0,4.24,18.45887,73.88865,NH48_Mumbai_Bangalore,Maharashtra / Karnataka
Rajasthan,Jaipur,2022,August,Tuesday,4:24,Minor,2,Pedestrian,4,4,Clear,State Highway,Under Construction,Dark,Signs,107,24,Female,Valid,No,Straight Road,1,4,8,1,1,0,2,0,0,2,4,0,0,5.45,32.25366,77.09698,NH22_Shimla_Manali,Himachal Pradesh
Himachal Pradesh,Unknown,2020,September,Tuesday,16:43,Minor,1,Pedestrian,2,0,Stormy,Urban Road,Under Construction,Daylight,Signals,60,52,Female,Expired,No,Curve,1,16,9,1,2,4,2,2,0,1,2,0,0,1.21,23.05055,80.41539,NH7_Varanasi_Kanyakumari,MP / Karnataka / TN
Jharkhand,Unknown,2020,September,Monday,21:52,Minor,1,Truck,0,1,Foggy,Urban Road,Wet,Daylight,,119,39,Female,Expired,Yes,Intersection,1,21,9,0,2,1,3,2,1,1,0,0,0,2.12,21.41062,82.41895,NH30_Patna_Visakhapatnam,Chhattisgarh
Himachal Pradesh,Unknown,2023,September,Tuesday,9:46,Fatal,5,Pedestrian,5,0,Foggy,Village Road,Wet,Daylight,,43,35,Female,,Yes,Straight Road,3,9,9,1,3,1,3,2,1,5,5,0,0,3.94,23.6517,85.16605,NH19_Delhi_Kolkata,Uttar Pradesh / Bihar