State Name,City Name,Year,Month,Day of Week,Time of Day,Accident Severity,Number of Vehicles Involved,Vehicle Type Involved,Number of Casualties,Number of Fatalities,Weather Conditions,Road Type,Road Condition,Lighting Conditions,Traffic Control Presence,Speed Limit (km/h),Driver Age,Driver Gender,Driver License Status,Alcohol Involvement,Accident Location Details,severity,hour,month,day_enc,road_type_enc,weather_enc,road_cond_enc,lighting_enc,alcohol,num_vehicles,num_casualties,junction_enc,cause_enc,risk_score,latitude,longitude,highway,state_region
Punjab,Unknown,2020,June,Tuesday,6:1,Minor,3,Cycle,5,5,Hazy,Village Road,Under Construction,Dawn,Police Checkpost,108,38,Female,Expired,No,Intersection,1,6,6,1,3,2,2,1,0,3,5,0,0,6.67,17.41712,75.41513,NH9_Pune_Hyderabad,Maharashtra / Telangana
Delhi,Dwarka,2021,June,Wednesday,17:21,Serious,2,Bus,10,4,Hazy,Village Road,Under Construction,Dusk,Police Checkpost,38,25,Male,,No,Straight Road,2,17,6,2,3,2,2,3,0,2,10,0,0,7.88,10.07495,76.90168,NH66_West_Coast,Maharashtra / Kerala
Sikkim,Unknown,2022,December,Thursday,22:34,Minor,3,Auto-Rickshaw,8,0,Rainy,Village Road,Damaged,Daylight,,87,18,Male,Expired,Yes,Curve,1,22,12,3,3,3,0,2,1,3,8,0,0,3.64,26.14408,91.79363,NH52_Barasat_Guwahati,West Bengal / Assam
Bihar,Unknown,2020,February,Saturday,20:55,Serious,1,Truck,7,2,Foggy,Village Road,Damaged,Dusk,Police Checkpost,58,53,Male,Expired,No,Curve,2,20,2,5,3,1,0,3,0,1,7,0,0,5.15,17.30177,76.20491,NH9_Pune_Hyderabad,Maharashtra / Telangana
Kerala,Unknown,2018,March,Wednesday,2:43,Fatal,2,Auto-Rickshaw,10,1,Stormy,Urban Road,Damaged,Dusk,Signals,112,31,Female,Expired,No,Curve,3,2,3,2,2,4,0,3,0,2,10,0,0,5.76,12.91376,77.63662,NH44_Hyderabad_Bangalore,Karnataka
Goa,Unknown,2019,December,Wednesday,14:41,Serious,2,Cycle,0,3,Stormy,State Highway,Dry,Dusk,Signs,92,30,Male,,No,Straight Road,2,14,12,2,1,4,1,3,0,2,0,0,0,3.94,22.9542,87.04241,NH19_Delhi_Kolkata,Uttar Pradesh / Bihar
Karnataka,Mysore,2020,August,Monday,7:7,Minor,3,Truck,2,1,Stormy,State Highway,Damaged,Daylight,Signs,107,44,Female,,Yes,Bridge,1,7,8,0,1,4,0,2,1,3,2,0,0,2.73,27.13879,77.96092,NH44_Delhi_Agra,Uttar Pradesh
Goa,Unknown,2020,February,Monday,1:57,Serious,1,Cycle,10,2,Clear,State Highway,Dry,Dark,Signs,102,68,Male,Valid,No,Bridge,2,1,2,0,1,0,1,0,0,1,10,0,0,6.06,19.2274,78.6054,NH44_Nagpur_Hyderabad,Telangana
Sikkim,Unknown,2022,May,Thursday,11:16,Minor,1,Two-Wheeler,7,1,Stormy,National Highway,Damaged,Dark,Signs,66,33,Female,Valid,Yes,Curve,1,11,5,3,0,4,0,0,1,1,7,0,0,4.24,22.56767,88.30395,NH16_Kolkata_Chennai,Odisha / Andhra Pradesh
Nagaland,Unknown,2022,February,Tuesday,6:0,Minor,5,Truck,10,4,Clear,National Highway,Damaged,Dawn,Police Checkpost,87,43,Female,Valid,No,Intersection,1,6,2,1,0,0,0,1,0,5,10,0,0,7.27,29.60414,78.17865,NH58_Delhi_Badrinath,Uttarakhand
Meghalaya,Unknown,2020,December,Friday,1:35,Fatal,1,Car,6,3,Stormy,State Highway,Dry,Dark,,56,62,Female,,Yes,Straight Road,3,1,12,4,1,4,1,0,1,1,6,0,0,6.97,28.55901,77.19829,NH48_Delhi_Mumbai,Rajasthan / Gujarat
Haryana,Unknown,2022,March,Friday,22:32,Serious,5,Auto-Rickshaw,9,4,Stormy,Urban Road,Damaged,Dawn,,120,21,Female,Valid,Yes,Intersection,2,22,3,4,2,4,0,1,1,5,9,0,0,8.18,22.52961,88.30767,NH19_Delhi_Kolkata,Uttar Pradesh / Bihar
Sikkim,Unknown,2023,October,Sunday,5:28,Serious,5,Pedestrian,1,4,Clear,Urban Road,Under Construction,Dawn,Signs,64,35,Male,,Yes,Bridge,2,5,10,6,2,0,2,1,1,5,1,0,0,5.76,24.54916,78.94009,NH44_Agra_Nagpur,Madhya Pradesh
Telangana,Unknown,2022,September,Tuesday,11:9,Minor,3,Cycle,3,5,Rainy,Village Road,Damaged,Dark,Signals,59,68,Male,Valid,No,Bridge,1,11,9,1,3,3,0,0,0,3,3,0,0,6.06,28.31822,77.1928,NH44_Delhi_Agra,Uttar Pradesh
Manipur,Unknown,2022,April,Saturday,7:34,Serious,3,Truck,4,1,Rainy,Village Road,Damaged,Dawn,Signs,59,53,Female,,Yes,Intersection,2,7,4,5,3,3,0,1,1,3,4,0,0,3.94,17.62547,83.23639,NH16_Kolkata_Chennai,Odisha / Andhra Pradesh
Tamil Nadu,Coimbatore,2022,April,Sunday,7:32,Serious,4,Bus,1,4,Hazy,Urban Road,Under Construction,Dark,Signs,34,43,Male,Expired,Yes,Intersection,2,7,4,6,2,2,2,0,1,4,1,0,0,5.76,26.86874,78.24373,NH44_Agra_Nagpur,Madhya Pradesh
Punjab,Unknown,2021,July,Thursday,15:42,Serious,4,Two-Wheeler,6,2,Foggy,Urban Road,Wet,Dawn,Police Checkpost,88,49,Male,Expired,No,Straight Road,2,15,7,3,2,1,3,1,0,4,6,0,0,4.85,30.21184,79.07868,NH58_Delhi_Badrinath,Uttarakhand
Jharkhand,Unknown,2019,March,Wednesday,3:58,Fatal,4,Truck,7,2,Hazy,Urban Road,Under Construction,Dawn,Signs,106,19,Female,Expired,No,Straight Road,3,3,3,2,2,2,2,1,0,4,7,0,0,5.76,34.15098,74.82314,NH44_North,Jammu & Kashmir
Mizoram,Unknown,2020,January,Thursday,13:35,Minor,5,Pedestrian,8,2,Clear,Urban Road,Under Construction,Dusk,Signals,115,56,Female,,Yes,Curve,1,13,1,3,2,0,2,3,1,5,8,0,0,5.45,19.2025,78.50431,NH44_Nagpur_Hyderabad,Telangana
Kerala,Unknown,2023,May,Wednesday,17:30,Serious,1,Two-Wheeler,5,3,Rainy,Urban Road,Dry,Dark,Signs,89,35,Female,Expired,Yes,Straight Road,2,17,5,2,2,3,1,0,1,1,5,0,0,6.06,31.4396,77.25229,NH22_Shimla_Manali,Himachal Pradesh
Sikkim,Unknown,2021,December,Sunday,19:59,Serious,5,Truck,2,4,Stormy,Urban Road,Wet,Daylight,Signals,69,55,Male,,No,Intersection,2,19,12,6,2,4,3,2,0,5,2,0,0,5.45,22.99445,72.6177,NH48_Delhi_Mumbai,Rajasthan / Gujarat
Puducherry,Unknown,2023,October,Thursday,5:8,Minor,3,Bus,2,1,Stormy,National Highway,Damaged,Daylight,Police Checkpost,119,35,Female,Valid,No,Bridge,1,5,10,3,0,4,0,2,0,3,2,0,0,2.12,13.51767,77.5194,NH7_Varanasi_Kanyakumari,MP / Karnataka / TN
Manipur,Unknown,2023,August,Sunday,8:51,Serious,4,Truck,1,0,Stormy,Village Road,Damaged,Dark,Signals,102,27,Female,Valid,Yes,Curve,2,8,8,6,3,4,0,0,1,4,1,0,0,2.12,21.1104,79.02842,NH44_Nagpur_Hyderabad,Telangana
Punjab,Unknown,2020,July,Wednesday,10:22,Fatal,1,Cycle,7,0,Hazy,National Highway,Under Construction,Dawn,Police Checkpost,101,70,Female,Expired,No,Bridge,3,10,7,2,0,2,2,1,0,1,7,0,0,3.94,13.05352,77.51976,NH44_Hyderabad_Bangalore,Karnataka
Madhya Pradesh,Unknown,2018,April,Saturday,14:41,Fatal,1,Truck,8,1,Stormy,Village Road,Wet,Dusk,Signals,80,47,Male,Valid,Yes,Intersection,3,14,4,5,3,4,3,3,1,1,8,0,0,5.76,26.37571,75.16794,NH48_Delhi_Mumbai,Rajasthan / Gujarat
Himachal Pradesh,Unknown,2022,October,Monday,1:45,Serious,2,Bus,2,2,Hazy,National Highway,Damaged,Dark,Signs,94,56,Female,Expired,No,Intersection,2,1,10,0,0,2,0,0,0,2,2,0,0,3.64,19.64808,73.17738,NH48_Delhi_Mumbai,Rajasthan / Gujarat
Gujarat,Surat,2020,October,Sunday,14:17,Fatal,1,Pedestrian,8,4,Stormy,State Highway,Damaged,Daylight,,55,28,Female,Expired,Yes,Bridge,3,14,10,6,1,4,0,2,1,1,8,0,0,8.48,17.89732,74.86273,NH9_Pune_Hyderabad,Maharashtra / Telangana
Goa,Unknown,2020,April,Tuesday,12:19,Minor,5,Car,7,4,Foggy,National Highway,Under Construction,Dawn,Signals,73,38,Female,Expired,No,Curve,1,12,4,1,0,1,2,1,0,5,7,0,0,6.36,25.80837,90.29134,NH52_Barasat_Guwahati,West Bengal / Assam
Karnataka,Mysore,2021,October,Sunday,2:31,Serious,1,Two-Wheeler,7,2,Stormy,Village Road,Under Construction,Dark,Signs,67,58,Male,Valid,Yes,Straight Road,2,2,10,6,3,4,2,0,1,1,7,0,0,5.76,12.90699,77.63277,NH44_Hyderabad_Bangalore,Karnataka
Telangana,Unknown,2019,July,Friday,21:14,Minor,1,Truck,10,1,Rainy,Urban Road,Wet,Dark,Police Checkpost,72,49,Female,Valid,Yes,Intersection,1,21,7,4,2,3,3,0,1,1,10,0,0,5.15,27.2028,78.01016,NH44_Delhi_Agra,Uttar Pradesh
Rajasthan,Jodhpur,2021,March,Monday,15:23,Fatal,2,Cycle,10,0,Foggy,Urban Road,Damaged,Dusk,Police Checkpost,114,39,Male,Valid,Yes,Intersection,3,15,3,0,2,1,0,3,1,2,10,0,0,5.45,17.4938,75.47422,NH9_Pune_Hyderabad,Maharashtra / Telangana
Arunachal Pradesh,Unknown,2018,September,Tuesday,15:1,Fatal,5,Bus,0,1,Stormy,Urban Road,Wet,Dusk,Police Checkpost,37,24,Female,,Yes,Straight Road,3,15,9,1,2,4,3,3,1,5,0,0,0,3.33,8.29901,77.18692,NH7_Varanasi_Kanyakumari,MP / Karnataka / TN
Meghalaya,Unknown,2018,December,Wednesday,16:28,Serious,1,Car,3,0,Clear,Village Road,Dry,Daylight,Signals,73,67,Female,Expired,Yes,Intersection,2,16,12,2,3,0,1,2,1,1,3,0,0,2.73,12.62204,77.92023,NH44_Bangalore_Chennai,Tamil Nadu
Himachal Pradesh,Unknown,2020,July,Monday,13:46,Serious,3,Bus,10,1,Stormy,Urban Road,Dry,Dusk,Signals,100,56,Female,,Yes,Bridge,2,13,7,0,2,4,1,3,1,3,10,0,0,5.76,24.56391,73.75439,NH48_Delhi_Mumbai,Rajasthan / Gujarat
Jammu and Kashmir,Unknown,2023,April,Sunday,18:27,Fatal,1,Bus,3,1,Clear,National Highway,Under Construction,Dawn,,32,62,Male,Expired,Yes,Bridge,3,18,4,6,0,0,2,1,1,1,3,0,0,4.24,14.48525,75.73485,NH48_Mumbai_Bangalore,Maharashtra / Karnataka
Chhattisgarh,Unknown,2020,January,Saturday,3:52,Minor,5,Pedestrian,5,4,Hazy,State Highway,Under Construction,Dark,Police Checkpost,38,70,Male,,No,Bridge,1,3,1,5,1,2,2,0,0,5,5,0,0,5.76,22.95641,79.39581,NH44_Agra_Nagpur,Madhya Pradesh
Delhi,Dwarka,2022,January,Wednesday,22:53,Minor,1,Truck,10,5,Hazy,Village Road,Dry,Dusk,,104,35,Male,Expired,No,Straight Road,1,22,1,2,3,2,1,3,0,1,10,0,0,8.18,27.04385,78.16311,NH44_Delhi_Agra,Uttar Pradesh
Puducherry,Unknown,2019,April,Sunday,10:56,Serious,4,Bus,6,2,Clear,State Highway,Wet,Dark,Police Checkpost,96,36,Male,,No,Curve,2,10,4,6,1,0,3,0,0,4,6,0,0,4.85,18.70201,78.31342,NH44_Nagpur_Hyderabad,Telangana
Delhi,Dwarka,2019,November,Friday,0:37,Serious,5,Auto-Rickshaw,6,1,Stormy,National Highway,Under Construction,Daylight,Signs,91,54,Female,Valid,Yes,Straight Road,2,0,11,4,0,4,2,2,1,5,6,0,0,4.55,16.46435,80.59657,NH16_Kolkata_Chennai,Odisha / Andhra Pradesh
Jharkhand,Unknown,2020,December,Tuesday,14:3,Serious,3,Car,3,3,Rainy,State Highway,Under Construction,Daylight,Signs,63,27,Male,Valid,Yes,Intersection,2,14,12,1,1,3,2,2,1,3,3,0,0,5.45,15.40389,74.99851,NH48_Mumbai_Bangalore,Maharashtra / Karnataka
Delhi,New Delhi,2019,June,Wednesday,15:46,Minor,3,Bus,2,5,Rainy,State Highway,Dry,Dusk,Signals,118,21,Female,Valid,Yes,Curve,1,15,6,2,1,3,1,3,1,3,2,0,0,6.36,12.34143,78.16725,NH44_Bangalore_Chennai,Tamil Nadu
Andhra Pradesh,Visakhapatnam,2019,October,Thursday,20:34,Minor,3,Car,3,5,Stormy,Urban Road,Under Construction,Daylight,Police Checkpost,55,24,Female,Valid,Yes,Bridge,1,20,10,3,2,4,2,2,1,3,3,0,0,6.67,23.44064,86.17774,NH19_Delhi_Kolkata,Uttar Pradesh / Bihar
Punjab,Unknown,2020,September,Wednesday,0:37,Fatal,3,Bus,0,5,Rainy,Urban Road,Damaged,Dark,Police Checkpost,90,37,Female,Expired,No,Curve,3,0,9,2,2,3,0,0,0,3,0,0,0,6.36,23.4706,83.8942,NH30_Patna_Visakhapatnam,Chhattisgarh
Sikkim,Unknown,2020,January,Thursday,21:32,Serious,3,Auto-Rickshaw,5,1,Foggy,Urban Road,Wet,Dawn,Signals,75,52,Male,,Yes,Straight Road,2,21,1,3,2,1,3,1,1,3,5,0,0,4.24,27.3991,76.47533,NH48_Delhi_Mumbai,Rajasthan / Gujarat
Rajasthan,Udaipur,2018,January,Monday,19:53,Fatal,3,Two-Wheeler,5,3,Clear,Village Road,Dry,Daylight,,95,24,Male,Valid,Yes,Straight Road,3,19,1,0,3,0,1,2,1,3,5,0,0,6.67,31.86895,77.43434,NH22_Shimla_Manali,Himachal Pradesh
Uttar Pradesh,Varanasi,2022,December,Monday,12:29,Minor,2,Truck,10,4,Hazy,Village Road,Wet,Dusk,Police Checkpost,117,51,Female,,Yes,Straight Road,1,12,12,0,3,2,3,3,1,2,10,0,0,7.88,22.36548,79.18727,NH44_Agra_Nagpur,Madhya Pradesh
Chhattisgarh,Unknown,2019,December,Wednesday,1:3,Serious,4,Auto-Rickshaw,1,0,Stormy,National Highway,Wet,Dark,Police Checkpost,77,37,Male,,No,Straight Road,2,1,12,2,0,4,3,0,0,4,1,0,0,1.52,22.36293,79.10995,NH44_Agra_Nagpur,Madhya Pradesh
Uttar Pradesh,Varanasi,2021,October,Saturday,3:39,Fatal,3,Pedestrian,8,0,Stormy,National Highway,Dry,Dawn,Signs,75,49,Female,,Yes,Curve,3,3,10,5,0,4,1,1,1,3,8,0,0,4.85,14.90257,74.29637,NH66_West_Coast,Maharashtra / Kerala
Telangana,Unknown,2019,April,Saturday,0:14,Minor,4,Cycle,8,1,Stormy,Urban Road,Damaged,Dusk,Police Checkpost,95,26,Female,Valid,No,Intersection,1,0,4,5,2,4,0,3,0,4,8,0,0,3.94,13.22776,77.45852,NH48_Mumbai_Bangalore,Maharashtra / Karnataka
Mizoram,Unknown,2019,September,Saturday,10:10,Serious,4,Auto-Rickshaw,4,1,Hazy,Urban Road,Under Construction,Dark,,57,52,Male,Expired,No,Intersection,2,10,9,5,2,2,2,0,0,4,4,0,0,3.33,32.7605,74.80737,NH44_North,Jammu & Kashmir
Jharkhand,Unknown,2020,July,Wednesday,16:37,Serious,1,Cycle,0,0,Clear,Urban Road,Wet,Dawn,Signals,87,45,Male,,No,Intersection,2,16,7,2,2,0,3,1,0,1,0,0,0,1.21,31.06662,77.21084,NH22_Shimla_Manali,Himachal Pradesh
Karnataka,Bangalore,2022,February,Wednesday,0:25,Minor,1,Cycle,0,5,Rainy,National Highway,Under Construction,Dusk,,72,38,Female,Expired,Yes,Straight Road,1,0,2,2,0,3,2,3,1,1,0,0,0,5.76,24.85524,89.86763,NH52_Barasat_Guwahati,West Bengal / Assam
Meghalaya,Unknown,2021,February,Wednesday,4:22,Fatal,5,Truck,7,2,Hazy,Village Road,Wet,Dark,Signs,70,63,Female,Valid,No,Straight Road,3,4,2,2,3,2,3,0,0,5,7,0,0,5.76,28.50219,77.17416,NH44_Delhi_Agra,Uttar Pradesh
Chandigarh,Unknown,2019,November,Thursday,10:51,Minor,2,Cycle,4,4,Foggy,Urban Road,Damaged,Dusk,,39,44,Male,,Yes,Straight Road,1,10,11,3,2,1,0,3,1,2,4,0,0,6.06,31.10977,77.10441,NH22_Shimla_Manali,Himachal Pradesh
Uttarakhand,Unknown,2022,July,Monday,13:15,Fatal,2,Truck,8,2,Hazy,Village Road,Dry,Dusk,Signals,98,54,Female,Expired,Yes,Intersection,3,13,7,0,3,2,1,3,1,2,8,0,0,6.67,19.31375,84.76922,NH16_Kolkata_Chennai,Odisha / Andhra Pradesh
Tripura,Unknown,2020,October,Thursday,3:11,Minor,1,Truck,2,5,Hazy,Village Road,Under Construction,Daylight,Signs,119,64,Female,,No,Intersection,1,3,10,3,3,2,2,2,0,1,2,0,0,5.76,13.44781,77.40429,NH7_Varanasi_Kanyakumari,MP / Karnataka / TN
Sikkim,Unknown,2019,November,Thursday,8:1,Serious,3,Auto-Rickshaw,4,5,Foggy,Village Road,Damaged,Daylight,Signals,68,64,Male,Valid,Yes,Intersection,2,8,11,3,3,1,0,2,1,3,4,0,0,7.58,14.91811,76.53616,NH44_Hyderabad_Bangalore,Karnataka
Odisha,Unknown,2023,August,Thursday,8:19,Fatal,2,Two-Wheeler,8,1,Foggy,Village Road,Damaged,Daylight,,112,59,Male,Expired,Yes,Curve,3,8,8,3,3,1,0,2,1,2,8,0,0,5.76,13.6647,79.43962,NH16_Kolkata_Chennai,Odisha / Andhra Pradesh
Odisha,Unknown,2020,November,Wednesday,5:40,Minor,2,Car,2,5,Clear,Urban Road,Under Construction,Dark,Police Checkpost,77,21,Female,,No,Intersection,1,5,11,2,2,0,2,0,0,2,2,0,0,5.76,27.37641,77.79208,NH44_Delhi_Agra,Uttar Pradesh
Haryana,Unknown,2020,April,Sunday,13:29,Serious,3,Cycle,6,5,Rainy,Urban Road,Dry,Dusk,Signals,36,56,Female,,Yes,Intersection,2,13,4,6,2,3,1,3,1,3,6,0,0,8.18,12.23216,79.29489,NH44_Bangalore_Chennai,Tamil Nadu
Jharkhand,Unknown,2019,May,Monday,22:18,Minor,5,Pedestrian,2,5,Hazy,National Highway,Under Construction,Dark,Signals,80,32,Female,,Yes,Bridge,1,22,5,0,0,2,2,0,1,5,2,0,0,6.36,17.93511,73.63661,NH48_Mumbai_Bangalore,Maharashtra / Karnataka
Goa,Unknown,2019,July,Thursday,10:0,Minor,3,Two-Wheeler,5,4,Rainy,Village Road,Damaged,Dusk,Police Checkpost,80,58,Male,,No,Intersection,1,10,7,3,3,3,0,3,0,3,5,0,0,5.76,27.67422,77.51743,NH44_Delhi_Agra,Uttar Pradesh
Rajasthan,Udaipur,2019,March,Saturday,15:53,Minor,1,Cycle,2,0,Hazy,Village Road,Dry,Dawn,Signals,53,24,Male,Valid,No,Bridge,1,15,3,5,3,2,1,1,0,1,2,0,0,1.21,13.03604,80.25689,NH44_Bangalore_Chennai,Tamil Nadu
Rajasthan,Udaipur,2020,October,Tuesday,21:1,Minor,3,Auto-Rickshaw,4,1,Foggy,National Highway,Under Construction,Dark,,31,18,Female,Valid,No,Straight Road,1,21,10,1,0,1,2,0,0,3,4,0,0,2.73,17.93656,74.82353,NH9_Pune_Hyderabad,Maharashtra / Telangana
Manipur,Unknown,2021,April,Thursday,5:32,Fatal,2,Car,3,0,Rainy,Urban Road,Dry,Daylight,Signals,74,35,Female,Expired,No,Intersection,3,5,4,3,2,3,1,2,0,2,3,0,0,2.73,24.19084,73.4793,NH48_Delhi_Mumbai,Rajasthan / Gujarat
Rajasthan,Udaipur,2021,July,Sunday,9:58,Minor,1,Two-Wheeler,8,5,Clear,Village Road,Wet,Dawn,,107,23,Male,Valid,No,Curve,1,9,7,6,3,0,3,1,0,1,8,0,0,7.58,17.04209,78.33518,NH44_Hyderabad_Bangalore,Karnataka
Puducherry,Unknown,2018,January,Thursday,21:50,Fatal,3,Auto-Rickshaw,5,3,Clear,National Highway,Under Construction,Dusk,Police Checkpost,95,21,Female,Expired,Yes,Curve,3,21,1,3,0,0,2,3,1,3,5,0,0,6.67,12.13203,78.95752,NH44_Bangalore_Chennai,Tamil Nadu
Andhra Pradesh,Visakhapatnam,2019,December,Wednesday,13:8,Fatal,1,Truck,3,1,Stormy,Village Road,Damaged,Dusk,,81,58,Male,Valid,Yes,Straight Road,3,13,12,2,3,4,0,3,1,1,3,0,0,4.24,28.63828,77.22503,NH19_Delhi_Kolkata,Uttar Pradesh / Bihar
Chandigarh,Unknown,2019,November,Sunday,19:43,Serious,1,Car,10,3,Foggy,State Highway,Dry,Dusk,Signals,56,64,Female,,Yes,Bridge,2,19,11,6,1,1,1,3,1,1,10,0,0,7.58,17.23528,76.16745,NH9_Pune_Hyderabad,Maharashtra / Telangana
Punjab,Unknown,2020,February,Saturday,13:28,Fatal,2,Two-Wheeler,7,4,Rainy,Village Road,Dry,Daylight,Signals,62,54,Male,Valid,No,Straight Road,3,13,2,5,3,3,1,2,0,2,7,0,0,7.58,27.99166,76.94544,NH48_Delhi_Mumbai,Rajasthan / Gujarat
Kerala,Unknown,2022,July,Thursday,7:31,Fatal,1,Cycle,5,1,Rainy,Village Road,Dry,Dusk,Signals,43,70,Female,Expired,Yes,Curve,3,7,7,3,3,3,1,3,1,1,5,0,0,4.85,24.25294,84.16982,NH30_Patna_Visakhapatnam,Chhattisgarh
Tripura,Unknown,2022,September,Wednesday,12:7,Minor,1,Truck,0,2,Stormy,Urban Road,Damaged,Daylight,Police Checkpost,117,57,Male,Expired,Yes,Curve,1,12,9,2,2,4,0,2,1,1,0,0,0,3.03,21.07775,79.14212,NH44_Nagpur_Hyderabad,Telangana
Delhi,New Delhi,2022,March,Tuesday,23:47,Minor,4,Pedestrian,2,0,Stormy,Urban Road,Dry,Dusk,,45,66,Male,Expired,Yes,Straight Road,1,23,3,1,2,4,1,3,1,4,2,0,0,1.82,23.85339,81.16499,NH7_Varanasi_Kanyakumari,MP / Karnataka / TN
Chhattisgarh,Unknown,2021,February,Sunday,9:52,Fatal,2,Cycle,3,3,Rainy,National Highway,Wet,Dark,Signs,119,69,Female,Expired,No,Straight Road,3,9,2,6,0,3,3,0,0,2,3,0,0,5.45,20.44311,86.30124,NH16_Kolkata_Chennai,Odisha / Andhra Pradesh
Kerala,Unknown,2023,September,Friday,20:48,Fatal,5,Truck,1,0,Hazy,State Highway,Wet,Daylight,Police Checkpost,34,38,Female,Valid,Yes,Straight Road,3,20,9,4,1,2,3,2,1,5,1,0,0,2.73,14.39041,75.62502,NH48_Mumbai_Bangalore,Maharashtra / Karnataka
Maharashtra,Mumbai,2018,June,Saturday,21:29,Fatal,2,Cycle,8,5,Hazy,State Highway,Wet,Dark,Police Checkpost,85,41,Male,Valid,No,Bridge,3,21,6,5,1,2,3,0,0,2,8,0,0,8.79,18.50262,73.89176,NH48_Mumbai_Bangalore,Maharashtra / Karnataka
Tripura,Unknown,2022,June,Sunday,8:53,Fatal,2,Two-Wheeler,3,5,Hazy,State Highway,Wet,Dawn,Signals,111,65,Male,Valid,Yes,Bridge,3,8,6,6,1,2,3,1,1,2,3,0,0,7.88,23.03519,83.4055,NH30_Patna_Visakhapatnam,Chhattisgarh
Andhra Pradesh,Tirupati,2020,March,Sunday,6:45,Serious,4,Truck,5,2,Hazy,National Highway,Wet,Daylight,Signals,88,21,Male,Expired,No,Straight Road,2,6,3,6,0,2,3,2,0,4,5,0,0,4.55,26.12074,86.51165,NH27_East_West,Rajasthan / MP / UP
Nagaland,Unknown,2023,December,Monday,10:23,Fatal,3,Pedestrian,7,5,Foggy,Urban Road,Under Construction,Dawn,Police Checkpost,89,64,Male,Valid,No,Intersection,3,10,12,0,2,1,2,1,0,3,7,0,0,8.48,18.29511,74.27957,NH9_Pune_Hyderabad,Maharashtra / Telangana
Arunachal Pradesh,Unknown,2018,May,Monday,9:9,Fatal,1,Two-Wheeler,5,2,Clear,National Highway,Under Construction,Dusk,Police Checkpost,37,31,Male,Valid,Yes,Straight Road,3,9,5,0,0,0,2,3,1,1,5,0,0,5.76,20.65988,81.94155,NH30_Patna_Visakhapatnam,Chhattisgarh
Goa,Unknown,2021,April,Friday,12:1,Fatal,5,Truck,1,3,Rainy,State Highway,Wet,Dusk,Police Checkpost,84,51,Male,,Yes,Curve,3,12,4,4,1,3,3,3,1,5,1,0,0,5.45,23.99732,79.05998,NH44_Agra_Nagpur,Madhya Pradesh
Rajasthan,Jodhpur,2018,September,Thursday,0:9,Minor,1,Two-Wheeler,2,2,Rainy,State Highway,Under Construction,Dusk,Signals,46,60,Male,Valid,Yes,Intersection,1,0,9,3,1,3,2,3,1,1,2,0,0,3.64,22.37709,79.0913,NH44_Agra_Nagpur,Madhya Pradesh
Meghalaya,Unknown,2019,April,Wednesday,19:54,Minor,4,Bus,1,5,Rainy,State Highway,Damaged,Dusk,Signs,92,63,Female,Valid,No,Curve,1,19,4,2,1,3,0,3,0,4,1,0,0,5.45,19.29845,72.92324,NH48_Delhi_Mumbai,Rajasthan / Gujarat
Jammu and Kashmir,Unknown,2022,August,Thursday,17:38,Minor,5,Cycle,1,5,Foggy,National Highway,Dry,Dusk,Signals,48,66,Male,,No,Curve,1,17,8,3,0,1,1,3,0,5,1,0,0,5.45,26.24119,78.38801,NH44_Agra_Nagpur,Madhya Pradesh
Gujarat,Vadodara,2019,November,Friday,13:48,Minor,4,Car,7,4,Foggy,Village Road,Wet,Dawn,Police Checkpost,90,37,Male,,No,Curve,1,13,11,4,3,1,3,1,0,4,7,0,0,6.36,27.72517,77.49386,NH44_Delhi_Agra,Uttar Pradesh
West Bengal,Siliguri,2020,November,Monday,10:8,Fatal,2,Pedestrian,4,3,Hazy,Urban Road,Dry,Daylight,Signs,94,39,Male,,No,Curve,3,10,11,0,2,2,1,2,0,2,4,0,0,5.76,25.90592,88.27854,NH27_East_West,Rajasthan / MP / UP
Meghalaya,Unknown,2019,May,Tuesday,5:37,Serious,4,Bus,6,5,Foggy,National Highway,Damaged,Daylight,Police Checkpost,42,29,Male,,Yes,Intersection,2,5,5,1,0,1,0,2,1,4,6,0,0,8.18,15.87645,80.27112,NH16_Kolkata_Chennai,Odisha / Andhra Pradesh
Nagaland,Unknown,2021,September,Friday,16:0,Fatal,5,Two-Wheeler,9,5,Stormy,National Highway,Wet,Daylight,Police Checkpost,41,68,Male,Valid,Yes,Intersection,3,16,9,4,0,4,3,2,1,5,9,0,0,9.7,24.27869,84.54811,NH19_Delhi_Kolkata,Uttar Pradesh / Bihar
Jharkhand,Unknown,2019,June,Saturday,10:41,Fatal,4,Pedestrian,5,5,Hazy,Village Road,Dry,Dusk,Signs,72,47,Female,Valid,No,Curve,3,10,6,5,3,2,1,3,0,4,5,0,0,7.88,31.89184,77.40801,NH22_Shimla_Manali,Himachal Pradesh
Jharkhand,Unknown,2018,February,Wednesday,21:18,Minor,3,Pedestrian,1,1,Stormy,National Highway,Wet,Dawn,Signals,109,58,Male,Expired,Yes,Straight Road,1,21,2,2,0,4,3,1,1,3,1,0,0,2.42,9.91275,77.46789,NH7_Varanasi_Kanyakumari,MP / Karnataka / TN