State Name,City Name,Year,Month,Day of Week,Time of Day,Accident Severity,Number of Vehicles Involved,Vehicle Type Involved,Number of Casualties,Number of Fatalities,Weather Conditions,Road Type,Road Condition,Lighting Conditions,Traffic Control Presence,Speed Limit (km/h),Driver Age,Driver Gender,Driver License Status,Alcohol Involvement,Accident Location Details,severity,hour,month,day_enc,road_type_enc,weather_enc,road_cond_enc,lighting_enc,alcohol,num_vehicles,num_casualties,junction_enc,cause_enc,risk_score,latitude,longitude,highway,state_region
West Bengal,Siliguri,2021,April,Thursday,22:58,Serious,2,Pedestrian,6,2,Rainy,National Highway,Under Construction,Dark,Signs,94,48,Female,Expired,No,Bridge,2,22,4,3,0,3,2,0,0,2,6,0,0,4.85,27.77144,77.50622,NH44_Delhi_Agra,Uttar Pradesh
Kerala,Unknown,2023,June,Monday,7:25,Fatal,1,Car,10,2,Clear,State Highway,Wet,Dawn,,117,42,Female,Expired,Yes,Straight Road,3,7,6,0,1,0,3,1,1,1,10,0,0,7.27,15.03943,75.17008,NH48_Mumbai_Bangalore,Maharashtra / Karnataka
Uttarakhand,Unknown,2021,August,Monday,13:32,Fatal,3,Truck,7,1,Hazy,Village Road,Wet,Dusk,Signs,104,24,Female,Valid,No,Intersection,3,13,8,0,3,2,3,3,0,3,7,0,0,4.85,16.97465,78.39602,NH44_Hyderabad_Bangalore,Karnataka
Maharashtra,Mumbai,2018,February,Thursday,4:9,Minor,1,Pedestrian,8,0,Hazy,National Highway,Wet,Dark,,62,49,Female,,Yes,Straight Road,1,4,2,3,0,2,3,0,1,1,8,0,0,3.64,12.07114,78.97312,NH44_Bangalore_Chennai,Tamil Nadu
Karnataka,Bangalore,2019,July,Tuesday,5:40,Minor,5,Truck,5,0,Clear,Village Road,Damaged,Dark,Signs,52,36,Male,Expired,Yes,Straight Road,1,5,7,1,3,0,0,0,1,5,5,0,0,2.73,16.06318,77.27462,NH44_Hyderabad_Bangalore,Karnataka
Odisha,Unknown,2019,February,Sunday,7:43,Serious,3,Two-Wheeler,7,1,Foggy,State Highway,Under Construction,Dawn,Signs,85,29,Male,Expired,Yes,Intersection,2,7,2,6,1,1,2,1,1,3,7,0,0,4.85,17.6237,78.53674,NH44_Nagpur_Hyderabad,Telangana
Rajasthan,Jodhpur,2021,January,Tuesday,16:38,Fatal,3,Truck,2,4,Hazy,Urban Road,Wet,Daylight,Signs,61,58,Female,Valid,No,Curve,3,16,1,1,2,2,3,2,0,3,2,0,0,6.06,23.67666,85.21377,NH19_Delhi_Kolkata,Uttar Pradesh / Bihar
Jharkhand,Unknown,2023,September,Saturday,7:48,Serious,4,Bus,7,1,Clear,Urban Road,Damaged,Dusk,,44,59,Male,Expired,Yes,Bridge,2,7,9,5,2,0,0,3,1,4,7,0,0,4.85,24.84863,84.80948,NH30_Patna_Visakhapatnam,Chhattisgarh
Goa,Unknown,2021,November,Tuesday,7:0,Fatal,3,Pedestrian,9,2,Hazy,State Highway,Dry,Dusk,Signals,53,35,Male,Valid,No,Intersection,3,7,11,1,1,2,1,3,0,3,9,0,0,6.36,32.2669,74.99418,NH44_North,Jammu & Kashmir
Madhya Pradesh,Unknown,2019,May,Sunday,17:41,Fatal,3,Pedestrian,6,0,Hazy,Urban Road,Under Construction,Dusk,Signs,53,21,Female,Valid,Yes,Bridge,3,17,5,6,2,2,2,3,1,3,6,0,0,4.24,23.46231,83.89861,NH30_Patna_Visakhapatnam,Chhattisgarh
Odisha,Unknown,2022,January,Sunday,9:58,Minor,3,Bus,3,2,Foggy,Village Road,Dry,Dawn,,100,45,Male,,Yes,Straight Road,1,9,1,6,3,1,1,1,1,3,3,0,0,3.94,17.45575,75.44741,NH9_Pune_Hyderabad,Maharashtra / Telangana
West Bengal,Durgapur,2018,February,Wednesday,14:56,Fatal,2,Cycle,6,5,Rainy,Urban Road,Wet,Daylight,Police Checkpost,90,40,Female,Valid,Yes,Curve,3,14,2,2,2,3,3,2,1,2,6,0,0,8.79,20.61698,78.97512,NH44_Nagpur_Hyderabad,Telangana
Tamil Nadu,Madurai,2021,November,Friday,1:42,Minor,5,Truck,7,5,Foggy,National Highway,Damaged,Dark,Signs,39,23,Male,,No,Curve,1,1,11,4,0,1,0,0,0,5,7,0,0,7.27,27.37611,77.7296,NH44_Delhi_Agra,Uttar Pradesh
Haryana,Unknown,2018,February,Saturday,0:28,Serious,4,Car,10,1,Stormy,State Highway,Dry,Daylight,Police Checkpost,103,26,Male,Valid,Yes,Bridge,2,0,2,5,1,4,1,2,1,4,10,0,0,5.76,24.17457,89.27986,NH52_Barasat_Guwahati,West Bengal / Assam
Punjab,Unknown,2021,November,Monday,6:22,Serious,1,Cycle,1,0,Hazy,Urban Road,Under Construction,Daylight,Police Checkpost,67,53,Male,,Yes,Curve,2,6,11,0,2,2,2,2,1,1,1,0,0,2.12,20.13351,73.49612,NH48_Delhi_Mumbai,Rajasthan / Gujarat
Andhra Pradesh,Vijayawada,2021,August,Wednesday,6:12,Minor,1,Car,2,2,Rainy,Village Road,Under Construction,Dawn,,48,43,Male,Expired,Yes,Bridge,1,6,8,2,3,3,2,1,1,1,2,0,0,3.64,34.13309,74.79337,NH44_North,Jammu & Kashmir
Nagaland,Unknown,2021,December,Monday,6:37,Minor,2,Bus,2,4,Hazy,State Highway,Dry,Dark,Signals,40,66,Male,Expired,Yes,Straight Road,1,6,12,0,1,2,1,0,1,2,2,0,0,5.45,32.26833,74.8967,NH44_North,Jammu & Kashmir
Gujarat,Ahmedabad,2021,September,Saturday,21:47,Fatal,1,Cycle,8,3,Stormy,State Highway,Dry,Daylight,Police Checkpost,109,43,Female,Valid,No,Straight Road,3,21,9,5,1,4,1,2,0,1,8,0,0,6.97,15.8309,80.28839,NH16_Kolkata_Chennai,Odisha / Andhra Pradesh
Delhi,Rohini,2023,February,Friday,16:58,Fatal,4,Truck,5,3,Rainy,State Highway,Under Construction,Dark,Police Checkpost,31,39,Female,,No,Intersection,3,16,2,4,1,3,2,0,0,4,5,0,0,6.06,28.651,77.2496,NH19_Delhi_Kolkata,Uttar Pradesh / Bihar
Jammu and Kashmir,Unknown,2023,December,Tuesday,6:12,Serious,3,Cycle,1,2,Foggy,Urban Road,Damaged,Dusk,Signs,107,64,Male,Valid,No,Curve,2,6,12,1,2,1,0,3,0,3,1,0,0,3.33,15.4528,75.05624,NH48_Mumbai_Bangalore,Maharashtra / Karnataka
Punjab,Unknown,2019,December,Tuesday,10:39,Serious,2,Cycle,6,3,Rainy,National Highway,Dry,Dawn,Signs,89,43,Male,Valid,Yes,Bridge,2,10,12,1,0,3,1,1,1,2,6,0,0,6.36,13.11766,80.33997,NH16_Kolkata_Chennai,Odisha / Andhra Pradesh
Arunachal Pradesh,Unknown,2021,April,Friday,7:7,Minor,5,Auto-Rickshaw,7,0,Stormy,State Highway,Wet,Dawn,,53,24,Female,Expired,Yes,Bridge,1,7,4,4,1,4,3,1,1,5,7,0,0,3.33,13.88823,74.83039,NH66_West_Coast,Maharashtra / Kerala
Rajasthan,Jodhpur,2019,December,Sunday,14:13,Fatal,2,Auto-Rickshaw,7,1,Hazy,National Highway,Damaged,Dusk,Signs,51,36,Female,Expired,Yes,Curve,3,14,12,6,0,2,0,3,1,2,7,0,0,5.45,11.28116,77.88612,NH7_Varanasi_Kanyakumari,MP / Karnataka / TN
West Bengal,Siliguri,2023,April,Monday,23:45,Serious,5,Auto-Rickshaw,8,3,Hazy,Urban Road,Wet,Dawn,Signs,112,28,Female,Valid,Yes,Curve,2,23,4,0,2,2,3,1,1,5,8,0,0,6.97,9.81485,77.46975,NH7_Varanasi_Kanyakumari,MP / Karnataka / TN
Odisha,Unknown,2022,November,Sunday,18:49,Serious,3,Truck,5,1,Clear,State Highway,Dry,Dawn,Signals,37,32,Male,,No,Intersection,2,18,11,6,1,0,1,1,0,3,5,0,0,3.64,25.42593,90.028,NH52_Barasat_Guwahati,West Bengal / Assam
Uttar Pradesh,Kanpur,2018,June,Monday,5:40,Fatal,4,Bus,1,0,Foggy,Village Road,Wet,Dark,Signs,32,58,Male,Expired,No,Intersection,3,5,6,0,3,1,3,0,0,4,1,0,0,2.12,17.12582,77.2495,NH9_Pune_Hyderabad,Maharashtra / Telangana
Odisha,Unknown,2018,June,Tuesday,10:28,Fatal,3,Cycle,2,4,Clear,Village Road,Under Construction,Dusk,Signs,54,34,Male,Valid,Yes,Straight Road,3,10,6,1,3,0,2,3,1,3,2,0,0,6.67,15.8218,77.1748,NH44_Hyderabad_Bangalore,Karnataka
Himachal Pradesh,Unknown,2023,February,Friday,8:10,Serious,2,Auto-Rickshaw,1,3,Rainy,National Highway,Under Construction,Dark,Police Checkpost,115,69,Female,Valid,Yes,Bridge,2,8,2,4,0,3,2,0,1,2,1,0,0,4.85,16.13748,74.49895,NH48_Mumbai_Bangalore,Maharashtra / Karnataka
Puducherry,Unknown,2023,August,Wednesday,18:16,Fatal,3,Cycle,2,3,Stormy,Village Road,Damaged,Dark,Signals,120,27,Male,,No,Intersection,3,18,8,2,3,4,0,0,0,3,2,0,0,5.15,23.92748,79.1915,NH44_Agra_Nagpur,Madhya Pradesh
Tripura,Unknown,2021,August,Sunday,14:50,Serious,3,Truck,5,0,Clear,Village Road,Damaged,Dark,Signs,81,48,Male,Valid,No,Bridge,2,14,8,6,3,0,0,0,0,3,5,0,0,2.73,28.30266,77.17533,NH44_Delhi_Agra,Uttar Pradesh
Manipur,Unknown,2022,May,Friday,3:41,Fatal,1,Pedestrian,9,5,Foggy,State Highway,Damaged,Daylight,,49,24,Male,,Yes,Bridge,3,3,5,4,1,1,0,2,1,1,9,0,0,9.7,24.90809,89.92846,NH52_Barasat_Guwahati,West Bengal / Assam
Odisha,Unknown,2018,October,Friday,18:58,Minor,3,Auto-Rickshaw,9,1,Stormy,National Highway,Under Construction,Dusk,Police Checkpost,83,46,Female,,No,Bridge,1,18,10,4,0,4,2,3,0,3,9,0,0,4.24,9.92666,77.465,NH7_Varanasi_Kanyakumari,MP / Karnataka / TN
Jammu and Kashmir,Unknown,2021,July,Saturday,17:21,Fatal,2,Pedestrian,2,2,Hazy,National Highway,Wet,Dusk,Signs,51,29,Female,Valid,No,Straight Road,3,17,7,5,0,2,3,3,0,2,2,0,0,4.24,24.09549,73.44179,NH48_Delhi_Mumbai,Rajasthan / Gujarat
Himachal Pradesh,Unknown,2023,August,Thursday,15:14,Serious,2,Cycle,10,3,Rainy,Urban Road,Dry,Dark,Signals,96,47,Female,Valid,No,Curve,2,15,8,3,2,3,1,0,0,2,10,0,0,6.97,12.79965,77.74775,NH44_Bangalore_Chennai,Tamil Nadu
Uttar Pradesh,Varanasi,2018,November,Thursday,3:28,Minor,4,Two-Wheeler,8,4,Rainy,State Highway,Dry,Dusk,Signals,60,43,Male,,Yes,Curve,1,3,11,3,1,3,1,3,1,4,8,0,0,7.27,26.81775,78.17199,NH44_Agra_Nagpur,Madhya Pradesh
Telangana,Unknown,2018,October,Sunday,4:55,Minor,3,Two-Wheeler,9,1,Foggy,National Highway,Wet,Dawn,Signals,106,63,Male,Expired,No,Intersection,1,4,10,6,0,1,3,1,0,3,9,0,0,4.24,28.29413,77.17296,NH44_Delhi_Agra,Uttar Pradesh
Tripura,Unknown,2022,October,Saturday,22:25,Minor,3,Car,10,4,Stormy,Urban Road,Dry,Dusk,Signs,105,38,Female,Expired,Yes,Intersection,1,22,10,5,2,4,1,3,1,3,10,0,0,7.88,25.62753,85.12668,NH30_Patna_Visakhapatnam,Chhattisgarh
Goa,Unknown,2023,August,Wednesday,19:24,Fatal,5,Car,5,0,Clear,Urban Road,Wet,Dark,Police Checkpost,84,63,Female,Expired,Yes,Straight Road,3,19,8,2,2,0,3,0,1,5,5,0,0,3.94,12.69236,77.81329,NH44_Bangalore_Chennai,Tamil Nadu
Karnataka,Mysore,2021,October,Saturday,11:32,Minor,3,Car,1,3,Foggy,State Highway,Wet,Dusk,Police Checkpost,57,60,Female,Expired,Yes,Straight Road,1,11,10,5,1,1,3,3,1,3,1,0,0,4.24,33.43206,75.31222,NH44_North,Jammu & Kashmir
Arunachal Pradesh,Unknown,2022,May,Monday,19:2,Minor,5,Auto-Rickshaw,8,4,Clear,State Highway,Wet,Dark,Police Checkpost,103,66,Male,Expired,No,Straight Road,1,19,5,0,1,0,3,0,0,5,8,0,0,6.67,27.88355,77.50633,NH44_Delhi_Agra,Uttar Pradesh
Jammu and Kashmir,Unknown,2023,August,Sunday,23:23,Fatal,3,Pedestrian,1,5,Stormy,Village Road,Wet,Dawn,Signs,70,43,Female,,Yes,Straight Road,3,23,8,6,3,4,3,1,1,3,1,0,0,7.27,17.73502,83.3525,NH16_Kolkata_Chennai,Odisha / Andhra Pradesh
Andhra Pradesh,Vijayawada,2021,November,Friday,13:45,Serious,4,Auto-Rickshaw,9,5,Hazy,Urban Road,Wet,Dark,Police Checkpost,71,37,Female,Valid,Yes,Curve,2,13,11,4,2,2,3,0,1,4,9,0,0,9.09,22.19414,83.03055,NH30_Patna_Visakhapatnam,Chhattisgarh
Gujarat,Vadodara,2021,October,Thursday,18:39,Fatal,3,Bus,2,0,Foggy,Urban Road,Dry,Daylight,Police Checkpost,57,60,Male,Expired,Yes,Curve,3,18,10,3,2,1,1,2,1,3,2,0,0,3.03,26.8007,78.29442,NH44_Agra_Nagpur,Madhya Pradesh
Maharashtra,Mumbai,2019,January,Friday,14:28,Minor,3,Car,4,0,Rainy,Village Road,Wet,Dusk,Signals,39,23,Female,Expired,No,Intersection,1,14,1,4,3,3,3,3,0,3,4,0,0,1.82,27.65525,77.62292,NH44_Delhi_Agra,Uttar Pradesh
Madhya Pradesh,Unknown,2023,October,Thursday,5:8,Minor,5,Pedestrian,4,0,Stormy,Urban Road,Damaged,Daylight,Signs,103,40,Female,,No,Bridge,1,5,10,3,2,4,0,2,0,5,4,0,0,1.82,19.21533,73.00368,NH48_Delhi_Mumbai,Rajasthan / Gujarat
Delhi,Rohini,2023,March,Saturday,18:23,Minor,3,Bus,0,3,Clear,National Highway,Under Construction,Dark,Signs,96,49,Female,,Yes,Intersection,1,18,3,5,0,0,2,0,1,3,0,0,0,3.94,24.59798,78.99979,NH44_Agra_Nagpur,Madhya Pradesh
Telangana,Unknown,2022,February,Saturday,17:29,Fatal,5,Bus,10,3,Rainy,Village Road,Under Construction,Dawn,Police Checkpost,67,64,Male,,Yes,Curve,3,17,2,5,3,3,2,1,1,5,10,0,0,8.18,21.39796,87.29132,NH16_Kolkata_Chennai,Odisha / Andhra Pradesh
Tripura,Unknown,2020,February,Tuesday,21:53,Fatal,2,Bus,5,5,Clear,Urban Road,Dry,Daylight,Signs,118,54,Female,,Yes,Straight Road,3,21,2,1,2,0,1,2,1,2,5,0,0,8.48,22.97984,79.46986,NH44_Agra_Nagpur,Madhya Pradesh
Gujarat,Ahmedabad,2021,April,Thursday,6:45,Minor,5,Truck,7,5,Hazy,National Highway,Wet,Daylight,Police Checkpost,69,21,Female,,Yes,Curve,1,6,4,3,0,2,3,2,1,5,7,0,0,7.88,28.30347,77.15205,NH44_Delhi_Agra,Uttar Pradesh
Rajasthan,Udaipur,2018,March,Thursday,11:55,Minor,3,Truck,5,4,Clear,National Highway,Dry,Dawn,Signs,58,66,Female,,Yes,Intersection,1,11,3,3,0,0,1,1,1,3,5,0,0,6.36,20.38872,86.20978,NH16_Kolkata_Chennai,Odisha / Andhra Pradesh
Odisha,Unknown,2018,August,Friday,3:41,Serious,1,Pedestrian,0,1,Foggy,Village Road,Under Construction,Daylight,,91,68,Male,Expired,No,Bridge,2,3,8,4,3,1,2,2,0,1,0,0,0,2.12,14.51334,75.69674,NH48_Mumbai_Bangalore,Maharashtra / Karnataka
Assam,Unknown,2020,February,Monday,7:43,Serious,4,Two-Wheeler,10,5,Foggy,National Highway,Wet,Dusk,Signs,81,50,Male,Expired,No,Straight Road,2,7,2,0,0,1,3,3,0,4,10,0,0,8.79,27.4642,77.77804,NH44_Delhi_Agra,Uttar Pradesh
Chandigarh,Unknown,2023,February,Sunday,0:50,Fatal,2,Bus,9,4,Rainy,Urban Road,Under Construction,Dusk,Police Checkpost,69,28,Female,,Yes,Bridge,3,0,2,6,2,3,2,3,1,2,9,0,0,8.79,19.20647,78.528,NH44_Nagpur_Hyderabad,Telangana
Tamil Nadu,Coimbatore,2021,December,Friday,23:18,Serious,2,Cycle,2,1,Hazy,National Highway,Under Construction,Dark,Signs,59,66,Male,,Yes,Intersection,2,23,12,4,0,2,2,0,1,2,2,0,0,3.33,21.82012,79.08943,NH44_Agra_Nagpur,Madhya Pradesh
Mizoram,Unknown,2022,January,Monday,11:17,Serious,4,Car,7,1,Clear,Urban Road,Dry,Daylight,Police Checkpost,87,56,Male,,No,Curve,2,11,1,0,2,0,1,2,0,4,7,0,0,4.24,27.65708,77.538,NH44_Delhi_Agra,Uttar Pradesh
Uttarakhand,Unknown,2023,August,Tuesday,18:40,Minor,2,Pedestrian,6,1,Hazy,State Highway,Wet,Dawn,,31,20,Male,Valid,No,Bridge,1,18,8,1,1,2,3,1,0,2,6,0,0,3.33,16.49829,77.65199,NH44_Hyderabad_Bangalore,Karnataka
Madhya Pradesh,Unknown,2021,May,Monday,23:56,Fatal,3,Cycle,9,5,Rainy,Village Road,Wet,Dawn,Signals,104,22,Male,Expired,Yes,Bridge,3,23,5,0,3,3,3,1,1,3,9,0,0,9.7,19.33341,84.74782,NH16_Kolkata_Chennai,Odisha / Andhra Pradesh
Jharkhand,Unknown,2023,September,Saturday,5:14,Fatal,2,Bus,5,0,Rainy,Village Road,Wet,Dark,Signs,75,41,Female,Expired,No,Straight Road,3,5,9,5,3,3,3,0,0,2,5,0,0,3.33,12.39462,78.05368,NH44_Bangalore_Chennai,Tamil Nadu
Meghalaya,Unknown,2023,February,Wednesday,3:23,Serious,3,Bus,3,3,Clear,National Highway,Dry,Daylight,Signals,49,30,Female,,Yes,Curve,2,3,2,2,0,0,1,2,1,3,3,0,0,5.45,9.85615,77.40692,NH7_Varanasi_Kanyakumari,MP / Karnataka / TN
Manipur,Unknown,2021,July,Tuesday,16:37,Minor,1,Cycle,10,2,Stormy,National Highway,Wet,Daylight,Signs,101,45,Male,Valid,Yes,Straight Road,1,16,7,1,0,4,3,2,1,1,10,0,0,6.06,25.8775,88.23079,NH27_East_West,Rajasthan / MP / UP
Himachal Pradesh,Unknown,2023,September,Sunday,19:16,Minor,2,Truck,9,5,Rainy,National Highway,Under Construction,Dusk,Police Checkpost,86,21,Female,Expired,Yes,Straight Road,1,19,9,6,0,3,2,3,1,2,9,0,0,8.48,30.23284,79.17847,NH58_Delhi_Badrinath,Uttarakhand
Uttarakhand,Unknown,2019,February,Saturday,3:49,Minor,5,Two-Wheeler,5,1,Foggy,National Highway,Damaged,Dark,,60,33,Female,Expired,Yes,Bridge,1,3,2,5,0,1,0,0,1,5,5,0,0,3.64,18.27622,80.88011,NH30_Patna_Visakhapatnam,Chhattisgarh
Kerala,Unknown,2021,May,Wednesday,1:25,Serious,5,Truck,10,1,Foggy,Urban Road,Wet,Dark,Signs,79,57,Female,,Yes,Straight Road,2,1,5,2,2,1,3,0,1,5,10,0,0,5.76,22.52994,88.29929,NH19_Delhi_Kolkata,Uttar Pradesh / Bihar
Puducherry,Unknown,2019,March,Thursday,22:44,Fatal,5,Cycle,9,2,Clear,Village Road,Dry,Daylight,Police Checkpost,65,52,Female,,Yes,Intersection,3,22,3,3,3,0,1,2,1,5,9,0,0,6.97,18.02414,73.63388,NH48_Mumbai_Bangalore,Maharashtra / Karnataka
Puducherry,Unknown,2018,April,Friday,15:35,Fatal,1,Bus,1,1,Rainy,State Highway,Damaged,Dark,Police Checkpost,58,59,Male,,Yes,Bridge,3,15,4,4,1,3,0,0,1,1,1,0,0,3.64,16.10581,77.29047,NH44_Hyderabad_Bangalore,Karnataka
Maharashtra,Nagpur,2020,June,Sunday,12:28,Fatal,4,Car,5,0,Clear,Village Road,Damaged,Dark,Police Checkpost,87,69,Female,Valid,Yes,Bridge,3,12,6,6,3,0,0,0,1,4,5,0,0,3.94,26.97008,78.08315,NH44_Delhi_Agra,Uttar Pradesh
Bihar,Unknown,2020,November,Monday,20:49,Fatal,2,Bus,3,2,Foggy,Village Road,Damaged,Daylight,Police Checkpost,106,52,Female,Expired,Yes,Bridge,3,20,11,0,3,1,0,2,1,2,3,0,0,5.15,15.85911,77.18052,NH44_Hyderabad_Bangalore,Karnataka
Delhi,New Delhi,2022,August,Tuesday,11:9,Minor,2,Car,5,5,Hazy,Village Road,Wet,Dawn,Signs,60,64,Female,,No,Curve,1,11,8,1,3,2,3,1,0,2,5,0,0,6.67,13.02724,77.5441,NH48_Mumbai_Bangalore,Maharashtra / Karnataka
Odisha,Unknown,2018,December,Thursday,22:33,Minor,1,Bus,10,0,Stormy,State Highway,Wet,Daylight,Signs,51,59,Male,Valid,No,Curve,1,22,12,3,1,4,3,2,0,1,10,0,0,3.64,32.25018,77.05854,NH22_Shimla_Manali,Himachal Pradesh
West Bengal,Siliguri,2018,April,Wednesday,20:59,Serious,4,Cycle,10,1,Foggy,State Highway,Damaged,Dawn,Signals,37,35,Female,Expired,No,Curve,2,20,4,2,1,1,0,1,0,4,10,0,0,5.15,22.99045,72.61208,NH48_Delhi_Mumbai,Rajasthan / Gujarat
Madhya Pradesh,Unknown,2023,January,Thursday,23:47,Serious,2,Pedestrian,10,5,Foggy,State Highway,Under Construction,Daylight,Signals,35,21,Male,Valid,Yes,Intersection,2,23,1,3,1,1,2,2,1,2,10,0,0,9.39,31.39909,77.2238,NH22_Shimla_Manali,Himachal Pradesh
Sikkim,Unknown,2022,June,Monday,10:49,Serious,2,Cycle,10,0,Clear,National Highway,Wet,Dusk,Police Checkpost,72,24,Male,,Yes,Bridge,2,10,6,0,0,0,3,3,1,2,10,0,0,4.85,25.4134,78.50391,NH44_Agra_Nagpur,Madhya Pradesh
Puducherry,Unknown,2022,June,Saturday,23:43,Minor,5,Auto-Rickshaw,2,0,Clear,State Highway,Dry,Dark,Signals,78,58,Female,Valid,No,Straight Road,1,23,6,5,1,0,1,0,0,5,2,0,0,1.21,22.30771,70.2074,NH27_East_West,Rajasthan / MP / UP
Uttar Pradesh,Lucknow,2021,April,Wednesday,9:47,Fatal,3,Pedestrian,3,2,Stormy,State Highway,Under Construction,Dark,,54,24,Male,,Yes,Intersection,3,9,4,2,1,4,2,0,1,3,3,0,0,5.15,25.59928,85.06766,NH30_Patna_Visakhapatnam,Chhattisgarh
Uttar Pradesh,Lucknow,2022,May,Thursday,3:50,Serious,5,Truck,7,5,Foggy,Village Road,Wet,Dawn,,98,50,Female,Valid,No,Bridge,2,3,5,3,3,1,3,1,0,5,7,0,0,7.88,28.55086,77.15711,NH44_Delhi_Agra,Uttar Pradesh
Sikkim,Unknown,2018,June,Wednesday,16:31,Minor,3,Bus,4,1,Stormy,Urban Road,Damaged,Dawn,Signals,87,18,Male,Expired,Yes,Straight Road,1,16,6,2,2,4,0,1,1,3,4,0,0,3.33,19.94227,78.80568,NH44_Nagpur_Hyderabad,Telangana
Andhra Pradesh,Visakhapatnam,2018,April,Monday,20:13,Minor,2,Auto-Rickshaw,1,1,Foggy,Village Road,Dry,Daylight,,92,27,Female,Valid,Yes,Bridge,1,20,4,0,3,1,1,2,1,2,1,0,0,2.42,19.86855,78.69599,NH44_Nagpur_Hyderabad,Telangana
Rajasthan,Jaipur,2018,February,Monday,7:1,Serious,1,Pedestrian,4,5,Hazy,Urban Road,Under Construction,Dark,Signals,73,23,Male,Expired,Yes,Curve,2,7,2,0,2,2,2,0,1,1,4,0,0,7.58,30.76478,79.55491,NH58_Delhi_Badrinath,Uttarakhand
Andhra Pradesh,Tirupati,2021,January,Tuesday,3:21,Minor,1,Two-Wheeler,9,2,Stormy,State Highway,Under Construction,Dawn,,46,44,Male,Valid,No,Straight Road,1,3,1,1,1,4,2,1,0,1,9,0,0,5.15,17.01639,78.33096,NH44_Hyderabad_Bangalore,Karnataka
Karnataka,Mysore,2018,March,Sunday,3:39,Serious,2,Car,5,3,Foggy,Urban Road,Wet,Dark,Signals,118,55,Female,,Yes,Intersection,2,3,3,6,2,1,3,0,1,2,5,0,0,6.06,24.84774,82.4037,NH7_Varanasi_Kanyakumari,MP / Karnataka / TN
Haryana,Unknown,2023,November,Friday,6:15,Minor,4,Bus,3,2,Stormy,Village Road,Wet,Dawn,Signals,64,31,Female,Expired,No,Curve,1,6,11,4,3,4,3,1,0,4,3,0,0,3.33,28.66306,77.19701,NH58_Delhi_Badrinath,Uttarakhand
Uttar Pradesh,Varanasi,2021,August,Wednesday,9:3,Minor,3,Cycle,3,0,Clear,Village Road,Dry,Daylight,Signs,101,34,Female,Valid,No,Bridge,1,9,8,2,3,0,1,2,0,3,3,0,0,1.52,28.32724,77.1065,NH44_Delhi_Agra,Uttar Pradesh
Haryana,Unknown,2018,October,Monday,23:1,Minor,1,Car,9,1,Rainy,Urban Road,Damaged,Daylight,,120,46,Male,,No,Intersection,1,23,10,0,2,3,0,2,0,1,9,0,0,4.24,23.01205,72.61581,NH48_Delhi_Mumbai,Rajasthan / Gujarat
Bihar,Unknown,2023,October,Saturday,23:39,Serious,3,Two-Wheeler,5,1,Clear,Urban Road,Wet,Dawn,,83,24,Male,,Yes,Curve,2,23,10,5,2,0,3,1,1,3,5,0,0,4.24,30.18255,79.14712,NH58_Delhi_Badrinath,Uttarakhand
Haryana,Unknown,2019,October,Monday,20:38,Serious,4,Cycle,0,1,Stormy,State Highway,Dry,Daylight,Signs,31,44,Female,Expired,Yes,Straight Road,2,20,10,0,1,4,1,2,1,4,0,0,0,2.73,21.70288,69.65589,NH27_East_West,Rajasthan / MP / UP
Assam,Unknown,2019,March,Friday,14:15,Serious,4,Cycle,9,5,Clear,Village Road,Wet,Dawn,Police Checkpost,107,26,Male,Valid,No,Intersection,2,14,3,4,3,0,3,1,0,4,9,0,0,8.48,30.50884,79.39164,NH58_Delhi_Badrinath,Uttarakhand
Assam,Unknown,2022,May,Tuesday,1:19,Minor,1,Truck,2,3,Stormy,Village Road,Under Construction,Dawn,,54,55,Female,Valid,No,Intersection,1,1,5,1,3,4,2,1,0,1,2,0,0,3.94,22.16835,83.04957,NH30_Patna_Visakhapatnam,Chhattisgarh
Odisha,Unknown,2020,October,Thursday,3:13,Minor,5,Bus,0,0,Foggy,Urban Road,Under Construction,Dawn,Police Checkpost,76,62,Male,,Yes,Straight Road,1,3,10,3,2,1,2,1,1,5,0,0,0,1.21,18.15014,78.40835,NH44_Nagpur_Hyderabad,Telangana
Chandigarh,Unknown,2020,January,Monday,12:52,Minor,5,Auto-Rickshaw,10,1,Stormy,State Highway,Damaged,Dusk,Signals,100,66,Female,Valid,No,Intersection,1,12,1,0,1,4,0,3,0,5,10,0,0,4.55,17.40839,78.54462,NH9_Pune_Hyderabad,Maharashtra / Telangana
Maharashtra,Mumbai,2021,September,Tuesday,20:6,Serious,3,Bus,10,4,Clear,Village Road,Dry,Dark,,52,26,Female,Valid,Yes,Intersection,2,20,9,1,3,0,1,0,1,3,10,0,0,8.48,12.76943,77.63415,NH44_Bangalore_Chennai,Tamil Nadu
Uttar Pradesh,Varanasi,2023,September,Friday,20:13,Fatal,5,Pedestrian,5,1,Rainy,State Highway,Dry,Dusk,Signs,81,31,Male,,No,Bridge,3,20,9,4,1,3,1,3,0,5,5,0,0,4.24,30.4826,79.44021,NH58_Delhi_Badrinath,Uttarakhand