State Name,City Name,Year,Month,Day of Week,Time of Day,Accident Severity,Number of Vehicles Involved,Vehicle Type Involved,Number of Casualties,Number of Fatalities,Weather Conditions,Road Type,Road Condition,Lighting Conditions,Traffic Control Presence,Speed Limit (km/h),Driver Age,Driver Gender,Driver License Status,Alcohol Involvement,Accident Location Details,severity,hour,month,day_enc,road_type_enc,weather_enc,road_cond_enc,lighting_enc,alcohol,num_vehicles,num_casualties,junction_enc,cause_enc,risk_score,latitude,longitude,highway,state_region
Manipur,Unknown,2023,April,Thursday,4:3,Minor,3,Car,2,1,Stormy,Urban Road,Dry,Daylight,,63,60,Male,Valid,No,Straight Road,1,4,4,3,2,4,1,2,0,3,2,0,0,2.12,12.01118,79.01162,NH44_Bangalore_Chennai,Tamil Nadu
Karnataka,Bangalore,2022,December,Tuesday,8:14,Minor,1,Truck,3,2,Clear,Village Road,Dry,Daylight,Signs,109,23,Female,Expired,No,Curve,1,8,12,1,3,0,1,2,0,1,3,0,0,3.33,21.18783,79.05815,NH44_Nagpur_Hyderabad,Telangana
Haryana,Unknown,2022,October,Monday,1:4,Serious,2,Truck,4,0,Stormy,Urban Road,Dry,Dusk,Police Checkpost,114,48,Male,Expired,No,Curve,2,1,10,0,2,4,1,3,0,2,4,0,0,2.42,22.91995,79.3911,NH44_Agra_Nagpur,Madhya Pradesh
Nagaland,Unknown,2023,October,Thursday,7:37,Fatal,1,Auto-Rickshaw,8,3,Foggy,Village Road,Dry,Dusk,Signs,84,18,Female,,No,Intersection,3,7,10,3,3,1,1,3,0,1,8,0,0,6.97,17.8559,74.91067,NH9_Pune_Hyderabad,Maharashtra / Telangana
Goa,Unknown,2022,January,Saturday,16:5,Fatal,3,Auto-Rickshaw,8,5,Foggy,State Highway,Wet,Dusk,Signs,98,59,Female,Expired,No,Intersection,3,16,1,5,1,1,3,3,0,3,8,0,0,8.79,21.61536,69.65923,NH27_East_West,Rajasthan / MP / UP
Uttarakhand,Unknown,2019,February,Sunday,18:6,Serious,1,Car,6,5,Rainy,State Highway,Under Construction,Daylight,,44,20,Male,Expired,No,Straight Road,2,18,2,6,1,3,2,2,0,1,6,0,0,7.58,17.69207,83.22761,NH16_Kolkata_Chennai,Odisha / Andhra Pradesh
Manipur,Unknown,2019,December,Wednesday,18:24,Minor,4,Car,9,2,Foggy,Urban Road,Wet,Dark,Police Checkpost,59,41,Female,Valid,No,Straight Road,1,18,12,2,2,1,3,0,0,4,9,0,0,5.15,25.26541,82.93832,NH7_Varanasi_Kanyakumari,MP / Karnataka / TN
Haryana,Unknown,2020,January,Wednesday,22:36,Fatal,3,Cycle,6,3,Hazy,Urban Road,Under Construction,Dawn,,32,26,Male,Expired,Yes,Bridge,3,22,1,2,2,2,2,1,1,3,6,0,0,6.97,23.46801,83.88815,NH30_Patna_Visakhapatnam,Chhattisgarh
Jammu and Kashmir,Unknown,2022,November,Saturday,14:16,Fatal,1,Cycle,6,1,Hazy,Village Road,Wet,Dark,Signals,31,43,Male,Expired,No,Bridge,3,14,11,5,3,2,3,0,0,1,6,0,0,4.55,23.04537,87.05655,NH19_Delhi_Kolkata,Uttar Pradesh / Bihar
Mizoram,Unknown,2023,April,Sunday,0:59,Fatal,3,Auto-Rickshaw,8,0,Clear,Urban Road,Damaged,Dusk,Signs,65,19,Female,Expired,Yes,Curve,3,0,4,6,2,0,0,3,1,3,8,0,0,4.85,24.55324,78.99971,NH44_Agra_Nagpur,Madhya Pradesh
Manipur,Unknown,2020,April,Monday,16:38,Fatal,2,Two-Wheeler,8,1,Clear,National Highway,Dry,Dark,Signals,93,32,Male,,No,Bridge,3,16,4,0,0,0,1,0,0,2,8,0,0,5.15,24.18509,84.60357,NH19_Delhi_Kolkata,Uttar Pradesh / Bihar
Andhra Pradesh,Tirupati,2018,November,Monday,9:44,Fatal,1,Pedestrian,3,1,Hazy,Urban Road,Damaged,Dark,Signs,98,22,Female,Expired,No,Straight Road,3,9,11,0,2,2,0,0,0,1,3,0,0,3.64,19.1159,72.91834,NH48_Delhi_Mumbai,Rajasthan / Gujarat
Andhra Pradesh,Vijayawada,2022,December,Friday,6:30,Serious,2,Bus,8,4,Rainy,National Highway,Dry,Dusk,Signals,59,56,Male,Expired,No,Curve,2,6,12,4,0,3,1,3,0,2,8,0,0,7.27,22.35812,79.09538,NH44_Agra_Nagpur,Madhya Pradesh
Andhra Pradesh,Visakhapatnam,2019,October,Monday,12:47,Minor,4,Truck,2,3,Stormy,National Highway,Wet,Dark,Police Checkpost,112,46,Female,,No,Curve,1,12,10,0,0,4,3,0,0,4,2,0,0,3.94,24.23266,84.48976,NH19_Delhi_Kolkata,Uttar Pradesh / Bihar
Delhi,Rohini,2021,July,Friday,6:50,Serious,1,Truck,0,0,Hazy,Village Road,Wet,Dark,Signs,92,41,Male,Expired,No,Curve,2,6,7,4,3,2,3,0,0,1,0,0,0,1.21,25.58056,85.13142,NH30_Patna_Visakhapatnam,Chhattisgarh
Tamil Nadu,Madurai,2021,December,Monday,0:51,Serious,1,Truck,10,3,Rainy,State Highway,Damaged,Dusk,Police Checkpost,30,51,Female,,Yes,Straight Road,2,0,12,0,1,3,0,3,1,1,10,0,0,7.58,32.53701,74.96429,NH44_North,Jammu & Kashmir
Bihar,Unknown,2022,January,Saturday,7:6,Fatal,1,Auto-Rickshaw,9,1,Foggy,Village Road,Damaged,Dark,Signals,32,69,Female,Expired,No,Curve,3,7,1,5,3,1,0,0,0,1,9,0,0,5.45,28.18568,76.96761,NH48_Delhi_Mumbai,Rajasthan / Gujarat
Kerala,Unknown,2020,December,Sunday,14:53,Fatal,1,Bus,2,5,Hazy,State Highway,Damaged,Daylight,Police Checkpost,96,43,Male,Expired,No,Curve,3,14,12,6,1,2,0,2,0,1,2,0,0,6.97,27.52221,76.504,NH48_Delhi_Mumbai,Rajasthan / Gujarat
Delhi,Rohini,2022,January,Wednesday,11:58,Fatal,5,Two-Wheeler,1,4,Hazy,National Highway,Wet,Dark,,84,21,Female,,No,Curve,3,11,1,2,0,2,3,0,0,5,1,0,0,5.76,23.46636,83.89524,NH30_Patna_Visakhapatnam,Chhattisgarh
Rajasthan,Udaipur,2021,June,Sunday,12:23,Minor,1,Auto-Rickshaw,2,1,Clear,State Highway,Under Construction,Dusk,Signs,80,34,Female,Expired,Yes,Intersection,1,12,6,6,1,0,2,3,1,1,2,0,0,2.73,21.57326,69.57509,NH27_East_West,Rajasthan / MP / UP
Odisha,Unknown,2022,March,Wednesday,0:15,Minor,2,Bus,9,4,Rainy,Urban Road,Damaged,Daylight,Signals,37,37,Male,,No,Bridge,1,0,3,2,2,3,0,2,0,2,9,0,0,6.97,22.34279,72.25473,NH48_Delhi_Mumbai,Rajasthan / Gujarat
Maharashtra,Nagpur,2021,July,Saturday,11:39,Minor,2,Cycle,0,4,Clear,Village Road,Under Construction,Dusk,Signs,101,36,Male,Valid,Yes,Straight Road,1,11,7,5,3,0,2,3,1,2,0,0,0,4.85,32.54738,74.95662,NH44_North,Jammu & Kashmir
Karnataka,Bangalore,2023,March,Tuesday,14:7,Fatal,3,Car,4,0,Hazy,National Highway,Under Construction,Dusk,Signals,42,30,Male,Expired,Yes,Curve,3,14,3,1,0,2,2,3,1,3,4,0,0,3.64,27.93673,77.37325,NH44_Delhi_Agra,Uttar Pradesh
Meghalaya,Unknown,2020,April,Wednesday,1:38,Minor,5,Cycle,5,2,Stormy,State Highway,Dry,Dusk,,49,28,Male,Expired,Yes,Intersection,1,1,4,2,1,4,1,3,1,5,5,0,0,4.55,22.50804,88.33734,NH16_Kolkata_Chennai,Odisha / Andhra Pradesh
Madhya Pradesh,Unknown,2021,August,Tuesday,7:36,Minor,5,Cycle,4,4,Foggy,State Highway,Damaged,Dusk,Signs,105,67,Male,,Yes,Intersection,1,7,8,1,1,1,0,3,1,5,4,0,0,6.06,12.67559,77.84456,NH44_Bangalore_Chennai,Tamil Nadu
Nagaland,Unknown,2021,April,Tuesday,21:37,Fatal,1,Bus,10,4,Clear,National Highway,Damaged,Daylight,,39,66,Male,Valid,Yes,Intersection,3,21,4,1,0,0,0,2,1,1,10,0,0,9.09,9.8342,77.52026,NH7_Varanasi_Kanyakumari,MP / Karnataka / TN
Andhra Pradesh,Visakhapatnam,2019,February,Saturday,3:59,Serious,5,Two-Wheeler,7,4,Stormy,Village Road,Dry,Dawn,Police Checkpost,77,49,Male,,No,Intersection,2,3,2,5,3,4,1,1,0,5,7,0,0,6.97,17.31878,73.45405,NH48_Mumbai_Bangalore,Maharashtra / Karnataka
Karnataka,Mangalore,2022,November,Tuesday,0:30,Minor,1,Bus,3,1,Hazy,Village Road,Damaged,Dark,Signs,31,57,Female,Valid,Yes,Straight Road,1,0,11,1,3,2,0,0,1,1,3,0,0,3.03,14.92941,79.97523,NH16_Kolkata_Chennai,Odisha / Andhra Pradesh
Manipur,Unknown,2022,April,Sunday,12:56,Minor,1,Truck,8,0,Hazy,Village Road,Dry,Dark,Signals,61,29,Male,Valid,Yes,Curve,1,12,4,6,3,2,1,0,1,1,8,0,0,3.64,17.63771,83.31838,NH16_Kolkata_Chennai,Odisha / Andhra Pradesh
Odisha,Unknown,2022,January,Thursday,7:51,Fatal,5,Two-Wheeler,10,2,Hazy,State Highway,Damaged,Dark,Signals,50,33,Male,Expired,No,Intersection,3,7,1,3,1,2,0,0,0,5,10,0,0,6.67,23.99113,79.16561,NH44_Agra_Nagpur,Madhya Pradesh
Delhi,Dwarka,2019,June,Friday,8:27,Minor,2,Car,5,0,Clear,National Highway,Damaged,Dark,,108,46,Male,Valid,No,Straight Road,1,8,6,4,0,0,0,0,0,2,5,0,0,2.12,28.34114,77.11386,NH44_Delhi_Agra,Uttar Pradesh
Puducherry,Unknown,2020,December,Sunday,19:38,Serious,4,Car,4,0,Stormy,National Highway,Wet,Daylight,Signs,85,26,Female,Valid,No,Intersection,2,19,12,6,0,4,3,2,0,4,4,0,0,2.42,20.65877,81.92912,NH30_Patna_Visakhapatnam,Chhattisgarh
Mizoram,Unknown,2019,March,Monday,8:13,Fatal,5,Truck,1,1,Rainy,Village Road,Under Construction,Dark,Signs,39,52,Female,Expired,No,Intersection,3,8,3,0,3,3,2,0,0,5,1,0,0,3.03,28.55386,77.17794,NH48_Delhi_Mumbai,Rajasthan / Gujarat
Odisha,Unknown,2023,March,Tuesday,14:28,Minor,4,Truck,6,0,Hazy,Village Road,Dry,Daylight,Police Checkpost,34,53,Female,Valid,Yes,Bridge,1,14,3,1,3,2,1,2,1,4,6,0,0,3.03,12.62357,77.87052,NH44_Bangalore_Chennai,Tamil Nadu
Arunachal Pradesh,Unknown,2021,February,Thursday,21:5,Serious,1,Two-Wheeler,3,0,Clear,Village Road,Wet,Dusk,Signals,75,52,Male,,Yes,Straight Road,2,21,2,3,3,0,3,3,1,1,3,0,0,2.73,17.72995,83.22271,NH16_Kolkata_Chennai,Odisha / Andhra Pradesh
Chhattisgarh,Unknown,2021,May,Saturday,17:7,Fatal,2,Two-Wheeler,6,0,Foggy,National Highway,Wet,Daylight,Signals,40,27,Female,Expired,Yes,Intersection,3,17,5,5,0,1,3,2,1,2,6,0,0,4.24,17.25168,76.25767,NH9_Pune_Hyderabad,Maharashtra / Telangana
Jammu and Kashmir,Unknown,2019,October,Thursday,14:47,Serious,3,Pedestrian,0,3,Clear,State Highway,Wet,Dark,Signs,96,32,Female,Valid,No,Straight Road,2,14,10,3,1,0,3,0,0,3,0,0,0,3.94,28.01587,77.31003,NH44_Delhi_Agra,Uttar Pradesh
Tripura,Unknown,2021,March,Wednesday,21:42,Serious,1,Pedestrian,1,3,Clear,National Highway,Damaged,Daylight,Signs,107,64,Female,,No,Bridge,2,21,3,2,0,0,0,2,0,1,1,0,0,4.24,23.5167,88.90679,NH52_Barasat_Guwahati,West Bengal / Assam
Delhi,New Delhi,2021,February,Thursday,18:19,Minor,2,Two-Wheeler,7,0,Clear,State Highway,Wet,Dusk,Police Checkpost,72,20,Female,,No,Intersection,1,18,2,3,1,0,3,3,0,2,7,0,0,2.73,15.87679,73.9278,NH66_West_Coast,Maharashtra / Kerala
West Bengal,Kolkata,2023,May,Tuesday,1:56,Fatal,3,Car,8,5,Foggy,Village Road,Damaged,Daylight,Signs,94,47,Male,,No,Bridge,3,1,5,1,3,1,0,2,0,3,8,0,0,8.79,12.28955,78.18773,NH44_Bangalore_Chennai,Tamil Nadu
Kerala,Unknown,2019,April,Thursday,22:28,Minor,3,Truck,3,0,Rainy,National Highway,Damaged,Daylight,Signals,35,50,Female,,Yes,Curve,1,22,4,3,0,3,0,2,1,3,3,0,0,2.12,17.43019,78.48957,NH9_Pune_Hyderabad,Maharashtra / Telangana
Uttarakhand,Unknown,2020,December,Friday,8:50,Fatal,3,Pedestrian,10,2,Foggy,National Highway,Wet,Dawn,,61,34,Male,Valid,No,Intersection,3,8,12,4,0,1,3,1,0,3,10,0,0,6.67,26.81528,80.96719,NH19_Delhi_Kolkata,Uttar Pradesh / Bihar
Punjab,Unknown,2018,August,Tuesday,7:41,Serious,4,Pedestrian,1,2,Foggy,Village Road,Damaged,Dawn,,30,69,Male,Expired,Yes,Intersection,2,7,8,1,3,1,0,1,1,4,1,0,0,3.94,28.33109,77.1959,NH44_Delhi_Agra,Uttar Pradesh
Telangana,Unknown,2021,November,Tuesday,21:7,Fatal,5,Bus,9,5,Foggy,Urban Road,Wet,Dawn,Signals,45,66,Female,,Yes,Intersection,3,21,11,1,2,1,3,1,1,5,9,0,0,9.7,13.65139,79.37148,NH16_Kolkata_Chennai,Odisha / Andhra Pradesh
Tamil Nadu,Coimbatore,2020,March,Thursday,11:18,Minor,2,Truck,3,2,Hazy,National Highway,Damaged,Dusk,Police Checkpost,115,54,Male,Valid,No,Curve,1,11,3,3,0,2,0,3,0,2,3,0,0,3.33,11.2785,75.85448,NH66_West_Coast,Maharashtra / Kerala
Tripura,Unknown,2023,January,Saturday,19:52,Fatal,5,Cycle,10,5,Hazy,National Highway,Dry,Daylight,Police Checkpost,35,55,Female,Valid,No,Straight Road,3,19,1,5,0,2,1,2,0,5,10,0,0,9.39,18.17755,80.87265,NH30_Patna_Visakhapatnam,Chhattisgarh
Punjab,Unknown,2019,May,Saturday,11:21,Fatal,4,Two-Wheeler,3,5,Hazy,Village Road,Damaged,Dawn,Signals,66,18,Female,Expired,No,Bridge,3,11,5,5,3,2,0,1,0,4,3,0,0,7.27,17.37885,78.47269,NH7_Varanasi_Kanyakumari,MP / Karnataka / TN
Manipur,Unknown,2018,December,Sunday,17:19,Minor,5,Bus,1,3,Hazy,Village Road,Wet,Dawn,Police Checkpost,34,42,Male,Valid,No,Intersection,1,17,12,6,3,2,3,1,0,5,1,0,0,3.64,12.11034,78.49521,NH44_Bangalore_Chennai,Tamil Nadu
Puducherry,Unknown,2019,May,Monday,19:1,Serious,3,Auto-Rickshaw,8,0,Foggy,Village Road,Damaged,Dark,Signals,99,43,Male,Expired,Yes,Curve,2,19,5,0,3,1,0,0,1,3,8,0,0,4.24,18.23092,80.87199,NH30_Patna_Visakhapatnam,Chhattisgarh
West Bengal,Durgapur,2023,January,Tuesday,1:53,Serious,4,Truck,5,0,Hazy,National Highway,Dry,Dawn,Signals,73,19,Female,Valid,Yes,Bridge,2,1,1,1,0,2,1,1,1,4,5,0,0,3.33,21.75627,79.10371,NH44_Agra_Nagpur,Madhya Pradesh
Jharkhand,Unknown,2023,March,Saturday,7:47,Fatal,5,Pedestrian,6,3,Foggy,National Highway,Under Construction,Dawn,Signals,59,42,Male,,No,Curve,3,7,3,5,0,1,2,1,0,5,6,0,0,6.36,26.88104,80.97006,NH27_East_West,Rajasthan / MP / UP
Chandigarh,Unknown,2021,February,Wednesday,21:34,Fatal,4,Pedestrian,4,0,Clear,State Highway,Damaged,Dawn,Signs,46,70,Male,Valid,Yes,Intersection,3,21,2,2,1,0,0,1,1,4,4,0,0,3.64,24.23985,84.18235,NH30_Patna_Visakhapatnam,Chhattisgarh
Chhattisgarh,Unknown,2018,December,Friday,23:26,Fatal,5,Bus,10,2,Clear,State Highway,Damaged,Dusk,Signals,85,39,Male,,Yes,Curve,3,23,12,4,1,0,0,3,1,5,10,0,0,7.27,14.84311,74.2668,NH66_West_Coast,Maharashtra / Kerala
Manipur,Unknown,2020,October,Wednesday,4:1,Minor,3,Car,0,1,Stormy,Urban Road,Under Construction,Dawn,Signals,98,66,Female,Valid,Yes,Bridge,1,4,10,2,2,4,2,1,1,3,0,0,0,2.12,15.45858,74.93277,NH48_Mumbai_Bangalore,Maharashtra / Karnataka
Tripura,Unknown,2023,July,Saturday,7:12,Fatal,1,Truck,5,0,Rainy,State Highway,Dry,Dawn,Police Checkpost,34,42,Female,Expired,Yes,Straight Road,3,7,7,5,1,3,1,1,1,1,5,0,0,3.94,21.84139,80.22093,NH7_Varanasi_Kanyakumari,MP / Karnataka / TN
Meghalaya,Unknown,2021,June,Wednesday,17:22,Serious,1,Pedestrian,0,5,Rainy,National Highway,Dry,Dark,Signals,79,23,Female,Expired,Yes,Curve,2,17,6,2,0,3,1,0,1,1,0,0,0,6.36,25.86988,74.94091,NH48_Delhi_Mumbai,Rajasthan / Gujarat
Haryana,Unknown,2020,August,Sunday,15:30,Minor,1,Auto-Rickshaw,3,3,Clear,Village Road,Damaged,Dawn,Police Checkpost,70,27,Male,Valid,Yes,Intersection,1,15,8,6,3,0,0,1,1,1,3,0,0,4.85,13.7036,77.49543,NH44_Hyderabad_Bangalore,Karnataka
Punjab,Unknown,2018,December,Saturday,21:33,Fatal,5,Bus,1,0,Stormy,Village Road,Under Construction,Dark,,112,34,Male,Expired,No,Curve,3,21,12,5,3,4,2,0,0,5,1,0,0,2.12,27.71006,77.62328,NH44_Delhi_Agra,Uttar Pradesh
Meghalaya,Unknown,2020,December,Thursday,23:40,Fatal,5,Cycle,9,0,Stormy,Urban Road,Dry,Dawn,Signs,103,56,Female,Valid,No,Curve,3,23,12,3,2,4,1,1,0,5,9,0,0,4.55,18.58728,73.84542,NH9_Pune_Hyderabad,Maharashtra / Telangana
Goa,Unknown,2021,June,Monday,1:18,Minor,1,Car,7,2,Hazy,State Highway,Wet,Dark,Signals,41,26,Male,Expired,Yes,Curve,1,1,6,0,1,2,3,0,1,1,7,0,0,5.15,27.28931,82.52209,NH27_East_West,Rajasthan / MP / UP
Goa,Unknown,2023,March,Wednesday,22:59,Minor,4,Two-Wheeler,2,3,Rainy,Village Road,Wet,Dawn,Police Checkpost,63,58,Female,Expired,Yes,Intersection,1,22,3,2,3,3,3,1,1,4,2,0,0,4.55,32.24373,77.10104,NH22_Shimla_Manali,Himachal Pradesh
Tamil Nadu,Coimbatore,2022,November,Friday,19:19,Serious,3,Auto-Rickshaw,1,0,Foggy,National Highway,Dry,Dawn,Police Checkpost,61,48,Male,Valid,No,Bridge,2,19,11,4,0,1,1,1,0,3,1,0,0,1.52,21.63394,69.54545,NH27_East_West,Rajasthan / MP / UP
Puducherry,Unknown,2021,October,Wednesday,22:23,Minor,2,Truck,2,0,Clear,National Highway,Wet,Dusk,Police Checkpost,93,67,Female,,Yes,Curve,1,22,10,2,0,0,3,3,1,2,2,0,0,1.82,24.8575,91.826,NH27_East_West,Rajasthan / MP / UP
Telangana,Unknown,2019,January,Monday,14:47,Minor,3,Cycle,1,1,Foggy,Urban Road,Damaged,Dusk,,117,61,Female,,No,Curve,1,14,1,0,2,1,0,3,0,3,1,0,0,1.82,14.91152,80.05254,NH16_Kolkata_Chennai,Odisha / Andhra Pradesh
Meghalaya,Unknown,2019,June,Monday,18:8,Minor,2,Truck,4,2,Hazy,Village Road,Dry,Dawn,,33,49,Female,Expired,No,Intersection,1,18,6,0,3,2,1,1,0,2,4,0,0,3.64,21.46998,82.48336,NH30_Patna_Visakhapatnam,Chhattisgarh
Uttar Pradesh,Varanasi,2020,August,Friday,5:52,Serious,3,Auto-Rickshaw,10,3,Stormy,Village Road,Wet,Dawn,Signals,97,63,Male,Valid,No,Bridge,2,5,8,4,3,4,3,1,0,3,10,0,0,6.97,30.2576,79.17379,NH58_Delhi_Badrinath,Uttarakhand
Uttarakhand,Unknown,2019,June,Wednesday,21:12,Minor,5,Auto-Rickshaw,1,4,Stormy,National Highway,Under Construction,Dark,Police Checkpost,115,48,Female,Valid,Yes,Curve,1,21,6,2,0,4,2,0,1,5,1,0,0,5.15,22.28714,79.11463,NH44_Agra_Nagpur,Madhya Pradesh
Jammu and Kashmir,Unknown,2019,January,Tuesday,18:58,Serious,5,Pedestrian,2,4,Rainy,Urban Road,Wet,Dark,Signals,70,53,Male,Valid,No,Curve,2,18,1,1,2,3,3,0,0,5,2,0,0,5.45,30.29055,79.09789,NH58_Delhi_Badrinath,Uttarakhand
Goa,Unknown,2018,February,Tuesday,7:25,Minor,3,Truck,5,2,Clear,National Highway,Under Construction,Dusk,Police Checkpost,65,59,Female,Valid,No,Curve,1,7,2,1,0,0,2,3,0,3,5,0,0,3.94,23.0885,72.64862,NH27_East_West,Rajasthan / MP / UP
Puducherry,Unknown,2022,April,Thursday,16:24,Minor,3,Car,10,3,Rainy,National Highway,Under Construction,Dusk,Signals,99,28,Female,Expired,No,Intersection,1,16,4,3,0,3,2,3,0,3,10,0,0,6.36,18.48688,73.81066,NH9_Pune_Hyderabad,Maharashtra / Telangana
Sikkim,Unknown,2022,May,Monday,15:38,Minor,5,Bus,5,0,Hazy,Village Road,Damaged,Dawn,Signs,102,48,Female,Expired,No,Curve,1,15,5,0,3,2,0,1,0,5,5,0,0,2.12,18.69682,84.17509,NH16_Kolkata_Chennai,Odisha / Andhra Pradesh
Uttar Pradesh,Lucknow,2019,July,Monday,7:5,Serious,5,Car,7,5,Clear,Urban Road,Damaged,Dusk,Signs,44,34,Female,,Yes,Curve,2,7,7,0,2,0,0,3,1,5,7,0,0,8.48,26.20571,78.44839,NH44_Agra_Nagpur,Madhya Pradesh
Uttarakhand,Unknown,2022,June,Sunday,15:11,Minor,1,Truck,1,0,Rainy,National Highway,Damaged,Dawn,Signs,42,67,Male,Valid,No,Intersection,1,15,6,6,0,3,0,1,0,1,1,0,0,0.91,18.29895,74.25382,NH9_Pune_Hyderabad,Maharashtra / Telangana
Uttarakhand,Unknown,2018,March,Sunday,19:29,Serious,2,Car,5,2,Foggy,State Highway,Damaged,Dawn,Police Checkpost,86,56,Female,Valid,Yes,Bridge,2,19,3,6,1,1,0,1,1,2,5,0,0,5.15,33.75138,74.84642,NH44_North,Jammu & Kashmir
Sikkim,Unknown,2022,February,Thursday,1:15,Serious,4,Pedestrian,6,1,Rainy,Village Road,Wet,Dusk,Signals,34,23,Male,,No,Intersection,2,1,2,3,3,3,3,3,0,4,6,0,0,3.94,19.09084,72.88684,NH66_West_Coast,Maharashtra / Kerala
Uttar Pradesh,Kanpur,2022,November,Friday,12:8,Fatal,2,Truck,3,5,Clear,State Highway,Damaged,Daylight,Police Checkpost,73,54,Female,Expired,Yes,Curve,3,12,11,4,1,0,0,2,1,2,3,0,0,7.88,28.04734,77.31785,NH44_Delhi_Agra,Uttar Pradesh
Madhya Pradesh,Unknown,2022,August,Sunday,1:6,Fatal,3,Truck,8,5,Rainy,National Highway,Wet,Dusk,Signals,114,41,Male,Expired,No,Bridge,3,1,8,6,0,3,3,3,0,3,8,0,0,8.79,28.62028,77.17869,NH58_Delhi_Badrinath,Uttarakhand
Telangana,Unknown,2023,January,Monday,7:41,Minor,1,Car,1,1,Hazy,State Highway,Dry,Daylight,Signals,75,38,Female,,No,Intersection,1,7,1,0,1,2,1,2,0,1,1,0,0,1.82,25.31274,83.07166,NH7_Varanasi_Kanyakumari,MP / Karnataka / TN
Meghalaya,Unknown,2021,September,Friday,9:1,Serious,2,Truck,10,3,Stormy,National Highway,Dry,Dark,,35,48,Male,,No,Bridge,2,9,9,4,0,4,1,0,0,2,10,0,0,6.97,21.64099,69.5615,NH27_East_West,Rajasthan / MP / UP
Tripura,Unknown,2018,September,Wednesday,5:5,Minor,2,Two-Wheeler,9,0,Clear,State Highway,Under Construction,Dusk,Police Checkpost,56,53,Male,,Yes,Straight Road,1,5,9,2,1,0,2,3,1,2,9,0,0,3.94,25.35645,82.98587,NH7_Varanasi_Kanyakumari,MP / Karnataka / TN
Puducherry,Unknown,2018,July,Monday,15:17,Minor,4,Cycle,3,3,Hazy,State Highway,Dry,Dawn,,70,58,Female,,Yes,Curve,1,15,7,0,1,2,1,1,1,4,3,0,0,4.85,15.40407,77.22424,NH7_Varanasi_Kanyakumari,MP / Karnataka / TN
Maharashtra,Pune,2021,January,Friday,12:58,Minor,1,Pedestrian,4,4,Hazy,Village Road,Wet,Dark,Police Checkpost,91,51,Male,,Yes,Curve,1,12,1,4,3,2,3,0,1,1,4,0,0,6.06,17.0358,78.28508,NH44_Hyderabad_Bangalore,Karnataka
Tamil Nadu,Coimbatore,2023,January,Monday,9:47,Fatal,5,Car,7,5,Clear,Village Road,Under Construction,Dusk,Police Checkpost,44,21,Female,Expired,No,Intersection,3,9,1,0,3,0,2,3,0,5,7,0,0,8.48,19.84766,78.8055,NH44_Nagpur_Hyderabad,Telangana
Chandigarh,Unknown,2021,March,Friday,9:14,Serious,3,Two-Wheeler,8,1,Foggy,Urban Road,Dry,Dusk,Signals,106,53,Male,Expired,No,Intersection,2,9,3,4,2,1,1,3,0,3,8,0,0,4.55,34.05546,74.77776,NH44_North,Jammu & Kashmir
Andhra Pradesh,Tirupati,2020,June,Monday,23:39,Fatal,2,Pedestrian,0,2,Foggy,Village Road,Under Construction,Dawn,,50,50,Male,Valid,No,Curve,3,23,6,0,3,1,2,1,0,2,0,0,0,3.64,27.74617,77.57696,NH44_Delhi_Agra,Uttar Pradesh
Chhattisgarh,Unknown,2020,August,Sunday,4:2,Serious,4,Bus,8,2,Foggy,State Highway,Dry,Dusk,Signs,74,47,Male,Valid,Yes,Intersection,2,4,8,6,1,1,1,3,1,4,8,0,0,6.06,27.07485,78.08744,NH44_Delhi_Agra,Uttar Pradesh
Mizoram,Unknown,2019,January,Saturday,5:6,Serious,3,Cycle,10,3,Rainy,Village Road,Dry,Dusk,,109,19,Male,Valid,Yes,Bridge,2,5,1,5,3,3,1,3,1,3,10,0,0,7.58,26.83137,80.8931,NH27_East_West,Rajasthan / MP / UP
Madhya Pradesh,Unknown,2018,June,Thursday,14:58,Minor,5,Auto-Rickshaw,9,2,Foggy,State Highway,Under Construction,Dawn,Signals,97,55,Female,Valid,No,Straight Road,1,14,6,3,1,1,2,1,0,5,9,0,0,5.15,22.19404,83.02034,NH30_Patna_Visakhapatnam,Chhattisgarh
Himachal Pradesh,Unknown,2019,February,Friday,18:24,Serious,2,Car,9,5,Hazy,National Highway,Under Construction,Dawn,,49,51,Female,Valid,Yes,Intersection,2,18,2,4,0,2,2,1,1,2,9,0,0,9.09,21.71237,79.02687,NH44_Agra_Nagpur,Madhya Pradesh
Bihar,Unknown,2018,July,Wednesday,12:55,Serious,5,Car,5,1,Foggy,State Highway,Wet,Dark,Signs,55,67,Male,Valid,Yes,Straight Road,2,12,7,2,1,1,3,0,1,5,5,0,0,4.24,27.64277,77.49897,NH44_Delhi_Agra,Uttar Pradesh
Tripura,Unknown,2023,June,Saturday,2:50,Serious,1,Pedestrian,7,4,Rainy,Village Road,Under Construction,Dark,Signals,89,55,Male,Expired,No,Straight Road,2,2,6,5,3,3,2,0,0,1,7,0,0,6.97,14.29848,76.18397,NH44_Hyderabad_Bangalore,Karnataka
Gujarat,Surat,2018,July,Tuesday,5:17,Minor,2,Cycle,7,5,Stormy,State Highway,Damaged,Dark,Signs,78,48,Female,,Yes,Straight Road,1,5,7,1,1,4,0,0,1,2,7,0,0,7.88,24.26114,75.87451,NH27_East_West,Rajasthan / MP / UP