State Name,City Name,Year,Month,Day of Week,Time of Day,Accident Severity,Number of Vehicles Involved,Vehicle Type Involved,Number of Casualties,Number of Fatalities,Weather Conditions,Road Type,Road Condition,Lighting Conditions,Traffic Control Presence,Speed Limit (km/h),Driver Age,Driver Gender,Driver License Status,Alcohol Involvement,Accident Location Details,severity,hour,month,day_enc,road_type_enc,weather_enc,road_cond_enc,lighting_enc,alcohol,num_vehicles,num_casualties,junction_enc,cause_enc,risk_score,latitude,longitude,highway,state_region
West Bengal,Durgapur,2020,November,Thursday,6:19,Minor,1,Pedestrian,2,0,Stormy,Urban Road,Wet,Dark,,32,23,Female,,No,Bridge,1,6,11,3,2,4,3,0,0,1,2,0,0,1.21,25.40321,89.89274,NH27_East_West,Rajasthan / MP / UP
Andhra Pradesh,Tirupati,2020,April,Saturday,11:30,Fatal,5,Bus,5,4,Rainy,Village Road,Wet,Dusk,Police Checkpost,101,26,Female,Valid,Yes,Bridge,3,11,4,5,3,3,3,3,1,5,5,0,0,7.58,20.46394,86.25441,NH16_Kolkata_Chennai,Odisha / Andhra Pradesh
Arunachal Pradesh,Unknown,2020,July,Wednesday,22:14,Minor,5,Two-Wheeler,2,5,Hazy,National Highway,Dry,Dawn,Police Checkpost,35,29,Male,Valid,No,Curve,1,22,7,2,0,2,1,1,0,5,2,0,0,5.76,33.07558,75.60347,NH44_North,Jammu & Kashmir
Madhya Pradesh,Unknown,2020,April,Sunday,2:22,Serious,5,Cycle,10,4,Hazy,State Highway,Under Construction,Daylight,Police Checkpost,58,54,Female,Valid,No,Bridge,2,2,4,6,1,2,2,2,0,5,10,0,0,7.88,8.26434,77.26284,NH7_Varanasi_Kanyakumari,MP / Karnataka / TN
Andhra Pradesh,Visakhapatnam,2023,September,Tuesday,20:7,Fatal,3,Car,2,1,Stormy,National Highway,Wet,Dusk,Signs,91,38,Female,Expired,No,Bridge,3,20,9,1,0,4,3,3,0,3,2,0,0,3.33,19.22754,78.54869,NH44_Nagpur_Hyderabad,Telangana
Tamil Nadu,Coimbatore,2020,November,Monday,6:58,Fatal,4,Cycle,9,1,Foggy,Village Road,Damaged,Dusk,Signs,114,49,Male,,Yes,Curve,3,6,11,0,3,1,0,3,1,4,9,0,0,6.06,31.13644,77.11858,NH22_Shimla_Manali,Himachal Pradesh
Nagaland,Unknown,2023,December,Saturday,14:42,Minor,3,Pedestrian,5,1,Foggy,National Highway,Under Construction,Dawn,,74,19,Female,Valid,Yes,Intersection,1,14,12,5,0,1,2,1,1,3,5,0,0,3.64,31.83247,77.51213,NH22_Shimla_Manali,Himachal Pradesh
Bihar,Unknown,2018,July,Friday,8:1,Minor,4,Car,2,4,Hazy,Urban Road,Wet,Daylight,Signals,34,49,Male,,No,Intersection,1,8,7,4,2,2,3,2,0,4,2,0,0,4.85,13.05473,80.25916,NH16_Kolkata_Chennai,Odisha / Andhra Pradesh
Jharkhand,Unknown,2022,July,Wednesday,2:3,Serious,4,Auto-Rickshaw,10,3,Rainy,Village Road,Damaged,Dawn,Police Checkpost,87,54,Female,Expired,No,Curve,2,2,7,2,3,3,0,1,0,4,10,0,0,6.97,16.95302,78.34882,NH44_Hyderabad_Bangalore,Karnataka
Tripura,Unknown,2019,October,Friday,17:38,Serious,4,Truck,8,2,Foggy,State Highway,Damaged,Daylight,Signals,51,49,Female,,No,Bridge,2,17,10,4,1,1,0,2,0,4,8,0,0,5.45,19.25968,73.01274,NH48_Delhi_Mumbai,Rajasthan / Gujarat
Rajasthan,Jaipur,2018,January,Saturday,9:34,Minor,1,Auto-Rickshaw,0,5,Clear,National Highway,Under Construction,Dawn,Signs,94,26,Male,,No,Bridge,1,9,1,5,0,0,2,1,0,1,0,0,0,5.15,25.85719,82.24256,NH19_Delhi_Kolkata,Uttar Pradesh / Bihar
Tripura,Unknown,2020,April,Monday,0:36,Serious,1,Pedestrian,2,1,Rainy,National Highway,Wet,Dark,Signals,85,19,Female,,No,Straight Road,2,0,4,0,0,3,3,0,0,1,2,0,0,2.73,13.6036,79.47828,NH16_Kolkata_Chennai,Odisha / Andhra Pradesh
Mizoram,Unknown,2023,December,Saturday,1:53,Serious,3,Two-Wheeler,1,4,Rainy,National Highway,Under Construction,Dawn,,53,50,Female,Valid,Yes,Intersection,2,1,12,5,0,3,2,1,1,3,1,0,0,5.76,32.74698,74.79046,NH44_North,Jammu & Kashmir
Jammu and Kashmir,Unknown,2018,March,Monday,7:46,Minor,3,Pedestrian,7,3,Foggy,Village Road,Dry,Daylight,Signals,57,70,Female,Expired,No,Intersection,1,7,3,0,3,1,1,2,0,3,7,0,0,5.45,22.92563,83.40875,NH30_Patna_Visakhapatnam,Chhattisgarh
Haryana,Unknown,2021,September,Tuesday,19:9,Fatal,4,Truck,8,4,Hazy,Village Road,Under Construction,Dusk,Signals,104,55,Female,Expired,No,Straight Road,3,19,9,1,3,2,2,3,0,4,8,0,0,7.88,17.14955,77.20619,NH9_Pune_Hyderabad,Maharashtra / Telangana
Jammu and Kashmir,Unknown,2022,July,Wednesday,4:35,Serious,3,Bus,1,1,Hazy,State Highway,Damaged,Dusk,Signals,93,50,Male,Expired,Yes,Curve,2,4,7,2,1,2,0,3,1,3,1,0,0,3.03,12.98614,77.57663,NH48_Mumbai_Bangalore,Maharashtra / Karnataka
Uttar Pradesh,Lucknow,2021,December,Thursday,6:25,Fatal,3,Pedestrian,7,2,Foggy,State Highway,Wet,Dark,Police Checkpost,51,49,Male,Expired,Yes,Straight Road,3,6,12,3,1,1,3,0,1,3,7,0,0,6.36,27.45784,76.5424,NH48_Delhi_Mumbai,Rajasthan / Gujarat
Arunachal Pradesh,Unknown,2022,November,Wednesday,14:43,Serious,2,Truck,8,1,Rainy,Urban Road,Under Construction,Dawn,,76,23,Female,,No,Bridge,2,14,11,2,2,3,2,1,0,2,8,0,0,4.55,13.0966,80.25939,NH44_Bangalore_Chennai,Tamil Nadu
Uttarakhand,Unknown,2018,December,Monday,16:47,Minor,2,Auto-Rickshaw,9,2,Rainy,National Highway,Dry,Dawn,Police Checkpost,90,19,Female,Expired,No,Curve,1,16,12,0,0,3,1,1,0,2,9,0,0,5.15,22.98926,86.95968,NH19_Delhi_Kolkata,Uttar Pradesh / Bihar
Chhattisgarh,Unknown,2022,July,Thursday,0:49,Fatal,1,Bus,8,5,Clear,Urban Road,Under Construction,Daylight,,33,52,Female,,No,Curve,3,0,7,3,2,0,2,2,0,1,8,0,0,8.79,13.60667,79.37845,NH16_Kolkata_Chennai,Odisha / Andhra Pradesh
Bihar,Unknown,2019,October,Thursday,18:48,Serious,2,Auto-Rickshaw,7,5,Hazy,State Highway,Damaged,Dawn,Signs,42,39,Female,,Yes,Curve,2,18,10,3,1,2,0,1,1,2,7,0,0,8.48,28.32928,77.16014,NH44_Delhi_Agra,Uttar Pradesh
Manipur,Unknown,2020,November,Wednesday,2:53,Fatal,1,Two-Wheeler,10,3,Stormy,National Highway,Wet,Daylight,Signals,33,23,Female,,No,Straight Road,3,2,11,2,0,4,3,2,0,1,10,0,0,7.58,23.88479,79.1306,NH44_Agra_Nagpur,Madhya Pradesh
Chandigarh,Unknown,2021,January,Thursday,6:37,Fatal,3,Truck,3,4,Rainy,Urban Road,Under Construction,Dark,Police Checkpost,117,41,Male,Expired,Yes,Curve,3,6,1,3,2,3,2,0,1,3,3,0,0,6.97,26.09635,86.47892,NH27_East_West,Rajasthan / MP / UP
Andhra Pradesh,Tirupati,2019,October,Thursday,6:21,Fatal,1,Pedestrian,0,0,Hazy,National Highway,Dry,Dark,,53,68,Female,Expired,No,Curve,3,6,10,3,0,2,1,0,0,1,0,0,0,1.82,21.41626,87.18968,NH16_Kolkata_Chennai,Odisha / Andhra Pradesh
Haryana,Unknown,2021,March,Tuesday,14:20,Minor,3,Truck,7,0,Stormy,State Highway,Dry,Dusk,Signs,84,40,Male,Valid,No,Curve,1,14,3,1,1,4,1,3,0,3,7,0,0,2.73,23.38923,86.17854,NH19_Delhi_Kolkata,Uttar Pradesh / Bihar
Manipur,Unknown,2022,January,Tuesday,10:5,Fatal,5,Auto-Rickshaw,8,0,Hazy,State Highway,Dry,Dusk,Signs,78,58,Female,Valid,Yes,Intersection,3,10,1,1,1,2,1,3,1,5,8,0,0,4.85,18.58476,78.25592,NH44_Nagpur_Hyderabad,Telangana
Manipur,Unknown,2020,August,Sunday,2:36,Serious,3,Cycle,1,5,Foggy,Village Road,Dry,Dusk,Police Checkpost,64,59,Female,Valid,No,Curve,2,2,8,6,3,1,1,3,0,3,1,0,0,6.06,18.17452,74.18279,NH9_Pune_Hyderabad,Maharashtra / Telangana
Tamil Nadu,Chennai,2019,May,Friday,6:32,Serious,5,Bus,9,4,Stormy,Urban Road,Damaged,Daylight,Signals,55,39,Male,Expired,No,Straight Road,2,6,5,4,2,4,0,2,0,5,9,0,0,7.58,16.16109,74.50393,NH48_Mumbai_Bangalore,Maharashtra / Karnataka
Tamil Nadu,Chennai,2018,March,Sunday,10:54,Serious,3,Car,5,3,Clear,Village Road,Dry,Dark,,120,39,Male,Valid,No,Bridge,2,10,3,6,3,0,1,0,0,3,5,0,0,5.45,17.36612,73.93328,NH66_West_Coast,Maharashtra / Kerala
Odisha,Unknown,2021,January,Tuesday,5:21,Serious,5,Bus,2,5,Hazy,National Highway,Wet,Daylight,Signals,101,58,Male,,Yes,Curve,2,5,1,1,0,2,3,2,1,5,2,0,0,6.97,26.83921,80.95878,NH27_East_West,Rajasthan / MP / UP
Chhattisgarh,Unknown,2020,December,Tuesday,6:33,Serious,2,Truck,9,1,Rainy,Village Road,Wet,Daylight,Police Checkpost,80,70,Male,,Yes,Curve,2,6,12,1,3,3,3,2,1,2,9,0,0,5.45,22.64185,88.37909,NH19_Delhi_Kolkata,Uttar Pradesh / Bihar
Kerala,Unknown,2022,August,Thursday,23:34,Fatal,5,Bus,2,3,Rainy,State Highway,Wet,Dawn,,53,54,Male,Valid,Yes,Straight Road,3,23,8,3,1,3,3,1,1,5,2,0,0,5.76,19.30348,73.03538,NH48_Delhi_Mumbai,Rajasthan / Gujarat
Madhya Pradesh,Unknown,2021,June,Wednesday,22:30,Fatal,4,Auto-Rickshaw,4,2,Clear,National Highway,Under Construction,Dark,,33,57,Male,Valid,Yes,Straight Road,3,22,6,2,0,0,2,0,1,4,4,0,0,5.45,13.21556,77.43828,NH48_Mumbai_Bangalore,Maharashtra / Karnataka
Chhattisgarh,Unknown,2018,January,Sunday,8:45,Fatal,3,Bus,6,2,Stormy,Urban Road,Damaged,Dawn,,108,37,Female,,Yes,Intersection,3,8,1,6,2,4,0,1,1,3,6,0,0,6.06,20.16982,73.50262,NH48_Delhi_Mumbai,Rajasthan / Gujarat
Chhattisgarh,Unknown,2023,July,Thursday,11:29,Fatal,4,Auto-Rickshaw,0,5,Clear,National Highway,Wet,Dark,Signs,55,18,Female,,Yes,Curve,3,11,7,3,0,0,3,0,1,4,0,0,0,6.97,22.61651,88.29937,NH16_Kolkata_Chennai,Odisha / Andhra Pradesh
Chhattisgarh,Unknown,2021,July,Friday,0:17,Minor,5,Pedestrian,10,0,Foggy,State Highway,Damaged,Dark,Signs,76,70,Female,Expired,No,Straight Road,1,0,7,4,1,1,0,0,0,5,10,0,0,3.64,31.11556,77.19484,NH22_Shimla_Manali,Himachal Pradesh
Tripura,Unknown,2021,September,Thursday,14:12,Fatal,1,Cycle,3,3,Stormy,National Highway,Wet,Dusk,,70,67,Male,,Yes,Curve,3,14,9,3,0,4,3,3,1,1,3,0,0,6.06,31.46219,77.16512,NH22_Shimla_Manali,Himachal Pradesh
Delhi,New Delhi,2022,June,Sunday,5:0,Serious,3,Auto-Rickshaw,10,3,Clear,National Highway,Wet,Dark,Signals,46,32,Female,,No,Intersection,2,5,6,6,0,0,3,0,0,3,10,0,0,6.97,27.77235,77.44753,NH44_Delhi_Agra,Uttar Pradesh
Himachal Pradesh,Unknown,2023,October,Sunday,5:31,Fatal,4,Cycle,5,3,Clear,Urban Road,Under Construction,Dawn,Police Checkpost,42,43,Female,Expired,Yes,Intersection,3,5,10,6,2,0,2,1,1,4,5,0,0,6.67,22.59701,88.35293,NH19_Delhi_Kolkata,Uttar Pradesh / Bihar
Uttarakhand,Unknown,2022,October,Sunday,14:59,Fatal,3,Cycle,3,1,Clear,State Highway,Damaged,Dawn,,52,33,Male,,No,Curve,3,14,10,6,1,0,0,1,0,3,3,0,0,3.64,23.92973,81.29467,NH7_Varanasi_Kanyakumari,MP / Karnataka / TN
Delhi,New Delhi,2021,February,Friday,9:33,Serious,4,Cycle,4,4,Stormy,State Highway,Wet,Dusk,Police Checkpost,36,69,Male,Valid,Yes,Curve,2,9,2,4,1,4,3,3,1,4,4,0,0,6.67,32.43316,77.24373,NH22_Shimla_Manali,Himachal Pradesh
Punjab,Unknown,2023,June,Monday,10:40,Serious,4,Truck,5,4,Rainy,National Highway,Dry,Dawn,Police Checkpost,60,67,Male,Valid,No,Curve,2,10,6,0,0,3,1,1,0,4,5,0,0,6.36,32.39616,77.28304,NH22_Shimla_Manali,Himachal Pradesh
Mizoram,Unknown,2020,July,Thursday,12:43,Minor,3,Auto-Rickshaw,0,2,Foggy,Urban Road,Damaged,Daylight,Signals,41,62,Male,Valid,Yes,Straight Road,1,12,7,3,2,1,0,2,1,3,0,0,0,3.03,17.37168,78.48789,NH44_Nagpur_Hyderabad,Telangana
Andhra Pradesh,Vijayawada,2018,December,Thursday,18:18,Serious,5,Cycle,3,2,Stormy,Village Road,Damaged,Dawn,Police Checkpost,58,33,Male,Expired,No,Curve,2,18,12,3,3,4,0,1,0,5,3,0,0,3.94,15.40417,77.24195,NH7_Varanasi_Kanyakumari,MP / Karnataka / TN
Chhattisgarh,Unknown,2020,January,Wednesday,7:24,Minor,5,Two-Wheeler,0,3,Clear,Village Road,Under Construction,Dark,,98,25,Female,Valid,No,Intersection,1,7,1,2,3,0,2,0,0,5,0,0,0,3.33,22.95251,80.50972,NH7_Varanasi_Kanyakumari,MP / Karnataka / TN
Nagaland,Unknown,2022,July,Thursday,8:45,Serious,1,Car,1,3,Foggy,Urban Road,Wet,Daylight,Signs,93,61,Female,Expired,No,Intersection,2,8,7,3,2,1,3,2,0,1,1,0,0,4.24,25.83617,79.52537,NH27_East_West,Rajasthan / MP / UP
Sikkim,Unknown,2021,March,Wednesday,0:5,Minor,4,Pedestrian,7,5,Clear,State Highway,Damaged,Dawn,Police Checkpost,87,18,Male,Expired,No,Intersection,1,0,3,2,1,0,0,1,0,4,7,0,0,7.27,32.72436,74.83428,NH44_North,Jammu & Kashmir
Uttarakhand,Unknown,2023,April,Thursday,4:30,Minor,4,Auto-Rickshaw,2,5,Rainy,State Highway,Wet,Dark,,117,52,Male,Valid,Yes,Curve,1,4,4,3,1,3,3,0,1,4,2,0,0,6.36,21.68218,69.54689,NH27_East_West,Rajasthan / MP / UP
Bihar,Unknown,2021,August,Sunday,9:25,Minor,4,Cycle,7,1,Clear,National Highway,Wet,Dark,Signals,113,50,Male,Expired,No,Intersection,1,9,8,6,0,0,3,0,0,4,7,0,0,3.64,24.60809,73.75128,NH48_Delhi_Mumbai,Rajasthan / Gujarat
Goa,Unknown,2018,February,Thursday,23:59,Minor,5,Truck,7,0,Rainy,State Highway,Damaged,Daylight,Police Checkpost,116,37,Female,Valid,No,Intersection,1,23,2,3,1,3,0,2,0,5,7,0,0,2.73,8.24978,77.24595,NH7_Varanasi_Kanyakumari,MP / Karnataka / TN
Assam,Unknown,2023,October,Sunday,14:3,Serious,1,Bus,1,2,Clear,State Highway,Dry,Daylight,,41,25,Male,Valid,No,Intersection,2,14,10,6,1,0,1,2,0,1,1,0,0,3.33,25.86585,88.20211,NH27_East_West,Rajasthan / MP / UP
Madhya Pradesh,Unknown,2019,September,Monday,20:41,Fatal,2,Pedestrian,2,5,Hazy,Village Road,Wet,Daylight,Signs,42,24,Male,,No,Straight Road,3,20,9,0,3,2,3,2,0,2,2,0,0,6.97,21.14881,72.82786,NH48_Delhi_Mumbai,Rajasthan / Gujarat
Jharkhand,Unknown,2019,October,Wednesday,22:16,Minor,1,Cycle,6,5,Rainy,State Highway,Under Construction,Daylight,Signs,74,38,Female,Expired,No,Curve,1,22,10,2,1,3,2,2,0,1,6,0,0,6.97,26.27447,81.43514,NH19_Delhi_Kolkata,Uttar Pradesh / Bihar
Mizoram,Unknown,2022,August,Monday,19:57,Fatal,3,Auto-Rickshaw,6,2,Clear,National Highway,Under Construction,Dusk,Signs,37,50,Male,Expired,Yes,Bridge,3,19,8,0,0,0,2,3,1,3,6,0,0,6.06,24.55694,73.73949,NH48_Delhi_Mumbai,Rajasthan / Gujarat
Rajasthan,Jodhpur,2022,June,Thursday,7:52,Minor,5,Bus,8,5,Clear,State Highway,Wet,Dawn,Signals,112,23,Female,Expired,Yes,Straight Road,1,7,6,3,1,0,3,1,1,5,8,0,0,8.18,23.52449,83.82936,NH30_Patna_Visakhapatnam,Chhattisgarh
Nagaland,Unknown,2023,July,Monday,2:39,Fatal,2,Car,1,0,Foggy,State Highway,Wet,Dusk,Signs,116,22,Female,,No,Bridge,3,2,7,0,1,1,3,3,0,2,1,0,0,2.12,27.78638,77.51785,NH44_Delhi_Agra,Uttar Pradesh
Nagaland,Unknown,2020,October,Wednesday,6:32,Minor,2,Auto-Rickshaw,1,0,Hazy,Village Road,Under Construction,Dusk,,90,55,Female,,Yes,Bridge,1,6,10,2,3,2,2,3,1,2,1,0,0,1.52,26.20739,91.72325,NH52_Barasat_Guwahati,West Bengal / Assam
Nagaland,Unknown,2022,December,Tuesday,5:43,Serious,3,Auto-Rickshaw,2,0,Foggy,National Highway,Wet,Dusk,Signs,76,22,Female,,No,Curve,2,5,12,1,0,1,3,3,0,3,2,0,0,1.82,14.9913,75.19973,NH48_Mumbai_Bangalore,Maharashtra / Karnataka
Gujarat,Surat,2022,February,Tuesday,18:52,Serious,1,Bus,9,5,Rainy,State Highway,Damaged,Daylight,Signs,97,30,Female,,No,Bridge,2,18,2,1,1,3,0,2,0,1,9,0,0,8.48,13.63511,79.427,NH16_Kolkata_Chennai,Odisha / Andhra Pradesh
Andhra Pradesh,Visakhapatnam,2021,May,Saturday,22:24,Minor,2,Two-Wheeler,5,0,Stormy,Village Road,Wet,Daylight,Signals,102,62,Female,,No,Intersection,1,22,5,5,3,4,3,2,0,2,5,0,0,2.12,20.588,81.89432,NH30_Patna_Visakhapatnam,Chhattisgarh
Arunachal Pradesh,Unknown,2020,May,Thursday,17:29,Fatal,1,Auto-Rickshaw,3,1,Foggy,State Highway,Dry,Dusk,Police Checkpost,108,48,Male,Valid,No,Bridge,3,17,5,3,1,1,1,3,0,1,3,0,0,3.64,22.99888,72.62751,NH48_Delhi_Mumbai,Rajasthan / Gujarat
Rajasthan,Udaipur,2020,January,Thursday,8:27,Serious,2,Two-Wheeler,3,2,Rainy,National Highway,Under Construction,Dawn,,67,29,Female,Expired,Yes,Straight Road,2,8,1,3,0,3,2,1,1,2,3,0,0,4.55,14.81917,76.6062,NH44_Hyderabad_Bangalore,Karnataka
Chhattisgarh,Unknown,2018,March,Monday,21:10,Minor,2,Two-Wheeler,3,0,Stormy,State Highway,Damaged,Dawn,,72,59,Female,Valid,Yes,Curve,1,21,3,0,1,4,0,1,1,2,3,0,0,2.12,19.11048,72.80817,NH48_Mumbai_Bangalore,Maharashtra / Karnataka
Karnataka,Bangalore,2020,September,Monday,15:31,Fatal,2,Auto-Rickshaw,9,3,Foggy,National Highway,Under Construction,Dusk,Signals,94,62,Female,,No,Straight Road,3,15,9,0,0,1,2,3,0,2,9,0,0,7.27,24.6188,78.96895,NH44_Agra_Nagpur,Madhya Pradesh
Assam,Unknown,2018,October,Saturday,2:38,Fatal,5,Bus,1,3,Rainy,State Highway,Under Construction,Dusk,Signs,56,38,Female,Valid,Yes,Bridge,3,2,10,5,1,3,2,3,1,5,1,0,0,5.45,15.82282,80.23884,NH16_Kolkata_Chennai,Odisha / Andhra Pradesh
Himachal Pradesh,Unknown,2019,September,Monday,22:11,Serious,5,Auto-Rickshaw,5,1,Foggy,National Highway,Wet,Daylight,Signals,45,53,Male,,Yes,Straight Road,2,22,9,0,0,1,3,2,1,5,5,0,0,4.24,16.47109,80.66145,NH16_Kolkata_Chennai,Odisha / Andhra Pradesh
Odisha,Unknown,2019,August,Saturday,16:58,Serious,4,Car,4,0,Hazy,National Highway,Dry,Dawn,Signals,57,25,Female,Expired,No,Bridge,2,16,8,5,0,2,1,1,0,4,4,0,0,2.42,12.93288,77.6376,NH48_Mumbai_Bangalore,Maharashtra / Karnataka
Madhya Pradesh,Unknown,2020,January,Sunday,8:5,Minor,4,Two-Wheeler,6,5,Clear,National Highway,Damaged,Dawn,,100,19,Male,Valid,No,Curve,1,8,1,6,0,0,0,1,0,4,6,0,0,6.97,8.30366,77.28817,NH66_West_Coast,Maharashtra / Kerala
Nagaland,Unknown,2022,November,Monday,11:58,Serious,3,Auto-Rickshaw,1,4,Stormy,National Highway,Under Construction,Dark,Signals,36,21,Male,Expired,Yes,Straight Road,2,11,11,0,0,4,2,0,1,3,1,0,0,5.76,20.58565,81.94564,NH30_Patna_Visakhapatnam,Chhattisgarh
Haryana,Unknown,2023,November,Monday,6:32,Minor,3,Pedestrian,0,5,Foggy,Urban Road,Wet,Dark,Signs,106,58,Female,Valid,No,Bridge,1,6,11,0,2,1,3,0,0,3,0,0,0,5.15,13.60865,77.49611,NH44_Hyderabad_Bangalore,Karnataka
Tamil Nadu,Chennai,2022,November,Thursday,10:22,Serious,5,Pedestrian,2,4,Stormy,Village Road,Dry,Daylight,Signals,74,44,Female,Expired,No,Bridge,2,10,11,3,3,4,1,2,0,5,2,0,0,5.45,12.70169,77.92467,NH44_Bangalore_Chennai,Tamil Nadu
Nagaland,Unknown,2020,August,Saturday,7:53,Minor,5,Bus,6,4,Rainy,State Highway,Under Construction,Dusk,,35,31,Female,Valid,Yes,Intersection,1,7,8,5,1,3,2,3,1,5,6,0,0,6.67,22.2768,83.00135,NH30_Patna_Visakhapatnam,Chhattisgarh
Bihar,Unknown,2023,May,Sunday,12:26,Minor,4,Pedestrian,10,1,Hazy,Village Road,Damaged,Dawn,Police Checkpost,63,21,Female,,Yes,Intersection,1,12,5,6,3,2,0,1,1,4,10,0,0,5.15,13.17068,77.5632,NH44_Hyderabad_Bangalore,Karnataka
Delhi,New Delhi,2019,June,Monday,12:29,Fatal,2,Auto-Rickshaw,4,1,Rainy,Urban Road,Under Construction,Daylight,,63,47,Male,Valid,No,Bridge,3,12,6,0,2,3,2,2,0,2,4,0,0,3.94,27.65488,77.59622,NH44_Delhi_Agra,Uttar Pradesh
Sikkim,Unknown,2019,September,Monday,7:5,Minor,5,Pedestrian,0,3,Hazy,Urban Road,Damaged,Daylight,Signals,80,63,Female,,Yes,Intersection,1,7,9,0,2,2,0,2,1,5,0,0,0,3.94,15.41253,77.25869,NH7_Varanasi_Kanyakumari,MP / Karnataka / TN
Delhi,Dwarka,2020,November,Thursday,22:27,Serious,4,Car,0,3,Foggy,Village Road,Damaged,Dusk,,35,36,Male,,Yes,Intersection,2,22,11,3,3,1,0,3,1,4,0,0,0,4.55,28.02069,77.31588,NH44_Delhi_Agra,Uttar Pradesh
Gujarat,Surat,2022,August,Sunday,13:32,Serious,1,Truck,10,1,Rainy,National Highway,Wet,Dusk,Police Checkpost,83,28,Male,Expired,Yes,Bridge,2,13,8,6,0,3,3,3,1,1,10,0,0,5.76,12.92638,77.57686,NH48_Mumbai_Bangalore,Maharashtra / Karnataka
Kerala,Unknown,2022,March,Thursday,4:53,Fatal,3,Two-Wheeler,8,5,Clear,Urban Road,Damaged,Dark,Police Checkpost,46,55,Female,Expired,Yes,Intersection,3,4,3,3,2,0,0,0,1,3,8,0,0,9.39,27.9924,77.32845,NH44_Delhi_Agra,Uttar Pradesh
Assam,Unknown,2023,April,Sunday,4:58,Serious,2,Auto-Rickshaw,6,4,Rainy,National Highway,Damaged,Dawn,Signals,104,41,Female,Expired,Yes,Straight Road,2,4,4,6,0,3,0,1,1,2,6,0,0,7.27,12.3923,78.17659,NH44_Bangalore_Chennai,Tamil Nadu
Mizoram,Unknown,2022,October,Saturday,19:23,Serious,4,Cycle,0,3,Hazy,State Highway,Under Construction,Dawn,,47,23,Female,,No,Straight Road,2,19,10,5,1,2,2,1,0,4,0,0,0,3.94,18.25126,74.17189,NH9_Pune_Hyderabad,Maharashtra / Telangana
Manipur,Unknown,2020,June,Friday,15:56,Serious,4,Pedestrian,3,5,Foggy,National Highway,Wet,Dark,Signals,42,36,Male,,No,Straight Road,2,15,6,4,0,1,3,0,0,4,3,0,0,6.67,32.34641,74.88148,NH44_North,Jammu & Kashmir
Uttarakhand,Unknown,2019,December,Thursday,8:29,Fatal,3,Car,8,5,Stormy,Urban Road,Dry,Dawn,Signals,73,38,Female,Expired,Yes,Intersection,3,8,12,3,2,4,1,1,1,3,8,0,0,9.39,26.87406,75.81548,NH48_Delhi_Mumbai,Rajasthan / Gujarat
Mizoram,Unknown,2018,November,Friday,4:30,Minor,4,Bus,9,3,Clear,State Highway,Wet,Dawn,Signs,108,46,Female,Valid,No,Bridge,1,4,11,4,1,0,3,1,0,4,9,0,0,6.06,23.01869,72.60696,NH27_East_West,Rajasthan / MP / UP
Himachal Pradesh,Unknown,2020,March,Saturday,13:59,Minor,3,Two-Wheeler,5,2,Hazy,Village Road,Damaged,Daylight,,63,43,Female,Expired,Yes,Intersection,1,13,3,5,3,2,0,2,1,3,5,0,0,4.55,24.82664,84.81625,NH30_Patna_Visakhapatnam,Chhattisgarh
Uttarakhand,Unknown,2021,April,Saturday,15:14,Minor,2,Truck,7,0,Stormy,Village Road,Wet,Dark,Signs,39,21,Female,Valid,Yes,Curve,1,15,4,5,3,4,3,0,1,2,7,0,0,3.33,17.73611,83.24858,NH30_Patna_Visakhapatnam,Chhattisgarh
Jammu and Kashmir,Unknown,2021,December,Thursday,8:42,Serious,1,Cycle,2,0,Clear,Village Road,Wet,Dusk,Signals,100,56,Female,Valid,Yes,Bridge,2,8,12,3,3,0,3,3,1,1,2,0,0,2.42,27.17678,77.96492,NH44_Delhi_Agra,Uttar Pradesh
Goa,Unknown,2018,February,Monday,15:33,Fatal,1,Bus,8,3,Stormy,State Highway,Under Construction,Dusk,Police Checkpost,53,63,Female,,No,Straight Road,3,15,2,0,1,4,2,3,0,1,8,0,0,6.97,27.05986,78.09486,NH44_Delhi_Agra,Uttar Pradesh
Arunachal Pradesh,Unknown,2022,July,Friday,13:30,Fatal,2,Cycle,1,1,Stormy,Village Road,Damaged,Dawn,,90,45,Male,,Yes,Bridge,3,13,7,4,3,4,0,1,1,2,1,0,0,3.64,12.20284,79.25399,NH44_Bangalore_Chennai,Tamil Nadu
Karnataka,Mangalore,2023,July,Thursday,10:57,Minor,5,Auto-Rickshaw,9,3,Hazy,Village Road,Under Construction,Dawn,,91,29,Female,Expired,No,Bridge,1,10,7,3,3,2,2,1,0,5,9,0,0,6.06,19.27393,84.82677,NH16_Kolkata_Chennai,Odisha / Andhra Pradesh
Haryana,Unknown,2019,October,Wednesday,18:54,Serious,2,Two-Wheeler,8,2,Foggy,National Highway,Under Construction,Dark,Signs,67,64,Male,,No,Intersection,2,18,10,2,0,1,2,0,0,2,8,0,0,5.45,25.5224,89.94409,NH27_East_West,Rajasthan / MP / UP