State Name,City Name,Year,Month,Day of Week,Time of Day,Accident Severity,Number of Vehicles Involved,Vehicle Type Involved,Number of Casualties,Number of Fatalities,Weather Conditions,Road Type,Road Condition,Lighting Conditions,Traffic Control Presence,Speed Limit (km/h),Driver Age,Driver Gender,Driver License Status,Alcohol Involvement,Accident Location Details,severity,hour,month,day_enc,road_type_enc,weather_enc,road_cond_enc,lighting_enc,alcohol,num_vehicles,num_casualties,junction_enc,cause_enc,risk_score,latitude,longitude,highway,state_region
Kerala,Unknown,2021,December,Tuesday,17:1,Serious,1,Bus,7,3,Foggy,Village Road,Damaged,Daylight,Signals,46,46,Male,,No,Straight Road,2,17,12,1,3,1,0,2,0,1,7,0,0,6.06,27.2689,82.52106,NH27_East_West,Rajasthan / MP / UP
Manipur,Unknown,2018,April,Monday,12:17,Serious,1,Pedestrian,10,0,Foggy,State Highway,Damaged,Daylight,Signals,90,48,Male,Expired,No,Intersection,2,12,4,0,1,1,0,2,0,1,10,0,0,4.24,27.24013,77.89914,NH44_Delhi_Agra,Uttar Pradesh
Rajasthan,Udaipur,2022,October,Saturday,17:22,Serious,4,Truck,9,3,Hazy,Village Road,Dry,Daylight,Signals,99,49,Female,,No,Intersection,2,17,10,5,3,2,1,2,0,4,9,0,0,6.67,26.14254,91.67911,NH52_Barasat_Guwahati,West Bengal / Assam
Tamil Nadu,Chennai,2023,November,Sunday,11:39,Minor,5,Auto-Rickshaw,5,2,Rainy,Village Road,Dry,Daylight,Police Checkpost,32,61,Male,,No,Bridge,1,11,11,6,3,3,1,2,0,5,5,0,0,3.94,17.64672,83.30891,NH30_Patna_Visakhapatnam,Chhattisgarh
Delhi,New Delhi,2021,February,Monday,13:20,Serious,2,Truck,0,3,Clear,Village Road,Wet,Dawn,Police Checkpost,72,63,Female,Expired,No,Curve,2,13,2,0,3,0,3,1,0,2,0,0,0,3.94,14.90937,79.93681,NH16_Kolkata_Chennai,Odisha / Andhra Pradesh
Odisha,Unknown,2021,September,Tuesday,18:17,Fatal,2,Cycle,2,2,Stormy,National Highway,Dry,Dusk,Signs,60,25,Female,Valid,Yes,Bridge,3,18,9,1,0,4,1,3,1,2,2,0,0,4.85,17.93704,74.90094,NH9_Pune_Hyderabad,Maharashtra / Telangana
Jammu and Kashmir,Unknown,2023,June,Friday,13:17,Fatal,2,Cycle,7,2,Rainy,National Highway,Under Construction,Dark,,61,39,Male,Expired,Yes,Intersection,3,13,6,4,0,3,2,0,1,2,7,0,0,6.36,20.63216,73.09182,NH48_Delhi_Mumbai,Rajasthan / Gujarat
Sikkim,Unknown,2022,February,Thursday,9:7,Minor,4,Car,6,0,Stormy,National Highway,Under Construction,Dusk,,38,56,Female,,No,Intersection,1,9,2,3,0,4,2,3,0,4,6,0,0,2.42,21.8107,80.24246,NH7_Varanasi_Kanyakumari,MP / Karnataka / TN
Himachal Pradesh,Unknown,2021,April,Thursday,20:0,Serious,1,Truck,6,1,Hazy,National Highway,Dry,Dusk,Police Checkpost,79,67,Male,Expired,Yes,Bridge,2,20,4,3,0,2,1,3,1,1,6,0,0,4.55,17.62735,83.29959,NH16_Kolkata_Chennai,Odisha / Andhra Pradesh
Maharashtra,Mumbai,2020,October,Thursday,8:28,Fatal,3,Truck,1,3,Rainy,National Highway,Dry,Daylight,Signals,63,59,Female,Expired,No,Intersection,3,8,10,3,0,3,1,2,0,3,1,0,0,4.85,13.81068,74.85735,NH66_West_Coast,Maharashtra / Kerala
Assam,Unknown,2021,July,Thursday,19:12,Minor,1,Auto-Rickshaw,4,5,Rainy,Village Road,Damaged,Dawn,Signs,45,32,Male,Valid,Yes,Intersection,1,19,7,3,3,3,0,1,1,1,4,0,0,6.97,18.13446,78.39375,NH44_Nagpur_Hyderabad,Telangana
Madhya Pradesh,Unknown,2023,November,Wednesday,3:54,Minor,4,Pedestrian,2,4,Hazy,National Highway,Damaged,Dawn,Signs,107,51,Male,Valid,Yes,Curve,1,3,11,2,0,2,0,1,1,4,2,0,0,5.45,23.51512,79.33463,NH44_Agra_Nagpur,Madhya Pradesh
Chhattisgarh,Unknown,2023,September,Sunday,11:27,Fatal,4,Cycle,0,1,Rainy,Urban Road,Wet,Dawn,Signs,77,62,Female,Valid,No,Bridge,3,11,9,6,2,3,3,1,0,4,0,0,0,2.73,24.86303,82.41084,NH7_Varanasi_Kanyakumari,MP / Karnataka / TN
Puducherry,Unknown,2022,December,Monday,15:40,Minor,1,Auto-Rickshaw,1,3,Foggy,State Highway,Dry,Dusk,Signals,75,64,Male,,Yes,Intersection,1,15,12,0,1,1,1,3,1,1,1,0,0,4.24,27.06843,78.07256,NH44_Delhi_Agra,Uttar Pradesh
Chandigarh,Unknown,2023,May,Tuesday,16:59,Minor,4,Two-Wheeler,3,4,Clear,National Highway,Dry,Daylight,Signs,44,25,Female,Valid,Yes,Bridge,1,16,5,1,0,0,1,2,1,4,3,0,0,5.76,28.02305,77.30878,NH44_Delhi_Agra,Uttar Pradesh
Arunachal Pradesh,Unknown,2022,August,Tuesday,2:47,Minor,4,Truck,0,3,Foggy,Village Road,Wet,Dawn,Signals,103,27,Female,Valid,Yes,Curve,1,2,8,1,3,1,3,1,1,4,0,0,0,3.94,22.18376,82.91711,NH30_Patna_Visakhapatnam,Chhattisgarh
Uttarakhand,Unknown,2020,December,Thursday,1:13,Serious,3,Cycle,1,3,Rainy,National Highway,Under Construction,Dawn,,94,51,Female,,No,Curve,2,1,12,3,0,3,2,1,0,3,1,0,0,4.24,22.24294,82.9893,NH30_Patna_Visakhapatnam,Chhattisgarh
Odisha,Unknown,2021,July,Monday,15:16,Serious,4,Two-Wheeler,9,4,Rainy,National Highway,Dry,Dawn,Signals,43,30,Female,Valid,Yes,Bridge,2,15,7,0,0,3,1,1,1,4,9,0,0,8.18,14.81702,74.24853,NH66_West_Coast,Maharashtra / Kerala
Arunachal Pradesh,Unknown,2021,July,Monday,19:6,Minor,3,Truck,8,4,Foggy,Urban Road,Under Construction,Dark,Signals,105,48,Male,Expired,No,Straight Road,1,19,7,0,2,1,2,0,0,3,8,0,0,6.67,22.38056,79.10583,NH44_Agra_Nagpur,Madhya Pradesh
Meghalaya,Unknown,2019,June,Monday,5:36,Serious,3,Cycle,9,2,Stormy,State Highway,Damaged,Daylight,,47,33,Female,,No,Bridge,2,5,6,0,1,4,0,2,0,3,9,0,0,5.76,26.87883,80.90637,NH19_Delhi_Kolkata,Uttar Pradesh / Bihar
Nagaland,Unknown,2023,December,Wednesday,6:41,Minor,2,Bus,6,2,Clear,State Highway,Damaged,Daylight,Signs,43,32,Male,Expired,Yes,Intersection,1,6,12,2,1,0,0,2,1,2,6,0,0,4.85,14.44841,75.72215,NH48_Mumbai_Bangalore,Maharashtra / Karnataka
Mizoram,Unknown,2020,January,Friday,20:31,Minor,4,Cycle,1,1,Hazy,Village Road,Wet,Dusk,Signals,43,61,Female,Expired,Yes,Curve,1,20,1,4,3,2,3,3,1,4,1,0,0,2.42,17.08761,77.26877,NH9_Pune_Hyderabad,Maharashtra / Telangana
Meghalaya,Unknown,2019,May,Friday,14:9,Minor,5,Pedestrian,1,2,Foggy,Village Road,Dry,Dawn,,62,28,Female,,Yes,Curve,1,14,5,4,3,1,1,1,1,5,1,0,0,3.33,16.59785,77.6115,NH44_Hyderabad_Bangalore,Karnataka
Haryana,Unknown,2022,October,Monday,3:40,Fatal,3,Bus,9,5,Foggy,State Highway,Dry,Dark,,87,22,Female,Valid,Yes,Curve,3,3,10,0,1,1,1,0,1,3,9,0,0,9.7,14.9978,75.29507,NH48_Mumbai_Bangalore,Maharashtra / Karnataka
Andhra Pradesh,Tirupati,2022,December,Sunday,21:42,Fatal,5,Auto-Rickshaw,4,0,Hazy,National Highway,Dry,Dusk,Signs,59,59,Male,Valid,No,Curve,3,21,12,6,0,2,1,3,0,5,4,0,0,3.03,31.1079,77.20731,NH22_Shimla_Manali,Himachal Pradesh
Uttarakhand,Unknown,2019,March,Monday,3:10,Fatal,1,Bus,1,2,Clear,Urban Road,Wet,Dark,,38,36,Female,,Yes,Curve,3,3,3,0,2,0,3,0,1,1,1,0,0,4.55,30.01766,78.87654,NH58_Delhi_Badrinath,Uttarakhand
Bihar,Unknown,2022,August,Monday,22:19,Fatal,1,Truck,3,3,Foggy,Urban Road,Damaged,Dawn,Police Checkpost,58,22,Male,,No,Curve,3,22,8,0,2,1,0,1,0,1,3,0,0,5.45,22.5438,88.42332,NH16_Kolkata_Chennai,Odisha / Andhra Pradesh
Sikkim,Unknown,2018,February,Wednesday,3:6,Serious,3,Car,3,0,Clear,National Highway,Dry,Dark,,70,46,Male,,Yes,Straight Road,2,3,2,2,0,0,1,0,1,3,3,0,0,2.73,20.54475,79.02946,NH44_Nagpur_Hyderabad,Telangana
Bihar,Unknown,2022,November,Wednesday,20:2,Fatal,4,Auto-Rickshaw,6,2,Hazy,Urban Road,Under Construction,Dark,Signals,61,67,Female,Valid,Yes,Intersection,3,20,11,2,2,2,2,0,1,4,6,0,0,6.06,17.29457,76.25255,NH9_Pune_Hyderabad,Maharashtra / Telangana
Bihar,Unknown,2018,May,Saturday,21:26,Serious,2,Cycle,8,5,Foggy,State Highway,Wet,Dark,,86,48,Male,Valid,Yes,Intersection,2,21,5,5,1,1,3,0,1,2,8,0,0,8.79,13.62511,77.44194,NH44_Hyderabad_Bangalore,Karnataka
Uttar Pradesh,Kanpur,2021,May,Wednesday,9:39,Fatal,4,Truck,3,5,Clear,Village Road,Wet,Dark,Police Checkpost,109,43,Female,Expired,No,Intersection,3,9,5,2,3,0,3,0,0,4,3,0,0,7.27,32.38941,77.2454,NH22_Shimla_Manali,Himachal Pradesh
Meghalaya,Unknown,2021,January,Saturday,17:4,Minor,1,Truck,1,0,Rainy,National Highway,Under Construction,Daylight,Police Checkpost,101,41,Male,Valid,No,Intersection,1,17,1,5,0,3,2,2,0,1,1,0,0,0.91,26.18665,86.4705,NH27_East_West,Rajasthan / MP / UP
Punjab,Unknown,2023,August,Wednesday,13:16,Minor,1,Cycle,10,4,Hazy,National Highway,Dry,Dark,Signals,99,54,Female,Valid,Yes,Intersection,1,13,8,2,0,2,1,0,1,1,10,0,0,7.88,15.3861,77.29516,NH7_Varanasi_Kanyakumari,MP / Karnataka / TN
Haryana,Unknown,2018,December,Sunday,16:46,Serious,1,Bus,6,1,Rainy,Village Road,Damaged,Dark,Signals,92,18,Male,Expired,No,Bridge,2,16,12,6,3,3,0,0,0,1,6,0,0,3.94,22.95389,79.39129,NH44_Agra_Nagpur,Madhya Pradesh
Kerala,Unknown,2021,March,Friday,5:42,Serious,4,Auto-Rickshaw,2,4,Rainy,Village Road,Dry,Dark,Police Checkpost,107,67,Female,,Yes,Curve,2,5,3,4,3,3,1,0,1,4,2,0,0,6.06,28.53788,77.18257,NH44_Delhi_Agra,Uttar Pradesh
Chhattisgarh,Unknown,2018,October,Wednesday,19:31,Serious,2,Bus,8,4,Rainy,State Highway,Dry,Dawn,Signs,31,52,Female,Valid,No,Intersection,2,19,10,2,1,3,1,1,0,2,8,0,0,7.27,19.61997,73.16693,NH48_Delhi_Mumbai,Rajasthan / Gujarat
Karnataka,Mangalore,2021,March,Thursday,8:12,Minor,4,Pedestrian,10,2,Rainy,State Highway,Damaged,Daylight,Police Checkpost,108,28,Male,,Yes,Intersection,1,8,3,3,1,3,0,2,1,4,10,0,0,6.06,21.16111,79.08637,NH44_Nagpur_Hyderabad,Telangana
Jammu and Kashmir,Unknown,2019,August,Saturday,13:29,Minor,1,Truck,5,1,Foggy,State Highway,Wet,Dark,Signs,87,21,Female,Valid,Yes,Bridge,1,13,8,5,1,1,3,0,1,1,5,0,0,3.64,26.24613,81.47341,NH19_Delhi_Kolkata,Uttar Pradesh / Bihar
Mizoram,Unknown,2023,October,Friday,23:46,Fatal,5,Cycle,10,3,Foggy,National Highway,Under Construction,Daylight,Police Checkpost,96,44,Male,,No,Intersection,3,23,10,4,0,1,2,2,0,5,10,0,0,7.58,13.24335,77.43562,NH48_Mumbai_Bangalore,Maharashtra / Karnataka
Chhattisgarh,Unknown,2022,March,Tuesday,22:41,Serious,4,Two-Wheeler,1,5,Clear,State Highway,Wet,Dusk,Signals,79,25,Male,,Yes,Curve,2,22,3,1,1,0,3,3,1,4,1,0,0,6.67,25.90614,74.99494,NH48_Delhi_Mumbai,Rajasthan / Gujarat
Odisha,Unknown,2023,November,Sunday,12:32,Fatal,1,Cycle,7,5,Foggy,Village Road,Under Construction,Dusk,Police Checkpost,46,51,Female,Valid,No,Straight Road,3,12,11,6,3,1,2,3,0,1,7,0,0,8.48,32.29617,77.10003,NH22_Shimla_Manali,Himachal Pradesh
Bihar,Unknown,2019,August,Sunday,8:27,Serious,2,Bus,9,1,Rainy,National Highway,Wet,Dark,,58,46,Male,,Yes,Intersection,2,8,8,6,0,3,3,0,1,2,9,0,0,5.45,26.83173,80.88157,NH27_East_West,Rajasthan / MP / UP
Arunachal Pradesh,Unknown,2020,November,Monday,18:53,Fatal,4,Bus,5,5,Stormy,Village Road,Wet,Daylight,Signals,56,18,Male,,No,Curve,3,18,11,0,3,4,3,2,0,4,5,0,0,7.88,22.28672,82.93916,NH30_Patna_Visakhapatnam,Chhattisgarh
Jammu and Kashmir,Unknown,2022,June,Monday,21:24,Serious,1,Bus,2,1,Stormy,Village Road,Damaged,Dawn,Signals,70,25,Female,Valid,Yes,Bridge,2,21,6,0,3,4,0,1,1,1,2,0,0,3.33,26.29082,81.5034,NH19_Delhi_Kolkata,Uttar Pradesh / Bihar
Punjab,Unknown,2021,June,Sunday,1:6,Minor,5,Car,10,5,Stormy,National Highway,Under Construction,Daylight,Signals,118,26,Female,Expired,Yes,Straight Road,1,1,6,6,0,4,2,2,1,5,10,0,0,8.79,24.24356,84.53453,NH19_Delhi_Kolkata,Uttar Pradesh / Bihar
Karnataka,Bangalore,2023,December,Tuesday,2:52,Fatal,5,Auto-Rickshaw,7,1,Foggy,Village Road,Dry,Dark,,43,40,Female,,Yes,Bridge,3,2,12,1,3,1,1,0,1,5,7,0,0,5.45,28.33823,77.21594,NH44_Delhi_Agra,Uttar Pradesh
Haryana,Unknown,2022,September,Wednesday,15:55,Minor,4,Two-Wheeler,1,2,Rainy,Urban Road,Wet,Dusk,Signals,56,69,Male,,No,Curve,1,15,9,2,2,3,3,3,0,4,1,0,0,2.73,18.12216,78.40258,NH44_Nagpur_Hyderabad,Telangana
Odisha,Unknown,2021,February,Saturday,13:31,Serious,1,Truck,3,0,Rainy,State Highway,Under Construction,Daylight,Police Checkpost,102,58,Female,Valid,No,Straight Road,2,13,2,5,1,3,2,2,0,1,3,0,0,2.12,32.24501,74.99212,NH44_North,Jammu & Kashmir
Bihar,Unknown,2018,April,Friday,14:8,Fatal,2,Bus,8,3,Rainy,Village Road,Under Construction,Dark,,118,52,Female,Valid,No,Straight Road,3,14,4,4,3,3,2,0,0,2,8,0,0,6.97,23.44496,73.22147,NH27_East_West,Rajasthan / MP / UP
Goa,Unknown,2020,April,Thursday,9:42,Serious,4,Auto-Rickshaw,6,3,Hazy,Urban Road,Under Construction,Dusk,Signs,114,45,Female,Expired,Yes,Straight Road,2,9,4,3,2,2,2,3,1,4,6,0,0,6.36,21.19847,79.07631,NH44_Nagpur_Hyderabad,Telangana
Bihar,Unknown,2023,March,Thursday,17:9,Fatal,3,Pedestrian,10,2,Hazy,Urban Road,Wet,Dawn,Signs,105,57,Male,,Yes,Curve,3,17,3,3,2,2,3,1,1,3,10,0,0,7.27,12.90729,77.60782,NH44_Hyderabad_Bangalore,Karnataka
Telangana,Unknown,2020,October,Friday,14:54,Fatal,5,Car,1,3,Hazy,State Highway,Dry,Dawn,Police Checkpost,116,65,Female,,Yes,Intersection,3,14,10,4,1,2,1,1,1,5,1,0,0,5.45,12.63242,77.8561,NH44_Bangalore_Chennai,Tamil Nadu
West Bengal,Siliguri,2023,January,Thursday,7:57,Fatal,4,Pedestrian,2,4,Foggy,National Highway,Under Construction,Dusk,Signals,88,23,Male,Expired,Yes,Bridge,3,7,1,3,0,1,2,3,1,4,2,0,0,6.67,32.58271,75.02188,NH44_North,Jammu & Kashmir
Goa,Unknown,2019,July,Friday,17:47,Serious,5,Truck,5,4,Foggy,National Highway,Wet,Daylight,Signals,75,32,Female,Valid,Yes,Intersection,2,17,7,4,0,1,3,2,1,5,5,0,0,6.97,12.83897,77.6841,NH44_Bangalore_Chennai,Tamil Nadu
West Bengal,Durgapur,2023,September,Friday,9:42,Minor,4,Auto-Rickshaw,10,4,Hazy,Urban Road,Dry,Dark,Police Checkpost,77,32,Female,Expired,Yes,Curve,1,9,9,4,2,2,1,0,1,4,10,0,0,7.88,17.3064,73.44041,NH48_Mumbai_Bangalore,Maharashtra / Karnataka
West Bengal,Siliguri,2018,November,Friday,20:31,Fatal,3,Cycle,0,5,Stormy,Urban Road,Wet,Dark,Signs,105,19,Female,,No,Curve,3,20,11,4,2,4,3,0,0,3,0,0,0,6.36,23.59714,73.23576,NH48_Delhi_Mumbai,Rajasthan / Gujarat
Delhi,Dwarka,2018,December,Tuesday,18:52,Fatal,2,Bus,10,5,Hazy,National Highway,Damaged,Dusk,Signs,109,62,Male,,No,Intersection,3,18,12,1,0,2,0,3,0,2,10,0,0,9.39,25.92117,88.19341,NH27_East_West,Rajasthan / MP / UP
Arunachal Pradesh,Unknown,2023,August,Thursday,17:45,Fatal,1,Truck,1,2,Stormy,National Highway,Damaged,Dusk,,87,31,Female,,Yes,Bridge,3,17,8,3,0,4,0,3,1,1,1,0,0,4.55,21.19545,72.84397,NH48_Delhi_Mumbai,Rajasthan / Gujarat
Bihar,Unknown,2019,February,Thursday,12:41,Minor,1,Truck,5,2,Foggy,Village Road,Damaged,Dusk,,96,21,Female,,Yes,Bridge,1,12,2,3,3,1,0,3,1,1,5,0,0,4.55,29.27623,77.97881,NH58_Delhi_Badrinath,Uttarakhand
Uttarakhand,Unknown,2023,May,Saturday,6:57,Fatal,5,Auto-Rickshaw,8,0,Rainy,National Highway,Dry,Dusk,Police Checkpost,61,22,Male,,Yes,Intersection,3,6,5,5,0,3,1,3,1,5,8,0,0,4.85,23.04251,87.05458,NH19_Delhi_Kolkata,Uttar Pradesh / Bihar
Himachal Pradesh,Unknown,2020,March,Monday,6:27,Minor,2,Cycle,2,3,Clear,Urban Road,Wet,Daylight,Police Checkpost,98,54,Male,Valid,No,Bridge,1,6,3,0,2,0,3,2,0,2,2,0,0,3.94,19.06311,72.85244,NH48_Delhi_Mumbai,Rajasthan / Gujarat
Meghalaya,Unknown,2020,July,Saturday,22:32,Minor,5,Cycle,2,5,Rainy,National Highway,Under Construction,Dark,,91,48,Female,Expired,Yes,Intersection,1,22,7,5,0,3,2,0,1,5,2,0,0,6.36,21.49844,82.39218,NH30_Patna_Visakhapatnam,Chhattisgarh
Uttar Pradesh,Kanpur,2021,April,Sunday,12:6,Serious,3,Car,0,3,Clear,Urban Road,Wet,Dusk,,82,21,Female,Valid,Yes,Curve,2,12,4,6,2,0,3,3,1,3,0,0,0,4.55,17.35592,78.53055,NH7_Varanasi_Kanyakumari,MP / Karnataka / TN
Arunachal Pradesh,Unknown,2022,November,Tuesday,18:17,Serious,4,Cycle,6,0,Stormy,Village Road,Under Construction,Dark,Signals,112,47,Male,Expired,Yes,Curve,2,18,11,1,3,4,2,0,1,4,6,0,0,3.64,27.06529,78.11081,NH44_Delhi_Agra,Uttar Pradesh
Tripura,Unknown,2020,January,Monday,5:34,Minor,2,Bus,7,4,Clear,Urban Road,Under Construction,Dusk,Signs,105,60,Female,Expired,Yes,Curve,1,5,1,0,2,0,2,3,1,2,7,0,0,6.97,21.66716,69.62426,NH27_East_West,Rajasthan / MP / UP
Andhra Pradesh,Visakhapatnam,2018,August,Wednesday,20:44,Minor,5,Auto-Rickshaw,7,2,Hazy,Urban Road,Damaged,Dawn,,112,43,Female,,No,Curve,1,20,8,2,2,2,0,1,0,5,7,0,0,4.55,18.18098,80.82193,NH30_Patna_Visakhapatnam,Chhattisgarh
Telangana,Unknown,2019,July,Wednesday,7:58,Fatal,3,Auto-Rickshaw,10,0,Clear,Village Road,Dry,Daylight,Signs,37,44,Male,Valid,No,Curve,3,7,7,2,3,0,1,2,0,3,10,0,0,4.85,28.60507,77.27507,NH48_Delhi_Mumbai,Rajasthan / Gujarat
Assam,Unknown,2020,November,Monday,7:34,Serious,3,Truck,4,2,Clear,National Highway,Damaged,Dark,Police Checkpost,42,25,Female,Expired,Yes,Curve,2,7,11,0,0,0,0,0,1,3,4,0,0,4.85,32.78766,74.82349,NH44_North,Jammu & Kashmir
Maharashtra,Mumbai,2021,November,Wednesday,7:24,Fatal,4,Cycle,2,4,Clear,National Highway,Under Construction,Dusk,Signals,35,41,Male,Valid,Yes,Intersection,3,7,11,2,0,0,2,3,1,4,2,0,0,6.67,31.894,77.39931,NH22_Shimla_Manali,Himachal Pradesh
Jammu and Kashmir,Unknown,2022,September,Monday,0:48,Fatal,4,Truck,2,5,Foggy,State Highway,Damaged,Dusk,Police Checkpost,54,58,Male,Valid,Yes,Intersection,3,0,9,0,1,1,0,3,1,4,2,0,0,7.58,27.8607,77.46954,NH44_Delhi_Agra,Uttar Pradesh
Rajasthan,Jodhpur,2022,November,Monday,19:50,Minor,4,Truck,3,3,Hazy,Village Road,Damaged,Dark,Signs,54,59,Female,Valid,No,Bridge,1,19,11,0,3,2,0,0,0,4,3,0,0,4.24,12.22631,79.17984,NH44_Bangalore_Chennai,Tamil Nadu
Jammu and Kashmir,Unknown,2023,November,Wednesday,3:5,Minor,5,Truck,7,2,Clear,Urban Road,Damaged,Dark,,114,19,Male,Expired,No,Straight Road,1,3,11,2,2,0,0,0,0,5,7,0,0,4.55,26.39944,75.17077,NH48_Delhi_Mumbai,Rajasthan / Gujarat
Arunachal Pradesh,Unknown,2018,November,Friday,13:27,Fatal,5,Truck,8,5,Hazy,Urban Road,Wet,Dawn,Police Checkpost,86,55,Female,Expired,No,Straight Road,3,13,11,4,2,2,3,1,0,5,8,0,0,8.79,24.29018,75.82895,NH27_East_West,Rajasthan / MP / UP
Chandigarh,Unknown,2019,October,Tuesday,14:20,Serious,4,Two-Wheeler,8,4,Hazy,National Highway,Under Construction,Daylight,Signs,71,33,Male,Valid,No,Curve,2,14,10,1,0,2,2,2,0,4,8,0,0,7.27,23.08663,72.64987,NH48_Delhi_Mumbai,Rajasthan / Gujarat
Nagaland,Unknown,2021,November,Friday,18:1,Serious,4,Cycle,0,4,Rainy,Urban Road,Dry,Dawn,Police Checkpost,76,46,Male,,No,Bridge,2,18,11,4,2,3,1,1,0,4,0,0,0,4.85,24.20304,84.29703,NH30_Patna_Visakhapatnam,Chhattisgarh
Jharkhand,Unknown,2019,August,Friday,20:32,Serious,4,Truck,6,2,Foggy,Urban Road,Under Construction,Dawn,Signs,84,62,Female,,Yes,Curve,2,20,8,4,2,1,2,1,1,4,6,0,0,5.45,27.20706,77.98486,NH44_Delhi_Agra,Uttar Pradesh
Haryana,Unknown,2018,April,Friday,4:34,Minor,2,Truck,7,1,Hazy,Urban Road,Under Construction,Daylight,Signs,42,62,Male,Expired,Yes,Straight Road,1,4,4,4,2,2,2,2,1,2,7,0,0,4.24,30.76871,79.61342,NH58_Delhi_Badrinath,Uttarakhand
Jammu and Kashmir,Unknown,2023,March,Tuesday,6:39,Minor,5,Car,9,2,Hazy,Village Road,Wet,Dusk,Police Checkpost,46,52,Female,,No,Bridge,1,6,3,1,3,2,3,3,0,5,9,0,0,5.15,22.9991,79.42257,NH44_Agra_Nagpur,Madhya Pradesh
Uttarakhand,Unknown,2021,February,Wednesday,8:58,Minor,3,Pedestrian,10,3,Foggy,National Highway,Damaged,Dusk,Signs,65,43,Male,,Yes,Intersection,1,8,2,2,0,1,0,3,1,3,10,0,0,6.97,8.18199,77.16766,NH7_Varanasi_Kanyakumari,MP / Karnataka / TN
Sikkim,Unknown,2022,August,Wednesday,23:0,Serious,4,Car,5,3,Hazy,Village Road,Under Construction,Dark,,80,22,Female,Expired,Yes,Curve,2,23,8,2,3,2,2,0,1,4,5,0,0,6.06,14.93701,79.94976,NH16_Kolkata_Chennai,Odisha / Andhra Pradesh
Assam,Unknown,2022,May,Thursday,3:5,Fatal,5,Pedestrian,10,0,Stormy,National Highway,Dry,Dusk,Signs,60,27,Male,Valid,Yes,Intersection,3,3,5,3,0,4,1,3,1,5,10,0,0,5.45,27.63263,77.61882,NH44_Delhi_Agra,Uttar Pradesh
Maharashtra,Nagpur,2019,August,Thursday,19:13,Fatal,4,Bus,3,3,Rainy,Urban Road,Wet,Dawn,Signals,64,39,Male,,Yes,Straight Road,3,19,8,3,2,3,3,1,1,4,3,0,0,6.06,25.85528,88.22151,NH27_East_West,Rajasthan / MP / UP
Chandigarh,Unknown,2023,July,Monday,23:0,Minor,2,Auto-Rickshaw,7,2,Foggy,State Highway,Damaged,Dark,Police Checkpost,100,22,Male,Expired,No,Straight Road,1,23,7,0,1,1,0,0,0,2,7,0,0,4.55,32.87405,75.09354,NH44_North,Jammu & Kashmir
Tamil Nadu,Chennai,2023,April,Friday,21:17,Fatal,3,Car,2,2,Stormy,State Highway,Dry,Dark,Signals,100,63,Female,Valid,Yes,Bridge,3,21,4,4,1,4,1,0,1,3,2,0,0,4.85,16.48336,80.61359,NH16_Kolkata_Chennai,Odisha / Andhra Pradesh
Assam,Unknown,2022,June,Saturday,21:29,Minor,5,Pedestrian,10,2,Stormy,State Highway,Wet,Dawn,Signs,61,19,Male,Expired,No,Curve,1,21,6,5,1,4,3,1,0,5,10,0,0,5.45,12.31667,78.14537,NH44_Bangalore_Chennai,Tamil Nadu
Uttar Pradesh,Varanasi,2018,May,Tuesday,13:24,Minor,3,Pedestrian,1,1,Hazy,National Highway,Damaged,Dawn,,34,58,Male,,No,Straight Road,1,13,5,1,0,2,0,1,0,3,1,0,0,1.82,23.51386,79.3602,NH44_Agra_Nagpur,Madhya Pradesh
Chhattisgarh,Unknown,2023,April,Sunday,22:11,Minor,4,Auto-Rickshaw,4,2,Foggy,Urban Road,Under Construction,Dawn,,67,58,Female,,No,Straight Road,1,22,4,6,2,1,2,1,0,4,4,0,0,3.64,22.27624,70.19333,NH27_East_West,Rajasthan / MP / UP
Andhra Pradesh,Tirupati,2023,October,Tuesday,3:58,Fatal,4,Cycle,0,2,Rainy,Urban Road,Damaged,Dawn,Police Checkpost,35,41,Male,Valid,No,Intersection,3,3,10,1,2,3,0,1,0,4,0,0,0,3.64,24.26274,84.57596,NH19_Delhi_Kolkata,Uttar Pradesh / Bihar
Goa,Unknown,2022,March,Thursday,0:54,Minor,2,Bus,9,0,Hazy,National Highway,Dry,Dusk,Police Checkpost,115,59,Female,,No,Intersection,1,0,3,3,0,2,1,3,0,2,9,0,0,3.33,12.89316,77.68759,NH44_Bangalore_Chennai,Tamil Nadu
Tamil Nadu,Chennai,2018,January,Tuesday,13:21,Minor,4,Two-Wheeler,0,1,Foggy,Urban Road,Under Construction,Daylight,,69,27,Female,Valid,No,Bridge,1,13,1,1,2,1,2,2,0,4,0,0,0,1.52,20.69895,73.06593,NH48_Delhi_Mumbai,Rajasthan / Gujarat
Chhattisgarh,Unknown,2018,April,Thursday,6:35,Minor,1,Auto-Rickshaw,8,1,Hazy,Urban Road,Under Construction,Dawn,Signals,75,41,Male,Expired,Yes,Straight Road,1,6,4,3,2,2,2,1,1,1,8,0,0,4.55,21.50352,87.22674,NH16_Kolkata_Chennai,Odisha / Andhra Pradesh