State Name,City Name,Year,Month,Day of Week,Time of Day,Accident Severity,Number of Vehicles Involved,Vehicle Type Involved,Number of Casualties,Number of Fatalities,Weather Conditions,Road Type,Road Condition,Lighting Conditions,Traffic Control Presence,Speed Limit (km/h),Driver Age,Driver Gender,Driver License Status,Alcohol Involvement,Accident Location Details,severity,hour,month,day_enc,road_type_enc,weather_enc,road_cond_enc,lighting_enc,alcohol,num_vehicles,num_casualties,junction_enc,cause_enc,risk_score,latitude,longitude,highway,state_region
Nagaland,Unknown,2020,November,Friday,20:15,Fatal,4,Cycle,6,3,Stormy,State Highway,Wet,Daylight,Signals,33,57,Female,,Yes,Straight Road,3,20,11,4,1,4,3,2,1,4,6,0,0,6.97,17.9901,73.64022,NH48_Mumbai_Bangalore,Maharashtra / Karnataka
Himachal Pradesh,Unknown,2021,November,Monday,7:4,Serious,4,Auto-Rickshaw,0,5,Foggy,State Highway,Damaged,Dark,Police Checkpost,71,21,Female,,No,Intersection,2,7,11,0,1,1,0,0,0,4,0,0,0,5.76,12.25048,79.22789,NH44_Bangalore_Chennai,Tamil Nadu
Puducherry,Unknown,2022,January,Sunday,2:13,Minor,2,Truck,7,3,Hazy,Village Road,Damaged,Daylight,Signals,34,31,Female,,No,Intersection,1,2,1,6,3,2,0,2,0,2,7,0,0,5.45,18.19898,74.2111,NH9_Pune_Hyderabad,Maharashtra / Telangana
Puducherry,Unknown,2023,October,Thursday,10:36,Minor,2,Pedestrian,8,1,Clear,Urban Road,Dry,Dusk,Police Checkpost,44,51,Male,Valid,Yes,Intersection,1,10,10,3,2,0,1,3,1,2,8,0,0,4.55,22.72721,88.52985,NH52_Barasat_Guwahati,West Bengal / Assam
Puducherry,Unknown,2018,May,Saturday,17:9,Minor,1,Pedestrian,0,1,Rainy,Village Road,Damaged,Dawn,Signals,88,21,Male,Valid,No,Intersection,1,17,5,5,3,3,0,1,0,1,0,0,0,1.52,30.02572,78.92103,NH58_Delhi_Badrinath,Uttarakhand
Jammu and Kashmir,Unknown,2020,July,Friday,2:46,Minor,3,Two-Wheeler,10,0,Stormy,Urban Road,Wet,Dusk,,114,60,Female,Valid,Yes,Intersection,1,2,7,4,2,4,3,3,1,3,10,0,0,4.24,27.84291,77.42039,NH44_Delhi_Agra,Uttar Pradesh
Delhi,Rohini,2018,June,Wednesday,4:48,Fatal,1,Bus,0,0,Stormy,National Highway,Damaged,Dawn,Police Checkpost,100,40,Female,Valid,No,Bridge,3,4,6,2,0,4,0,1,0,1,0,0,0,1.82,27.22914,77.98381,NH44_Delhi_Agra,Uttar Pradesh
Uttarakhand,Unknown,2019,April,Friday,12:40,Minor,4,Cycle,7,5,Clear,State Highway,Dry,Dusk,Police Checkpost,111,69,Male,,Yes,Intersection,1,12,4,4,1,0,1,3,1,4,7,0,0,7.88,14.85451,76.60923,NH44_Hyderabad_Bangalore,Karnataka
Goa,Unknown,2023,June,Monday,7:41,Fatal,1,Cycle,4,2,Hazy,Village Road,Wet,Dark,Signs,50,37,Male,Valid,No,Straight Road,3,7,6,0,3,2,3,0,0,1,4,0,0,4.85,13.39174,77.48471,NH7_Varanasi_Kanyakumari,MP / Karnataka / TN
Punjab,Unknown,2019,October,Sunday,15:23,Minor,2,Pedestrian,3,1,Stormy,Village Road,Dry,Dark,Police Checkpost,80,28,Female,Expired,No,Intersection,1,15,10,6,3,4,1,0,0,2,3,0,0,2.42,26.26305,81.39036,NH19_Delhi_Kolkata,Uttar Pradesh / Bihar
West Bengal,Siliguri,2019,April,Sunday,3:12,Minor,2,Bus,10,1,Foggy,National Highway,Under Construction,Dusk,,55,20,Male,Expired,Yes,Bridge,1,3,4,6,0,1,2,3,1,2,10,0,0,5.15,31.86747,77.40179,NH22_Shimla_Manali,Himachal Pradesh
Tripura,Unknown,2018,November,Saturday,9:30,Serious,5,Two-Wheeler,1,4,Rainy,National Highway,Damaged,Dusk,,108,32,Female,,No,Straight Road,2,9,11,5,0,3,0,3,0,5,1,0,0,5.15,13.10435,80.30833,NH16_Kolkata_Chennai,Odisha / Andhra Pradesh
Rajasthan,Udaipur,2023,April,Saturday,12:42,Serious,2,Bus,5,5,Stormy,National Highway,Dry,Daylight,Police Checkpost,46,51,Male,Valid,No,Intersection,2,12,4,5,0,4,1,2,0,2,5,0,0,7.27,25.19683,74.54029,NH48_Delhi_Mumbai,Rajasthan / Gujarat
Nagaland,Unknown,2022,November,Sunday,17:53,Serious,4,Pedestrian,1,5,Hazy,Village Road,Under Construction,Dawn,Signs,38,54,Female,Valid,Yes,Bridge,2,17,11,6,3,2,2,1,1,4,1,0,0,6.67,24.82317,77.22468,NH27_East_West,Rajasthan / MP / UP
Rajasthan,Jaipur,2018,August,Friday,12:17,Fatal,3,Pedestrian,3,1,Foggy,National Highway,Dry,Dawn,,98,49,Male,Valid,No,Curve,3,12,8,4,0,1,1,1,0,3,3,0,0,3.64,26.87244,75.72038,NH48_Delhi_Mumbai,Rajasthan / Gujarat
Arunachal Pradesh,Unknown,2023,August,Wednesday,23:40,Serious,1,Pedestrian,0,1,Stormy,National Highway,Wet,Dark,Signs,65,41,Female,Expired,No,Intersection,2,23,8,2,0,4,3,0,0,1,0,0,0,2.12,17.37788,78.49689,NH44_Nagpur_Hyderabad,Telangana
Punjab,Unknown,2022,October,Tuesday,8:15,Fatal,5,Car,1,5,Stormy,National Highway,Wet,Daylight,,52,59,Female,Valid,No,Intersection,3,8,10,1,0,4,3,2,0,5,1,0,0,6.67,28.26416,77.81568,NH19_Delhi_Kolkata,Uttar Pradesh / Bihar
Himachal Pradesh,Unknown,2021,July,Tuesday,19:51,Fatal,5,Bus,8,3,Clear,Urban Road,Dry,Dusk,Signs,55,25,Female,,No,Curve,3,19,7,1,2,0,1,3,0,5,8,0,0,6.97,13.04799,80.28533,NH44_Bangalore_Chennai,Tamil Nadu
Kerala,Unknown,2018,June,Wednesday,2:30,Fatal,4,Cycle,0,3,Stormy,Village Road,Damaged,Dusk,Police Checkpost,66,47,Male,,No,Intersection,3,2,6,2,3,4,0,3,0,4,0,0,0,4.55,26.20534,91.7992,NH52_Barasat_Guwahati,West Bengal / Assam
Uttarakhand,Unknown,2022,March,Saturday,10:42,Fatal,1,Bus,4,1,Clear,Village Road,Dry,Dawn,Signals,71,39,Male,Valid,Yes,Intersection,3,10,3,5,3,0,1,1,1,1,4,0,0,4.55,24.61943,73.74202,NH48_Delhi_Mumbai,Rajasthan / Gujarat
Chhattisgarh,Unknown,2019,April,Tuesday,21:21,Minor,5,Two-Wheeler,4,4,Stormy,National Highway,Wet,Daylight,,56,21,Male,,No,Curve,1,21,4,1,0,4,3,2,0,5,4,0,0,5.45,27.51908,78.26615,NH19_Delhi_Kolkata,Uttar Pradesh / Bihar
Rajasthan,Jaipur,2021,March,Sunday,4:50,Serious,5,Truck,9,2,Hazy,Urban Road,Damaged,Dusk,Signals,48,23,Male,,No,Intersection,2,4,3,6,2,2,0,3,0,5,9,0,0,5.76,27.78656,77.43816,NH44_Delhi_Agra,Uttar Pradesh
Kerala,Unknown,2018,August,Monday,13:44,Serious,3,Truck,5,2,Rainy,State Highway,Damaged,Dawn,,81,57,Male,Expired,Yes,Curve,2,13,8,0,1,3,0,1,1,3,5,0,0,5.15,18.72065,78.32552,NH44_Nagpur_Hyderabad,Telangana
Tamil Nadu,Coimbatore,2018,August,Friday,16:37,Minor,4,Car,9,2,Foggy,Village Road,Under Construction,Daylight,,75,41,Female,,No,Intersection,1,16,8,4,3,1,2,2,0,4,9,0,0,5.15,17.44329,75.49075,NH9_Pune_Hyderabad,Maharashtra / Telangana
Jharkhand,Unknown,2022,October,Monday,22:28,Minor,3,Auto-Rickshaw,2,5,Foggy,National Highway,Under Construction,Dawn,Signals,82,63,Female,Valid,No,Curve,1,22,10,0,0,1,2,1,0,3,2,0,0,5.76,27.86727,77.52436,NH44_Delhi_Agra,Uttar Pradesh
Haryana,Unknown,2021,September,Wednesday,2:3,Fatal,4,Car,10,0,Hazy,Village Road,Dry,Dusk,Signals,86,51,Male,,Yes,Straight Road,3,2,9,2,3,2,1,3,1,4,10,0,0,5.45,25.29762,74.60049,NH48_Delhi_Mumbai,Rajasthan / Gujarat
Maharashtra,Pune,2023,January,Monday,9:40,Minor,2,Two-Wheeler,8,0,Clear,National Highway,Under Construction,Dark,Signals,34,59,Female,Valid,Yes,Straight Road,1,9,1,0,0,0,2,0,1,2,8,0,0,3.64,15.45528,77.26792,NH7_Varanasi_Kanyakumari,MP / Karnataka / TN
Uttarakhand,Unknown,2023,May,Sunday,12:15,Serious,1,Car,3,2,Hazy,Urban Road,Damaged,Daylight,Signs,70,25,Female,Valid,Yes,Bridge,2,12,5,6,2,2,0,2,1,1,3,0,0,4.55,18.20673,80.94232,NH30_Patna_Visakhapatnam,Chhattisgarh
Rajasthan,Jodhpur,2020,November,Thursday,5:17,Serious,5,Auto-Rickshaw,6,1,Stormy,Village Road,Under Construction,Daylight,Police Checkpost,50,35,Male,Expired,No,Curve,2,5,11,3,3,4,2,2,0,5,6,0,0,3.94,18.63034,84.26764,NH16_Kolkata_Chennai,Odisha / Andhra Pradesh
Goa,Unknown,2021,August,Thursday,12:39,Minor,4,Car,9,4,Rainy,State Highway,Under Construction,Dusk,Police Checkpost,36,57,Male,Valid,Yes,Intersection,1,12,8,3,1,3,2,3,1,4,9,0,0,7.58,12.29904,78.12718,NH44_Bangalore_Chennai,Tamil Nadu
Chhattisgarh,Unknown,2023,November,Wednesday,7:53,Serious,1,Truck,10,0,Foggy,National Highway,Wet,Dusk,Signals,47,24,Female,,No,Bridge,2,7,11,2,0,1,3,3,0,1,10,0,0,4.24,15.37008,77.05489,NH44_Hyderabad_Bangalore,Karnataka
Mizoram,Unknown,2021,December,Sunday,2:1,Fatal,4,Bus,4,2,Hazy,State Highway,Wet,Dusk,Police Checkpost,72,32,Female,,Yes,Curve,3,2,12,6,1,2,3,3,1,4,4,0,0,5.45,32.33143,74.90771,NH44_North,Jammu & Kashmir
Kerala,Unknown,2018,July,Sunday,2:55,Fatal,2,Bus,8,1,Rainy,National Highway,Damaged,Dark,Signs,89,61,Female,Valid,No,Intersection,3,2,7,6,0,3,0,0,0,2,8,0,0,5.15,24.88456,84.87254,NH30_Patna_Visakhapatnam,Chhattisgarh
Odisha,Unknown,2023,December,Saturday,17:51,Serious,1,Cycle,4,3,Rainy,National Highway,Dry,Dusk,Signs,48,46,Female,Valid,No,Straight Road,2,17,12,5,0,3,1,3,0,1,4,0,0,5.15,22.1729,82.97247,NH30_Patna_Visakhapatnam,Chhattisgarh
Uttar Pradesh,Kanpur,2019,March,Friday,22:1,Serious,1,Auto-Rickshaw,8,5,Rainy,Village Road,Under Construction,Dawn,Police Checkpost,57,40,Female,Expired,No,Bridge,2,22,3,4,3,3,2,1,0,1,8,0,0,8.18,21.13158,79.14155,NH7_Varanasi_Kanyakumari,MP / Karnataka / TN
Bihar,Unknown,2023,January,Wednesday,3:17,Fatal,1,Car,7,1,Stormy,National Highway,Damaged,Dusk,Signs,58,67,Female,Expired,No,Curve,3,3,1,2,0,4,0,3,0,1,7,0,0,4.85,19.16907,72.99416,NH48_Delhi_Mumbai,Rajasthan / Gujarat
Bihar,Unknown,2021,March,Thursday,22:33,Fatal,3,Truck,0,1,Rainy,Village Road,Under Construction,Dark,Police Checkpost,91,57,Female,Expired,Yes,Straight Road,3,22,3,3,3,3,2,0,1,3,0,0,0,3.33,18.62652,84.29295,NH16_Kolkata_Chennai,Odisha / Andhra Pradesh
Kerala,Unknown,2023,April,Saturday,10:38,Serious,4,Bus,7,3,Foggy,National Highway,Under Construction,Dawn,,105,67,Female,Valid,No,Intersection,2,10,4,5,0,1,2,1,0,4,7,0,0,6.06,13.04682,80.29411,NH44_Bangalore_Chennai,Tamil Nadu
Sikkim,Unknown,2023,June,Friday,0:5,Minor,3,Two-Wheeler,9,4,Clear,National Highway,Wet,Daylight,Signs,59,26,Male,Expired,Yes,Intersection,1,0,6,4,0,0,3,2,1,3,9,0,0,7.58,22.34092,79.12294,NH44_Agra_Nagpur,Madhya Pradesh
Chandigarh,Unknown,2019,November,Tuesday,10:3,Serious,4,Bus,4,0,Clear,State Highway,Damaged,Dawn,,49,31,Female,Expired,Yes,Bridge,2,10,11,1,1,0,0,1,1,4,4,0,0,3.03,32.07332,77.15166,NH22_Shimla_Manali,Himachal Pradesh
West Bengal,Kolkata,2020,January,Thursday,23:52,Fatal,3,Pedestrian,9,3,Rainy,State Highway,Damaged,Dark,,47,45,Male,Valid,Yes,Bridge,3,23,1,3,1,3,0,0,1,3,9,0,0,7.88,24.8748,82.48708,NH7_Varanasi_Kanyakumari,MP / Karnataka / TN
Meghalaya,Unknown,2020,January,Monday,20:26,Serious,2,Two-Wheeler,3,2,Rainy,Village Road,Under Construction,Dark,,100,29,Female,Valid,No,Curve,2,20,1,0,3,3,2,0,0,2,3,0,0,3.94,19.80873,79.4988,NH7_Varanasi_Kanyakumari,MP / Karnataka / TN
Uttarakhand,Unknown,2021,July,Sunday,17:53,Fatal,3,Pedestrian,10,0,Foggy,State Highway,Wet,Dawn,,60,26,Female,,Yes,Intersection,3,17,7,6,1,1,3,1,1,3,10,0,0,5.45,27.63727,77.60624,NH44_Delhi_Agra,Uttar Pradesh
Sikkim,Unknown,2019,May,Monday,3:24,Serious,4,Two-Wheeler,4,0,Clear,Urban Road,Wet,Daylight,Signs,78,38,Female,Expired,No,Curve,2,3,5,0,2,0,3,2,0,4,4,0,0,2.42,20.61764,81.89831,NH30_Patna_Visakhapatnam,Chhattisgarh
Puducherry,Unknown,2021,March,Thursday,8:36,Fatal,4,Bus,3,5,Hazy,Urban Road,Under Construction,Daylight,Police Checkpost,84,49,Male,Expired,Yes,Bridge,3,8,3,3,2,2,2,2,1,4,3,0,0,7.88,18.48404,73.88627,NH9_Pune_Hyderabad,Maharashtra / Telangana
Kerala,Unknown,2019,May,Saturday,15:49,Fatal,4,Car,1,0,Clear,Village Road,Wet,Dusk,Police Checkpost,77,60,Female,,Yes,Intersection,3,15,5,5,3,0,3,3,1,4,1,0,0,2.73,28.56556,77.17926,NH44_Delhi_Agra,Uttar Pradesh
Uttarakhand,Unknown,2023,September,Wednesday,1:36,Serious,5,Truck,5,3,Hazy,State Highway,Dry,Dusk,,56,41,Male,,Yes,Intersection,2,1,9,2,1,2,1,3,1,5,5,0,0,6.06,33.09966,75.63574,NH44_North,Jammu & Kashmir
Maharashtra,Nagpur,2022,January,Thursday,15:55,Fatal,1,Pedestrian,2,1,Foggy,National Highway,Dry,Daylight,Police Checkpost,75,44,Female,,Yes,Intersection,3,15,1,3,0,1,1,2,1,1,2,0,0,3.94,21.70306,69.61182,NH27_East_West,Rajasthan / MP / UP
Manipur,Unknown,2023,May,Saturday,22:55,Minor,4,Car,5,4,Foggy,Urban Road,Dry,Dark,Signals,50,33,Male,,Yes,Bridge,1,22,5,5,2,1,1,0,1,4,5,0,0,6.36,26.3303,75.2109,NH48_Delhi_Mumbai,Rajasthan / Gujarat
Goa,Unknown,2022,April,Saturday,9:45,Minor,1,Two-Wheeler,2,5,Rainy,National Highway,Under Construction,Dawn,Signals,35,31,Female,,Yes,Intersection,1,9,4,5,0,3,2,1,1,1,2,0,0,6.36,21.1241,79.12508,NH44_Nagpur_Hyderabad,Telangana
Uttar Pradesh,Lucknow,2021,December,Saturday,5:26,Serious,2,Bus,9,3,Hazy,State Highway,Damaged,Dusk,Police Checkpost,75,52,Female,Expired,No,Curve,2,5,12,5,1,2,0,3,0,2,9,0,0,6.67,24.2597,89.1644,NH52_Barasat_Guwahati,West Bengal / Assam
Kerala,Unknown,2022,February,Wednesday,23:44,Serious,3,Car,6,3,Clear,Village Road,Dry,Daylight,Signals,51,55,Male,Expired,No,Bridge,2,23,2,2,3,0,1,2,0,3,6,0,0,5.76,21.85882,80.25697,NH7_Varanasi_Kanyakumari,MP / Karnataka / TN
Assam,Unknown,2023,August,Sunday,22:58,Minor,1,Cycle,0,3,Hazy,Village Road,Under Construction,Dawn,Signals,89,34,Female,Valid,Yes,Bridge,1,22,8,6,3,2,2,1,1,1,0,0,0,3.94,17.44756,78.48246,NH44_Nagpur_Hyderabad,Telangana
Assam,Unknown,2019,April,Sunday,7:21,Fatal,1,Bus,3,1,Clear,Urban Road,Damaged,Daylight,Police Checkpost,34,42,Male,Expired,Yes,Straight Road,3,7,4,6,2,0,0,2,1,1,3,0,0,4.24,32.30134,77.18272,NH22_Shimla_Manali,Himachal Pradesh
Rajasthan,Udaipur,2020,October,Wednesday,23:42,Minor,5,Bus,7,2,Rainy,National Highway,Wet,Dawn,,108,53,Male,,Yes,Intersection,1,23,10,2,0,3,3,1,1,5,7,0,0,5.15,17.43912,75.45692,NH9_Pune_Hyderabad,Maharashtra / Telangana
Bihar,Unknown,2018,February,Wednesday,4:55,Serious,4,Pedestrian,2,0,Rainy,State Highway,Under Construction,Dawn,Police Checkpost,119,59,Female,Expired,No,Bridge,2,4,2,2,1,3,2,1,0,4,2,0,0,1.82,27.30101,82.48772,NH27_East_West,Rajasthan / MP / UP
West Bengal,Kolkata,2022,November,Saturday,22:31,Fatal,1,Cycle,7,5,Foggy,National Highway,Dry,Daylight,Signs,111,65,Female,Expired,No,Straight Road,3,22,11,5,0,1,1,2,0,1,7,0,0,8.48,17.19096,76.17767,NH9_Pune_Hyderabad,Maharashtra / Telangana
Kerala,Unknown,2018,January,Tuesday,5:18,Minor,3,Two-Wheeler,2,3,Stormy,State Highway,Damaged,Dark,Signs,68,26,Female,Valid,No,Straight Road,1,5,1,1,1,4,0,0,0,3,2,0,0,3.94,18.47456,73.86543,NH9_Pune_Hyderabad,Maharashtra / Telangana
Telangana,Unknown,2020,January,Monday,15:34,Serious,3,Two-Wheeler,3,0,Hazy,Village Road,Wet,Dawn,Signals,30,23,Female,,No,Curve,2,15,1,0,3,2,3,1,0,3,3,0,0,2.12,21.13427,79.01963,NH7_Varanasi_Kanyakumari,MP / Karnataka / TN
Assam,Unknown,2023,October,Monday,12:7,Fatal,2,Pedestrian,10,0,Rainy,Urban Road,Dry,Dusk,,53,31,Male,,Yes,Curve,3,12,10,0,2,3,1,3,1,2,10,0,0,5.45,12.60857,79.46866,NH44_Bangalore_Chennai,Tamil Nadu
Chandigarh,Unknown,2020,April,Sunday,0:55,Serious,4,Two-Wheeler,3,1,Stormy,State Highway,Under Construction,Daylight,Signs,55,62,Male,Valid,No,Straight Road,2,0,4,6,1,4,2,2,0,4,3,0,0,3.03,26.97746,78.18029,NH44_Delhi_Agra,Uttar Pradesh
Punjab,Unknown,2018,August,Saturday,18:56,Fatal,4,Bus,4,5,Stormy,National Highway,Dry,Dusk,Signs,104,35,Female,,Yes,Straight Road,3,18,8,5,0,4,1,3,1,4,4,0,0,8.18,27.36337,77.76342,NH44_Delhi_Agra,Uttar Pradesh
Tripura,Unknown,2020,April,Monday,10:35,Serious,4,Bus,7,4,Foggy,Village Road,Wet,Dusk,Signs,88,18,Male,Expired,No,Intersection,2,10,4,0,3,1,3,3,0,4,7,0,0,6.97,16.54226,80.60946,NH16_Kolkata_Chennai,Odisha / Andhra Pradesh
Nagaland,Unknown,2018,July,Saturday,20:0,Fatal,3,Car,6,1,Foggy,State Highway,Dry,Dark,Signals,42,62,Female,Expired,Yes,Bridge,3,20,7,5,1,1,1,0,1,3,6,0,0,5.15,20.41626,86.24672,NH16_Kolkata_Chennai,Odisha / Andhra Pradesh
Andhra Pradesh,Vijayawada,2020,March,Tuesday,6:53,Minor,3,Cycle,4,1,Foggy,Village Road,Dry,Daylight,Signs,57,47,Female,Valid,No,Curve,1,6,3,1,3,1,1,2,0,3,4,0,0,2.73,17.49672,75.49842,NH9_Pune_Hyderabad,Maharashtra / Telangana
Mizoram,Unknown,2023,February,Friday,8:20,Fatal,5,Pedestrian,2,4,Stormy,National Highway,Dry,Dusk,,43,33,Female,Valid,No,Straight Road,3,8,2,4,0,4,1,3,0,5,2,0,0,6.06,14.89318,79.9748,NH16_Kolkata_Chennai,Odisha / Andhra Pradesh
Karnataka,Bangalore,2020,August,Friday,17:28,Minor,2,Truck,10,0,Rainy,Urban Road,Damaged,Dusk,Police Checkpost,98,66,Male,Valid,Yes,Curve,1,17,8,4,2,3,0,3,1,2,10,0,0,4.24,31.17134,77.18292,NH22_Shimla_Manali,Himachal Pradesh
Sikkim,Unknown,2020,July,Friday,23:34,Fatal,1,Two-Wheeler,10,0,Stormy,National Highway,Wet,Dawn,Signs,34,45,Female,Valid,Yes,Intersection,3,23,7,4,0,4,3,1,1,1,10,0,0,5.45,20.65368,81.87264,NH30_Patna_Visakhapatnam,Chhattisgarh
Jharkhand,Unknown,2019,May,Thursday,9:38,Fatal,1,Pedestrian,5,0,Foggy,National Highway,Damaged,Dark,Police Checkpost,78,26,Male,,Yes,Straight Road,3,9,5,3,0,1,0,0,1,1,5,0,0,3.94,17.42936,78.41895,NH9_Pune_Hyderabad,Maharashtra / Telangana
Manipur,Unknown,2022,March,Thursday,18:37,Serious,5,Pedestrian,10,2,Hazy,State Highway,Under Construction,Daylight,Police Checkpost,90,66,Male,Expired,Yes,Intersection,2,18,3,3,1,2,2,2,1,5,10,0,0,6.67,17.34222,73.50019,NH48_Mumbai_Bangalore,Maharashtra / Karnataka
Punjab,Unknown,2020,August,Wednesday,4:49,Serious,5,Auto-Rickshaw,5,2,Stormy,Urban Road,Damaged,Dark,Signs,99,50,Female,Valid,Yes,Curve,2,4,8,2,2,4,0,0,1,5,5,0,0,5.15,28.25811,77.10775,NH44_Delhi_Agra,Uttar Pradesh
Haryana,Unknown,2021,December,Wednesday,3:4,Minor,1,Car,6,5,Clear,National Highway,Dry,Daylight,Police Checkpost,115,70,Female,,Yes,Straight Road,1,3,12,2,0,0,1,2,1,1,6,0,0,7.58,22.78589,88.4959,NH52_Barasat_Guwahati,West Bengal / Assam
Tripura,Unknown,2023,November,Tuesday,5:7,Serious,3,Car,1,1,Rainy,Village Road,Damaged,Dawn,Signals,76,50,Female,Valid,Yes,Straight Road,2,5,11,1,3,3,0,1,1,3,1,0,0,3.03,34.06873,74.7307,NH44_North,Jammu & Kashmir
Maharashtra,Mumbai,2022,June,Monday,6:33,Fatal,3,Cycle,2,1,Clear,Village Road,Dry,Dark,Signs,37,18,Female,Valid,No,Curve,3,6,6,0,3,0,1,0,0,3,2,0,0,3.33,13.01652,80.30121,NH44_Bangalore_Chennai,Tamil Nadu
Rajasthan,Jaipur,2021,February,Monday,21:37,Serious,3,Truck,8,5,Foggy,Urban Road,Dry,Dusk,Signals,94,19,Male,,Yes,Curve,2,21,2,0,2,1,1,3,1,3,8,0,0,8.79,24.28262,84.22578,NH30_Patna_Visakhapatnam,Chhattisgarh
Odisha,Unknown,2021,May,Sunday,0:39,Minor,3,Two-Wheeler,7,1,Stormy,Urban Road,Damaged,Dusk,Signals,32,25,Female,Expired,No,Intersection,1,0,5,6,2,4,0,3,0,3,7,0,0,3.64,33.18772,75.59405,NH44_North,Jammu & Kashmir
Himachal Pradesh,Unknown,2020,February,Saturday,7:55,Fatal,1,Car,9,0,Hazy,State Highway,Under Construction,Dawn,Signals,46,53,Male,Expired,Yes,Curve,3,7,2,5,1,2,2,1,1,1,9,0,0,5.15,27.68292,77.60909,NH44_Delhi_Agra,Uttar Pradesh
Arunachal Pradesh,Unknown,2018,October,Saturday,14:10,Serious,5,Auto-Rickshaw,8,2,Rainy,State Highway,Wet,Dawn,Signs,90,39,Male,Expired,Yes,Curve,2,14,10,5,1,3,3,1,1,5,8,0,0,6.06,30.00722,78.80997,NH58_Delhi_Badrinath,Uttarakhand
Meghalaya,Unknown,2021,June,Thursday,13:31,Serious,2,Bus,1,3,Hazy,State Highway,Dry,Dawn,Signs,107,35,Male,Expired,Yes,Intersection,2,13,6,3,1,2,1,1,1,2,1,0,0,4.85,30.45312,79.45792,NH58_Delhi_Badrinath,Uttarakhand
Tamil Nadu,Chennai,2021,September,Sunday,14:48,Fatal,1,Pedestrian,8,3,Stormy,Urban Road,Damaged,Daylight,Police Checkpost,63,45,Female,Expired,Yes,Intersection,3,14,9,6,2,4,0,2,1,1,8,0,0,7.58,18.58965,78.27916,NH44_Nagpur_Hyderabad,Telangana
Gujarat,Surat,2020,February,Monday,16:29,Fatal,3,Two-Wheeler,1,1,Foggy,State Highway,Dry,Dark,Signals,97,39,Male,Valid,No,Intersection,3,16,2,0,1,1,1,0,0,3,1,0,0,3.03,25.45716,78.60811,NH44_Agra_Nagpur,Madhya Pradesh
Chhattisgarh,Unknown,2018,July,Wednesday,8:5,Serious,4,Car,3,3,Hazy,State Highway,Dry,Dusk,Signs,83,26,Female,Valid,Yes,Straight Road,2,8,7,2,1,2,1,3,1,4,3,0,0,5.45,13.20189,77.39008,NH48_Mumbai_Bangalore,Maharashtra / Karnataka
Odisha,Unknown,2022,December,Friday,10:46,Minor,3,Car,10,3,Rainy,National Highway,Dry,Dusk,Police Checkpost,61,66,Male,Expired,No,Intersection,1,10,12,4,0,3,1,3,0,3,10,0,0,6.36,23.51618,88.8594,NH52_Barasat_Guwahati,West Bengal / Assam
Goa,Unknown,2020,May,Monday,21:51,Serious,4,Truck,2,2,Foggy,Urban Road,Under Construction,Dark,Police Checkpost,104,57,Male,Expired,Yes,Straight Road,2,21,5,0,2,1,2,0,1,4,2,0,0,4.24,28.36309,77.1673,NH44_Delhi_Agra,Uttar Pradesh
Jammu and Kashmir,Unknown,2021,November,Sunday,21:39,Serious,1,Two-Wheeler,0,2,Rainy,State Highway,Dry,Dark,Police Checkpost,41,50,Female,,No,Intersection,2,21,11,6,1,3,1,0,0,1,0,0,0,3.03,22.27085,79.11477,NH44_Agra_Nagpur,Madhya Pradesh
Telangana,Unknown,2023,August,Saturday,22:7,Minor,3,Pedestrian,5,0,Stormy,Village Road,Under Construction,Dark,Signs,36,67,Male,Expired,No,Curve,1,22,8,5,3,4,2,0,0,3,5,0,0,2.12,28.01815,77.3426,NH44_Delhi_Agra,Uttar Pradesh
Arunachal Pradesh,Unknown,2019,August,Monday,18:44,Fatal,3,Cycle,2,5,Stormy,State Highway,Dry,Dark,Signs,35,32,Male,,Yes,Intersection,3,18,8,0,1,4,1,0,1,3,2,0,0,7.58,25.78404,79.49021,NH27_East_West,Rajasthan / MP / UP
Jharkhand,Unknown,2020,September,Sunday,7:27,Serious,3,Cycle,8,3,Clear,National Highway,Wet,Daylight,Signs,40,55,Female,Valid,No,Curve,2,7,9,6,0,0,3,2,0,3,8,0,0,6.36,16.64445,73.27401,NH48_Mumbai_Bangalore,Maharashtra / Karnataka
Andhra Pradesh,Tirupati,2023,March,Thursday,8:37,Fatal,1,Pedestrian,0,1,Foggy,State Highway,Damaged,Dusk,,49,28,Female,Expired,No,Curve,3,8,3,3,1,1,0,3,0,1,0,0,0,2.73,24.8298,83.85295,NH19_Delhi_Kolkata,Uttar Pradesh / Bihar
Bihar,Unknown,2019,May,Saturday,22:32,Serious,1,Bus,9,5,Clear,State Highway,Damaged,Dark,Police Checkpost,49,57,Male,,Yes,Intersection,2,22,5,5,1,0,0,0,1,1,9,0,0,9.09,13.92102,75.57463,NH48_Mumbai_Bangalore,Maharashtra / Karnataka
Gujarat,Ahmedabad,2023,March,Wednesday,9:15,Fatal,1,Car,10,0,Hazy,Village Road,Wet,Daylight,,119,25,Female,,Yes,Intersection,3,9,3,2,3,2,3,2,1,1,10,0,0,5.45,22.91874,79.50917,NH44_Agra_Nagpur,Madhya Pradesh