State Name,City Name,Year,Month,Day of Week,Time of Day,Accident Severity,Number of Vehicles Involved,Vehicle Type Involved,Number of Casualties,Number of Fatalities,Weather Conditions,Road Type,Road Condition,Lighting Conditions,Traffic Control Presence,Speed Limit (km/h),Driver Age,Driver Gender,Driver License Status,Alcohol Involvement,Accident Location Details,severity,hour,month,day_enc,road_type_enc,weather_enc,road_cond_enc,lighting_enc,alcohol,num_vehicles,num_casualties,junction_enc,cause_enc,risk_score,latitude,longitude,highway,state_region
Punjab,Unknown,2023,July,Thursday,12:43,Minor,3,Pedestrian,4,5,Rainy,Urban Road,Wet,Dusk,Signs,115,37,Female,Expired,Yes,Straight Road,1,12,7,3,2,3,3,3,1,3,4,0,0,6.97,27.3466,77.7295,NH44_Delhi_Agra,Uttar Pradesh
Himachal Pradesh,Unknown,2023,April,Sunday,4:10,Serious,5,Bus,8,1,Clear,Village Road,Damaged,Dark,Signs,113,37,Female,Expired,Yes,Straight Road,2,4,4,6,3,0,0,0,1,5,8,0,0,5.15,13.28078,77.45456,NH48_Mumbai_Bangalore,Maharashtra / Karnataka
Sikkim,Unknown,2019,January,Wednesday,23:24,Fatal,2,Two-Wheeler,0,4,Foggy,National Highway,Under Construction,Daylight,Signs,115,25,Female,Valid,Yes,Curve,3,23,1,2,0,1,2,2,1,2,0,0,0,6.06,15.85472,74.0419,NH66_West_Coast,Maharashtra / Kerala
Jammu and Kashmir,Unknown,2019,February,Friday,2:18,Serious,2,Pedestrian,0,4,Stormy,Urban Road,Wet,Dusk,,85,22,Female,Valid,Yes,Bridge,2,2,2,4,2,4,3,3,1,2,0,0,0,5.45,23.4082,86.16678,NH19_Delhi_Kolkata,Uttar Pradesh / Bihar
Telangana,Unknown,2021,February,Sunday,3:31,Minor,2,Auto-Rickshaw,7,1,Foggy,Village Road,Wet,Dark,Signs,84,63,Male,,Yes,Intersection,1,3,2,6,3,1,3,0,1,2,7,0,0,4.24,24.51745,79.00466,NH44_Agra_Nagpur,Madhya Pradesh
West Bengal,Siliguri,2018,July,Tuesday,9:28,Fatal,1,Two-Wheeler,10,0,Rainy,National Highway,Dry,Dawn,Police Checkpost,115,49,Male,Expired,Yes,Intersection,3,9,7,1,0,3,1,1,1,1,10,0,0,5.45,13.07563,80.31058,NH16_Kolkata_Chennai,Odisha / Andhra Pradesh
Meghalaya,Unknown,2022,May,Sunday,13:11,Minor,5,Car,9,3,Rainy,Village Road,Damaged,Daylight,Signals,116,30,Male,Expired,Yes,Bridge,1,13,5,6,3,3,0,2,1,5,9,0,0,6.67,16.0618,74.45265,NH48_Mumbai_Bangalore,Maharashtra / Karnataka
Bihar,Unknown,2023,April,Saturday,12:45,Minor,4,Truck,4,5,Foggy,State Highway,Wet,Dawn,Signs,99,45,Male,,Yes,Intersection,1,12,4,5,1,1,3,1,1,4,4,0,0,6.97,15.9101,80.2453,NH16_Kolkata_Chennai,Odisha / Andhra Pradesh
Himachal Pradesh,Unknown,2021,July,Wednesday,17:0,Minor,1,Bus,9,2,Stormy,Urban Road,Wet,Daylight,,73,44,Female,Expired,Yes,Curve,1,17,7,2,2,4,3,2,1,1,9,0,0,5.76,24.09183,73.45603,NH48_Delhi_Mumbai,Rajasthan / Gujarat
Himachal Pradesh,Unknown,2020,October,Sunday,1:59,Minor,5,Bus,4,4,Foggy,Village Road,Dry,Dawn,Signs,114,20,Female,Expired,Yes,Intersection,1,1,10,6,3,1,1,1,1,5,4,0,0,6.06,25.42309,78.52089,NH44_Agra_Nagpur,Madhya Pradesh
Assam,Unknown,2022,November,Friday,20:50,Minor,1,Truck,3,0,Stormy,State Highway,Dry,Dark,Signs,111,18,Female,Valid,Yes,Bridge,1,20,11,4,1,4,1,0,1,1,3,0,0,2.12,13.02215,77.59873,NH48_Mumbai_Bangalore,Maharashtra / Karnataka
Mizoram,Unknown,2022,June,Wednesday,6:34,Minor,1,Truck,6,3,Hazy,National Highway,Dry,Dark,Police Checkpost,89,33,Female,Expired,Yes,Bridge,1,6,6,2,0,2,1,0,1,1,6,0,0,5.76,13.05965,80.28331,NH16_Kolkata_Chennai,Odisha / Andhra Pradesh
Tamil Nadu,Coimbatore,2019,January,Friday,5:49,Serious,3,Cycle,10,1,Foggy,Village Road,Under Construction,Dark,,112,62,Male,Expired,Yes,Intersection,2,5,1,4,3,1,2,0,1,3,10,0,0,5.76,27.21734,78.01074,NH44_Delhi_Agra,Uttar Pradesh
Himachal Pradesh,Unknown,2021,November,Thursday,23:58,Serious,5,Pedestrian,9,5,Clear,State Highway,Dry,Dawn,,85,31,Male,,Yes,Bridge,2,23,11,3,1,0,1,1,1,5,9,0,0,9.09,13.81504,74.88687,NH66_West_Coast,Maharashtra / Kerala
Assam,Unknown,2019,July,Tuesday,6:28,Fatal,2,Truck,4,3,Clear,Urban Road,Under Construction,Dawn,,118,63,Male,,No,Straight Road,3,6,7,1,2,0,2,1,0,2,4,0,0,5.76,20.71796,73.12287,NH48_Delhi_Mumbai,Rajasthan / Gujarat
Tripura,Unknown,2022,June,Wednesday,4:57,Serious,5,Car,6,3,Clear,National Highway,Under Construction,Dusk,Signs,60,55,Male,Valid,Yes,Bridge,2,4,6,2,0,0,2,3,1,5,6,0,0,6.36,8.28248,77.21389,NH7_Varanasi_Kanyakumari,MP / Karnataka / TN
Sikkim,Unknown,2021,December,Friday,18:49,Minor,5,Bus,10,5,Clear,National Highway,Dry,Dawn,Signals,36,24,Male,Valid,Yes,Bridge,1,18,12,4,0,0,1,1,1,5,10,0,0,8.79,30.16452,79.08681,NH58_Delhi_Badrinath,Uttarakhand
Chhattisgarh,Unknown,2021,December,Saturday,11:10,Minor,4,Truck,7,1,Rainy,State Highway,Damaged,Dusk,Signals,87,33,Male,Expired,Yes,Curve,1,11,12,5,1,3,0,3,1,4,7,0,0,4.24,24.23726,75.85417,NH27_East_West,Rajasthan / MP / UP
Kerala,Unknown,2021,February,Tuesday,17:7,Serious,2,Cycle,7,2,Rainy,National Highway,Damaged,Daylight,Signs,93,43,Male,Expired,No,Bridge,2,17,2,1,0,3,0,2,0,2,7,0,0,5.15,23.86931,81.18269,NH7_Varanasi_Kanyakumari,MP / Karnataka / TN
Uttar Pradesh,Varanasi,2018,July,Tuesday,19:59,Minor,4,Cycle,4,5,Hazy,Village Road,Damaged,Dawn,Police Checkpost,82,31,Male,,Yes,Straight Road,1,19,7,1,3,2,0,1,1,4,4,0,0,6.97,27.79755,77.40924,NH44_Delhi_Agra,Uttar Pradesh
Mizoram,Unknown,2021,December,Monday,16:19,Fatal,4,Cycle,10,0,Foggy,Village Road,Under Construction,Dusk,Signs,63,31,Female,Valid,Yes,Intersection,3,16,12,0,3,1,2,3,1,4,10,0,0,5.45,16.65024,73.78326,NH66_West_Coast,Maharashtra / Kerala
Tamil Nadu,Coimbatore,2020,July,Tuesday,11:50,Fatal,2,Two-Wheeler,5,1,Stormy,State Highway,Dry,Dawn,Signals,46,18,Female,Expired,Yes,Bridge,3,11,7,1,1,4,1,1,1,2,5,0,0,4.85,17.07125,77.2073,NH9_Pune_Hyderabad,Maharashtra / Telangana
Haryana,Unknown,2020,May,Thursday,16:24,Serious,2,Pedestrian,0,0,Stormy,State Highway,Damaged,Dawn,Signs,82,56,Male,Expired,Yes,Intersection,2,16,5,3,1,4,0,1,1,2,0,0,0,1.82,27.61022,77.61401,NH44_Delhi_Agra,Uttar Pradesh
Telangana,Unknown,2022,July,Friday,20:32,Fatal,5,Auto-Rickshaw,3,0,Hazy,National Highway,Under Construction,Dark,Police Checkpost,77,53,Female,Expired,No,Bridge,3,20,7,4,0,2,2,0,0,5,3,0,0,2.73,32.92828,75.07297,NH44_North,Jammu & Kashmir
Tamil Nadu,Chennai,2020,April,Friday,11:13,Minor,1,Auto-Rickshaw,3,3,Foggy,Urban Road,Under Construction,Daylight,Police Checkpost,99,31,Male,Expired,Yes,Curve,1,11,4,4,2,1,2,2,1,1,3,0,0,4.85,32.19854,77.11601,NH22_Shimla_Manali,Himachal Pradesh
Uttar Pradesh,Kanpur,2021,December,Friday,0:34,Minor,2,Truck,5,1,Clear,Urban Road,Under Construction,Daylight,Signs,112,31,Female,,No,Curve,1,0,12,4,2,0,2,2,0,2,5,0,0,3.03,33.37695,75.27881,NH44_North,Jammu & Kashmir
Gujarat,Surat,2018,March,Friday,7:15,Minor,1,Two-Wheeler,4,0,Clear,Village Road,Under Construction,Daylight,,70,30,Female,Valid,No,Intersection,1,7,3,4,3,0,2,2,0,1,4,0,0,1.82,21.15101,79.05541,NH44_Nagpur_Hyderabad,Telangana
Jharkhand,Unknown,2022,August,Sunday,18:5,Minor,3,Auto-Rickshaw,6,4,Stormy,State Highway,Under Construction,Dusk,Police Checkpost,105,22,Male,Valid,Yes,Straight Road,1,18,8,6,1,4,2,3,1,3,6,0,0,6.67,22.77411,88.59321,NH52_Barasat_Guwahati,West Bengal / Assam
Punjab,Unknown,2023,July,Friday,22:17,Fatal,3,Pedestrian,7,3,Stormy,State Highway,Damaged,Dusk,Police Checkpost,78,57,Female,Expired,Yes,Bridge,3,22,7,4,1,4,0,3,1,3,7,0,0,7.27,26.98099,78.17851,NH44_Delhi_Agra,Uttar Pradesh
Uttar Pradesh,Kanpur,2020,June,Wednesday,1:17,Serious,2,Bus,10,5,Rainy,Village Road,Damaged,Dusk,,101,50,Female,,Yes,Curve,2,1,6,2,3,3,0,3,1,2,10,0,0,9.39,17.97882,73.7163,NH48_Mumbai_Bangalore,Maharashtra / Karnataka
Haryana,Unknown,2022,February,Wednesday,1:11,Fatal,5,Auto-Rickshaw,4,5,Clear,National Highway,Under Construction,Daylight,,52,67,Male,,Yes,Bridge,3,1,2,2,0,0,2,2,1,5,4,0,0,8.18,21.7137,79.13707,NH44_Agra_Nagpur,Madhya Pradesh
Puducherry,Unknown,2018,April,Thursday,0:41,Serious,2,Cycle,5,5,Clear,National Highway,Damaged,Dark,Signs,96,46,Female,,No,Bridge,2,0,4,3,0,0,0,0,0,2,5,0,0,7.27,18.71871,78.37721,NH44_Nagpur_Hyderabad,Telangana
Delhi,Dwarka,2021,June,Sunday,14:29,Fatal,4,Two-Wheeler,9,5,Rainy,Urban Road,Under Construction,Dusk,,100,51,Female,,Yes,Intersection,3,14,6,6,2,3,2,3,1,4,9,0,0,9.7,14.25342,76.29746,NH44_Hyderabad_Bangalore,Karnataka
Telangana,Unknown,2021,June,Friday,4:8,Minor,3,Auto-Rickshaw,0,4,Stormy,National Highway,Damaged,Dusk,Police Checkpost,97,21,Male,Valid,Yes,Bridge,1,4,6,4,0,4,0,3,1,3,0,0,0,4.85,27.18283,77.91629,NH44_Delhi_Agra,Uttar Pradesh
Jharkhand,Unknown,2023,May,Tuesday,5:34,Serious,3,Truck,7,1,Hazy,Urban Road,Dry,Dawn,Signs,64,50,Female,,No,Straight Road,2,5,5,1,2,2,1,1,0,3,7,0,0,4.24,34.01616,74.7348,NH44_North,Jammu & Kashmir
Kerala,Unknown,2018,May,Monday,1:7,Minor,4,Auto-Rickshaw,9,5,Rainy,Village Road,Under Construction,Daylight,Police Checkpost,88,50,Female,,Yes,Curve,1,1,5,0,3,3,2,2,1,4,9,0,0,8.48,27.06426,78.15169,NH44_Delhi_Agra,Uttar Pradesh
Tripura,Unknown,2021,August,Friday,18:55,Fatal,4,Cycle,0,2,Stormy,National Highway,Damaged,Dawn,Signals,97,44,Male,,No,Curve,3,18,8,4,0,4,0,1,0,4,0,0,0,3.64,28.55347,77.15979,NH44_Delhi_Agra,Uttar Pradesh
Puducherry,Unknown,2023,February,Sunday,12:6,Minor,4,Bus,8,4,Hazy,Village Road,Wet,Dawn,Signals,60,67,Female,Expired,No,Bridge,1,12,2,6,3,2,3,1,0,4,8,0,0,6.67,22.30971,72.29389,NH48_Delhi_Mumbai,Rajasthan / Gujarat
Telangana,Unknown,2019,May,Sunday,23:37,Minor,5,Car,9,3,Stormy,National Highway,Dry,Daylight,,56,18,Male,Valid,No,Curve,1,23,5,6,0,4,1,2,0,5,9,0,0,6.06,8.16898,77.18314,NH7_Varanasi_Kanyakumari,MP / Karnataka / TN
Goa,Unknown,2018,October,Wednesday,21:52,Fatal,5,Two-Wheeler,4,5,Foggy,State Highway,Under Construction,Dusk,Signs,77,25,Male,Expired,No,Curve,3,21,10,2,1,1,2,3,0,5,4,0,0,7.58,13.83842,74.83137,NH66_West_Coast,Maharashtra / Kerala
Kerala,Unknown,2018,September,Friday,9:7,Serious,1,Car,8,3,Rainy,State Highway,Damaged,Dark,Signals,99,27,Female,Valid,Yes,Curve,2,9,9,4,1,3,0,0,1,1,8,0,0,6.97,20.70981,81.93776,NH30_Patna_Visakhapatnam,Chhattisgarh
Bihar,Unknown,2022,March,Thursday,22:8,Fatal,2,Pedestrian,1,5,Foggy,State Highway,Under Construction,Dawn,Signs,110,54,Male,,No,Straight Road,3,22,3,3,1,1,2,1,0,2,1,0,0,6.67,31.17092,77.2362,NH22_Shimla_Manali,Himachal Pradesh
Maharashtra,Mumbai,2019,October,Thursday,19:1,Serious,2,Cycle,3,5,Stormy,Urban Road,Under Construction,Dark,Signals,41,35,Female,Expired,No,Bridge,2,19,10,3,2,4,2,0,0,2,3,0,0,6.67,24.80912,77.28568,NH27_East_West,Rajasthan / MP / UP
Haryana,Unknown,2023,February,Monday,8:12,Serious,1,Auto-Rickshaw,3,5,Clear,Urban Road,Wet,Dark,Police Checkpost,80,63,Female,Valid,Yes,Bridge,2,8,2,0,2,0,3,0,1,1,3,0,0,7.27,24.84529,91.94211,NH27_East_West,Rajasthan / MP / UP
Rajasthan,Jodhpur,2023,April,Tuesday,5:53,Fatal,4,Pedestrian,10,4,Stormy,Urban Road,Under Construction,Dawn,Signs,103,20,Female,Valid,Yes,Bridge,3,5,4,1,2,4,2,1,1,4,10,0,0,9.09,23.38606,79.35847,NH44_Agra_Nagpur,Madhya Pradesh
Goa,Unknown,2018,October,Wednesday,18:9,Serious,2,Bus,9,5,Clear,Village Road,Dry,Dawn,Signals,46,26,Male,Expired,No,Straight Road,2,18,10,2,3,0,1,1,0,2,9,0,0,8.48,17.29321,76.28777,NH9_Pune_Hyderabad,Maharashtra / Telangana
Assam,Unknown,2020,May,Monday,3:21,Serious,3,Auto-Rickshaw,2,3,Foggy,Urban Road,Under Construction,Daylight,,85,68,Female,,No,Straight Road,2,3,5,0,2,1,2,2,0,3,2,0,0,4.55,25.36132,82.9817,NH19_Delhi_Kolkata,Uttar Pradesh / Bihar
Madhya Pradesh,Unknown,2023,November,Monday,1:19,Fatal,1,Pedestrian,8,4,Foggy,Urban Road,Under Construction,Dark,Signals,71,54,Male,,No,Bridge,3,1,11,0,2,1,2,0,0,1,8,0,0,7.88,21.14267,79.05589,NH44_Nagpur_Hyderabad,Telangana
Arunachal Pradesh,Unknown,2021,April,Thursday,7:30,Fatal,5,Pedestrian,5,1,Stormy,Urban Road,Damaged,Daylight,,116,37,Male,Valid,Yes,Intersection,3,7,4,3,2,4,0,2,1,5,5,0,0,4.85,22.33833,72.22341,NH48_Delhi_Mumbai,Rajasthan / Gujarat
Sikkim,Unknown,2018,August,Thursday,8:26,Minor,4,Auto-Rickshaw,3,1,Clear,Village Road,Wet,Dark,,48,29,Female,Valid,Yes,Bridge,1,8,8,3,3,0,3,0,1,4,3,0,0,3.03,23.40109,79.34326,NH44_Agra_Nagpur,Madhya Pradesh
Uttar Pradesh,Lucknow,2018,September,Friday,16:25,Serious,1,Pedestrian,0,4,Foggy,Urban Road,Damaged,Dark,Signs,107,60,Male,Expired,Yes,Straight Road,2,16,9,4,2,1,0,0,1,1,0,0,0,5.45,13.67339,79.44821,NH16_Kolkata_Chennai,Odisha / Andhra Pradesh
Manipur,Unknown,2019,June,Sunday,4:38,Minor,5,Truck,1,0,Stormy,National Highway,Dry,Dusk,,114,22,Female,Expired,No,Curve,1,4,6,6,0,4,1,3,0,5,1,0,0,0.91,15.39929,74.9716,NH48_Mumbai_Bangalore,Maharashtra / Karnataka
Sikkim,Unknown,2023,June,Friday,0:11,Minor,5,Cycle,4,5,Foggy,State Highway,Wet,Daylight,Police Checkpost,43,55,Male,,No,Curve,1,0,6,4,1,1,3,2,0,5,4,0,0,6.36,26.92679,75.76435,NH48_Delhi_Mumbai,Rajasthan / Gujarat
Haryana,Unknown,2022,May,Friday,23:48,Minor,5,Pedestrian,8,3,Foggy,State Highway,Wet,Dawn,Signs,96,39,Female,Valid,Yes,Intersection,1,23,5,4,1,1,3,1,1,5,8,0,0,6.36,24.64982,79.01978,NH44_Agra_Nagpur,Madhya Pradesh
Maharashtra,Mumbai,2018,April,Friday,17:55,Fatal,5,Truck,1,2,Stormy,National Highway,Dry,Dark,Signals,85,31,Female,Expired,No,Curve,3,17,4,4,0,4,1,0,0,5,1,0,0,3.94,17.36939,73.4986,NH48_Mumbai_Bangalore,Maharashtra / Karnataka
Chandigarh,Unknown,2020,November,Wednesday,14:36,Serious,5,Car,6,5,Hazy,National Highway,Damaged,Dawn,Police Checkpost,102,44,Female,,No,Curve,2,14,11,2,0,2,0,1,0,5,6,0,0,7.58,15.43295,75.03122,NH48_Mumbai_Bangalore,Maharashtra / Karnataka
Haryana,Unknown,2022,August,Monday,10:14,Fatal,1,Cycle,3,1,Rainy,National Highway,Damaged,Dark,Signs,62,29,Female,Expired,No,Straight Road,3,10,8,0,0,3,0,0,0,1,3,0,0,3.64,21.44034,82.3994,NH30_Patna_Visakhapatnam,Chhattisgarh
Jammu and Kashmir,Unknown,2021,October,Thursday,8:3,Serious,1,Pedestrian,10,4,Foggy,Village Road,Under Construction,Dawn,Signs,59,38,Male,,No,Straight Road,2,8,10,3,3,1,2,1,0,1,10,0,0,7.88,17.21405,76.17323,NH9_Pune_Hyderabad,Maharashtra / Telangana
Chandigarh,Unknown,2022,May,Thursday,0:21,Serious,4,Auto-Rickshaw,9,1,Stormy,National Highway,Wet,Dusk,Signs,106,29,Female,Expired,Yes,Bridge,2,0,5,3,0,4,3,3,1,4,9,0,0,5.45,24.62408,79.03295,NH44_Agra_Nagpur,Madhya Pradesh
Kerala,Unknown,2018,August,Wednesday,5:45,Serious,4,Bus,0,3,Foggy,Urban Road,Under Construction,Dawn,Signals,82,35,Male,Valid,Yes,Bridge,2,5,8,2,2,1,2,1,1,4,0,0,0,4.55,21.77786,79.14246,NH44_Agra_Nagpur,Madhya Pradesh
Tripura,Unknown,2021,February,Monday,15:6,Serious,3,Auto-Rickshaw,7,4,Hazy,State Highway,Damaged,Dark,Signs,75,68,Male,,No,Curve,2,15,2,0,1,2,0,0,0,3,7,0,0,6.97,25.27609,83.0053,NH19_Delhi_Kolkata,Uttar Pradesh / Bihar
Tamil Nadu,Madurai,2018,May,Wednesday,11:22,Minor,3,Cycle,5,0,Foggy,National Highway,Dry,Dawn,Signs,79,43,Male,Expired,Yes,Straight Road,1,11,5,2,0,1,1,1,1,3,5,0,0,2.73,13.14637,80.26216,NH44_Bangalore_Chennai,Tamil Nadu
Telangana,Unknown,2020,December,Wednesday,12:22,Serious,5,Pedestrian,6,1,Hazy,State Highway,Under Construction,Dusk,Police Checkpost,103,29,Male,Valid,Yes,Bridge,2,12,12,2,1,2,2,3,1,5,6,0,0,4.55,26.1823,78.5259,NH44_Agra_Nagpur,Madhya Pradesh
Punjab,Unknown,2022,March,Sunday,14:3,Fatal,4,Bus,10,2,Stormy,Village Road,Dry,Daylight,Signals,68,61,Female,Valid,No,Curve,3,14,3,6,3,4,1,2,0,4,10,0,0,6.67,15.29919,76.96523,NH44_Hyderabad_Bangalore,Karnataka
Jharkhand,Unknown,2019,February,Tuesday,13:55,Minor,5,Pedestrian,10,5,Clear,Village Road,Wet,Dawn,Signs,100,69,Female,Expired,No,Intersection,1,13,2,1,3,0,3,1,0,5,10,0,0,8.18,28.26521,77.14178,NH44_Delhi_Agra,Uttar Pradesh
Odisha,Unknown,2022,February,Wednesday,10:33,Serious,4,Bus,2,1,Hazy,State Highway,Dry,Dusk,Signs,89,41,Female,Valid,No,Bridge,2,10,2,2,1,2,1,3,0,4,2,0,0,2.73,27.1749,77.94085,NH44_Delhi_Agra,Uttar Pradesh
Delhi,New Delhi,2018,September,Monday,20:24,Serious,5,Two-Wheeler,6,4,Foggy,National Highway,Dry,Dusk,Signals,104,45,Male,Valid,Yes,Intersection,2,20,9,0,0,1,1,3,1,5,6,0,0,7.27,31.14566,77.17231,NH22_Shimla_Manali,Himachal Pradesh
Karnataka,Mysore,2018,December,Friday,10:23,Fatal,3,Pedestrian,5,3,Hazy,State Highway,Under Construction,Dusk,Signs,36,51,Female,Valid,No,Curve,3,10,12,4,1,2,2,3,0,3,5,0,0,6.06,12.37815,78.13719,NH44_Bangalore_Chennai,Tamil Nadu
Maharashtra,Pune,2020,January,Monday,15:33,Minor,2,Cycle,1,0,Stormy,National Highway,Wet,Daylight,Police Checkpost,99,30,Male,Valid,No,Straight Road,1,15,1,0,0,4,3,2,0,2,1,0,0,0.91,13.29385,77.39528,NH48_Mumbai_Bangalore,Maharashtra / Karnataka
Tripura,Unknown,2020,May,Saturday,18:51,Serious,3,Bus,8,1,Clear,National Highway,Damaged,Dusk,,37,60,Female,Expired,Yes,Straight Road,2,18,5,5,0,0,0,3,1,3,8,0,0,5.15,28.63575,77.19757,NH48_Delhi_Mumbai,Rajasthan / Gujarat
Rajasthan,Udaipur,2019,August,Sunday,21:18,Serious,5,Pedestrian,8,4,Hazy,Village Road,Under Construction,Daylight,Signs,87,30,Male,,Yes,Curve,2,21,8,6,3,2,2,2,1,5,8,0,0,7.88,17.73826,83.34512,NH16_Kolkata_Chennai,Odisha / Andhra Pradesh
Maharashtra,Mumbai,2018,June,Tuesday,12:50,Fatal,5,Bus,6,1,Clear,Urban Road,Dry,Daylight,Police Checkpost,120,37,Female,Valid,Yes,Bridge,3,12,6,1,2,0,1,2,1,5,6,0,0,5.15,25.81525,82.19898,NH19_Delhi_Kolkata,Uttar Pradesh / Bihar
Jharkhand,Unknown,2021,September,Monday,9:45,Fatal,1,Pedestrian,4,3,Hazy,National Highway,Under Construction,Dawn,Police Checkpost,46,69,Male,Valid,No,Straight Road,3,9,9,0,0,2,2,1,0,1,4,0,0,5.76,17.32675,73.4321,NH48_Mumbai_Bangalore,Maharashtra / Karnataka
Tamil Nadu,Coimbatore,2021,April,Friday,5:0,Fatal,1,Bus,10,4,Hazy,Village Road,Wet,Dawn,Police Checkpost,104,50,Male,Valid,No,Straight Road,3,5,4,4,3,2,3,1,0,1,10,0,0,8.48,28.17885,76.97463,NH48_Delhi_Mumbai,Rajasthan / Gujarat
Odisha,Unknown,2020,December,Tuesday,2:3,Minor,3,Car,1,2,Hazy,Village Road,Damaged,Dark,Signals,94,64,Female,,No,Bridge,1,2,12,1,3,2,0,0,0,3,1,0,0,2.73,9.91226,77.45761,NH7_Varanasi_Kanyakumari,MP / Karnataka / TN
Jammu and Kashmir,Unknown,2023,March,Wednesday,21:32,Fatal,2,Pedestrian,2,5,Hazy,State Highway,Damaged,Dark,Police Checkpost,111,44,Female,Valid,Yes,Intersection,3,21,3,2,1,2,0,0,1,2,2,0,0,7.58,19.12423,72.88853,NH48_Mumbai_Bangalore,Maharashtra / Karnataka
Assam,Unknown,2022,August,Wednesday,0:38,Minor,3,Two-Wheeler,9,3,Rainy,Village Road,Under Construction,Dusk,,103,60,Female,Valid,No,Intersection,1,0,8,2,3,3,2,3,0,3,9,0,0,6.06,24.80886,82.47063,NH7_Varanasi_Kanyakumari,MP / Karnataka / TN
Mizoram,Unknown,2019,June,Sunday,8:49,Fatal,4,Auto-Rickshaw,3,3,Stormy,Urban Road,Wet,Dusk,Signals,32,67,Male,Valid,Yes,Straight Road,3,8,6,6,2,4,3,3,1,4,3,0,0,6.06,12.94568,77.61615,NH44_Hyderabad_Bangalore,Karnataka
Maharashtra,Pune,2021,January,Sunday,20:12,Fatal,3,Pedestrian,6,3,Hazy,Urban Road,Under Construction,Dark,Signals,97,38,Female,,Yes,Bridge,3,20,1,6,2,2,2,0,1,3,6,0,0,6.97,18.70924,84.23996,NH16_Kolkata_Chennai,Odisha / Andhra Pradesh
Tamil Nadu,Coimbatore,2021,September,Tuesday,5:17,Minor,3,Two-Wheeler,6,2,Rainy,Urban Road,Wet,Dusk,,72,32,Female,Expired,Yes,Bridge,1,5,9,1,2,3,3,3,1,3,6,0,0,4.85,23.91926,81.27605,NH7_Varanasi_Kanyakumari,MP / Karnataka / TN
Karnataka,Mangalore,2019,December,Saturday,23:12,Serious,5,Bus,9,0,Stormy,State Highway,Under Construction,Dawn,Police Checkpost,61,56,Female,,Yes,Straight Road,2,23,12,5,1,4,2,1,1,5,9,0,0,4.55,23.4706,86.1688,NH19_Delhi_Kolkata,Uttar Pradesh / Bihar
Goa,Unknown,2022,December,Friday,8:52,Minor,4,Bus,2,2,Foggy,Village Road,Wet,Dark,Signals,102,50,Female,Expired,Yes,Intersection,1,8,12,4,3,1,3,0,1,4,2,0,0,3.64,26.92753,75.79649,NH48_Delhi_Mumbai,Rajasthan / Gujarat
Andhra Pradesh,Vijayawada,2023,October,Wednesday,15:40,Fatal,1,Car,10,3,Hazy,Urban Road,Damaged,Dusk,,42,68,Male,Expired,No,Intersection,3,15,10,2,2,2,0,3,0,1,10,0,0,7.58,24.86762,83.81876,NH19_Delhi_Kolkata,Uttar Pradesh / Bihar
Maharashtra,Pune,2022,June,Monday,4:7,Fatal,4,Car,1,3,Hazy,Urban Road,Under Construction,Dusk,,104,29,Female,,No,Intersection,3,4,6,0,2,2,2,3,0,4,1,0,0,4.85,13.10416,80.30752,NH16_Kolkata_Chennai,Odisha / Andhra Pradesh
Rajasthan,Jodhpur,2022,December,Monday,11:8,Serious,1,Two-Wheeler,5,0,Rainy,Village Road,Under Construction,Dark,Police Checkpost,115,66,Male,,Yes,Curve,2,11,12,0,3,3,2,0,1,1,5,0,0,3.33,9.88774,77.438,NH7_Varanasi_Kanyakumari,MP / Karnataka / TN
Chandigarh,Unknown,2020,February,Monday,17:26,Minor,5,Car,7,0,Hazy,National Highway,Damaged,Daylight,Signals,74,65,Female,,No,Intersection,1,17,2,0,0,2,0,2,0,5,7,0,0,2.73,26.80349,80.88581,NH19_Delhi_Kolkata,Uttar Pradesh / Bihar
Kerala,Unknown,2021,June,Saturday,18:10,Serious,4,Auto-Rickshaw,0,4,Foggy,Urban Road,Dry,Dusk,Police Checkpost,68,38,Male,Valid,Yes,Bridge,2,18,6,5,2,1,1,3,1,4,0,0,0,5.45,17.94233,74.80715,NH9_Pune_Hyderabad,Maharashtra / Telangana
Kerala,Unknown,2020,February,Monday,2:36,Fatal,2,Two-Wheeler,4,2,Hazy,State Highway,Wet,Dawn,Police Checkpost,117,59,Male,Expired,Yes,Intersection,3,2,2,0,1,2,3,1,1,2,4,0,0,5.45,17.88358,74.88424,NH9_Pune_Hyderabad,Maharashtra / Telangana
Telangana,Unknown,2023,November,Monday,19:20,Fatal,4,Cycle,0,2,Foggy,Urban Road,Dry,Dark,Signals,67,27,Female,,Yes,Intersection,3,19,11,0,2,1,1,0,1,4,0,0,0,4.24,17.65831,83.3355,NH16_Kolkata_Chennai,Odisha / Andhra Pradesh
Odisha,Unknown,2022,August,Wednesday,1:55,Serious,3,Truck,4,0,Foggy,Village Road,Dry,Dusk,Signals,51,30,Female,Valid,No,Straight Road,2,1,8,2,3,1,1,3,0,3,4,0,0,2.42,13.45774,77.46243,NH7_Varanasi_Kanyakumari,MP / Karnataka / TN
Assam,Unknown,2020,December,Friday,1:52,Serious,3,Pedestrian,5,2,Clear,State Highway,Under Construction,Dark,Signals,98,44,Male,,No,Straight Road,2,1,12,4,1,0,2,0,0,3,5,0,0,4.55,32.70157,74.80712,NH44_North,Jammu & Kashmir