State Name,City Name,Year,Month,Day of Week,Time of Day,Accident Severity,Number of Vehicles Involved,Vehicle Type Involved,Number of Casualties,Number of Fatalities,Weather Conditions,Road Type,Road Condition,Lighting Conditions,Traffic Control Presence,Speed Limit (km/h),Driver Age,Driver Gender,Driver License Status,Alcohol Involvement,Accident Location Details,severity,hour,month,day_enc,road_type_enc,weather_enc,road_cond_enc,lighting_enc,alcohol,num_vehicles,num_casualties,junction_enc,cause_enc,risk_score,latitude,longitude,highway,state_region
Nagaland,Unknown,2021,April,Monday,11:47,Fatal,2,Two-Wheeler,3,1,Clear,State Highway,Dry,Daylight,Signs,30,66,Female,Valid,Yes,Straight Road,3,11,4,0,1,0,1,2,1,2,3,0,0,4.24,13.06884,80.32662,NH16_Kolkata_Chennai,Odisha / Andhra Pradesh
Chhattisgarh,Unknown,2023,March,Tuesday,1:36,Minor,1,Auto-Rickshaw,6,1,Hazy,Village Road,Wet,Dawn,Police Checkpost,47,65,Male,Valid,No,Straight Road,1,1,3,1,3,2,3,1,0,1,6,0,0,3.33,11.18867,77.89087,NH7_Varanasi_Kanyakumari,MP / Karnataka / TN
Kerala,Unknown,2021,September,Thursday,11:23,Serious,2,Cycle,9,3,Hazy,State Highway,Wet,Dawn,Signals,77,54,Female,Valid,Yes,Bridge,2,11,9,3,1,2,3,1,1,2,9,0,0,7.27,12.31919,78.06517,NH44_Bangalore_Chennai,Tamil Nadu
Uttar Pradesh,Kanpur,2021,June,Friday,21:50,Minor,1,Cycle,5,4,Clear,Village Road,Wet,Dawn,Police Checkpost,119,58,Male,Expired,Yes,Straight Road,1,21,6,4,3,0,3,1,1,1,5,0,0,6.36,20.57033,78.92043,NH44_Nagpur_Hyderabad,Telangana
Karnataka,Mysore,2020,October,Saturday,0:25,Fatal,3,Truck,9,3,Hazy,State Highway,Damaged,Dark,Signs,76,31,Female,Valid,No,Bridge,3,0,10,5,1,2,0,0,0,3,9,0,0,7.27,24.80769,84.87865,NH30_Patna_Visakhapatnam,Chhattisgarh
Telangana,Unknown,2023,September,Monday,19:51,Fatal,1,Truck,3,5,Foggy,National Highway,Damaged,Dark,,60,63,Male,,Yes,Intersection,3,19,9,0,0,1,0,0,1,1,3,0,0,7.88,24.17284,89.29189,NH52_Barasat_Guwahati,West Bengal / Assam
Punjab,Unknown,2018,September,Saturday,19:22,Serious,1,Truck,0,4,Hazy,State Highway,Damaged,Dark,,114,70,Male,,Yes,Intersection,2,19,9,5,1,2,0,0,1,1,0,0,0,5.45,20.18291,73.50197,NH48_Delhi_Mumbai,Rajasthan / Gujarat
Telangana,Unknown,2021,May,Saturday,14:39,Serious,2,Auto-Rickshaw,1,5,Stormy,National Highway,Damaged,Daylight,,82,22,Female,Valid,Yes,Bridge,2,14,5,5,0,4,0,2,1,2,1,0,0,6.67,13.10374,80.30475,NH44_Bangalore_Chennai,Tamil Nadu
Bihar,Unknown,2019,February,Monday,1:7,Minor,1,Auto-Rickshaw,2,3,Rainy,Village Road,Wet,Dawn,Signs,41,33,Male,,No,Curve,1,1,2,0,3,3,3,1,0,1,2,0,0,3.94,17.40937,78.44705,NH9_Pune_Hyderabad,Maharashtra / Telangana
Uttar Pradesh,Lucknow,2020,September,Saturday,7:21,Serious,5,Pedestrian,9,4,Foggy,National Highway,Damaged,Daylight,,60,70,Male,,Yes,Intersection,2,7,9,5,0,1,0,2,1,5,9,0,0,8.18,12.94653,77.61298,NH48_Mumbai_Bangalore,Maharashtra / Karnataka
Goa,Unknown,2018,April,Thursday,15:33,Fatal,2,Truck,8,2,Clear,Village Road,Under Construction,Daylight,Police Checkpost,75,45,Female,Valid,Yes,Curve,3,15,4,3,3,0,2,2,1,2,8,0,0,6.67,24.17152,73.39494,NH48_Delhi_Mumbai,Rajasthan / Gujarat
Nagaland,Unknown,2022,January,Friday,14:55,Fatal,1,Two-Wheeler,7,5,Clear,Urban Road,Damaged,Dawn,Signals,118,19,Male,,No,Intersection,3,14,1,4,2,0,0,1,0,1,7,0,0,8.48,33.17809,75.61231,NH44_North,Jammu & Kashmir
Tamil Nadu,Madurai,2022,December,Tuesday,5:3,Minor,1,Car,6,4,Stormy,Village Road,Under Construction,Dark,Police Checkpost,102,30,Female,Valid,No,Curve,1,5,12,1,3,4,2,0,0,1,6,0,0,6.06,21.41681,87.21839,NH16_Kolkata_Chennai,Odisha / Andhra Pradesh
Madhya Pradesh,Unknown,2021,March,Friday,9:51,Serious,5,Car,5,0,Foggy,Village Road,Wet,Dark,Signals,92,32,Female,Expired,Yes,Straight Road,2,9,3,4,3,1,3,0,1,5,5,0,0,3.33,32.25127,77.1462,NH22_Shimla_Manali,Himachal Pradesh
Uttarakhand,Unknown,2021,June,Tuesday,9:32,Minor,3,Two-Wheeler,1,4,Foggy,Village Road,Damaged,Dawn,,72,60,Female,,Yes,Curve,1,9,6,1,3,1,0,1,1,3,1,0,0,5.15,20.53677,78.94165,NH44_Nagpur_Hyderabad,Telangana
Meghalaya,Unknown,2018,February,Wednesday,6:21,Minor,4,Cycle,0,3,Stormy,National Highway,Wet,Daylight,Signs,32,39,Male,Expired,No,Intersection,1,6,2,2,0,4,3,2,0,4,0,0,0,3.33,14.86958,74.21802,NH66_West_Coast,Maharashtra / Kerala
Karnataka,Bangalore,2022,July,Thursday,1:47,Fatal,1,Pedestrian,8,4,Rainy,National Highway,Wet,Daylight,Signs,58,20,Female,Expired,Yes,Straight Road,3,1,7,3,0,3,3,2,1,1,8,0,0,8.48,9.86872,77.40291,NH7_Varanasi_Kanyakumari,MP / Karnataka / TN
Madhya Pradesh,Unknown,2021,February,Friday,1:39,Minor,4,Two-Wheeler,0,2,Clear,National Highway,Dry,Dusk,Signs,119,18,Male,Expired,No,Intersection,1,1,2,4,0,0,1,3,0,4,0,0,0,2.42,21.21191,72.82263,NH48_Delhi_Mumbai,Rajasthan / Gujarat
Kerala,Unknown,2018,July,Tuesday,19:12,Fatal,5,Truck,9,3,Clear,National Highway,Dry,Dawn,Signals,38,63,Male,Expired,Yes,Bridge,3,19,7,1,0,0,1,1,1,5,9,0,0,7.88,28.26677,77.81031,NH19_Delhi_Kolkata,Uttar Pradesh / Bihar
Sikkim,Unknown,2023,July,Wednesday,22:21,Fatal,1,Bus,6,4,Hazy,State Highway,Wet,Dark,Signals,60,47,Male,,No,Intersection,3,22,7,2,1,2,3,0,0,1,6,0,0,7.27,17.28954,73.4033,NH48_Mumbai_Bangalore,Maharashtra / Karnataka
Delhi,New Delhi,2023,February,Wednesday,15:29,Serious,3,Cycle,6,1,Hazy,National Highway,Dry,Dawn,Signals,80,54,Female,,No,Intersection,2,15,2,2,0,2,1,1,0,3,6,0,0,3.94,28.34771,77.12557,NH44_Delhi_Agra,Uttar Pradesh
West Bengal,Durgapur,2021,January,Monday,9:39,Fatal,1,Auto-Rickshaw,3,5,Clear,State Highway,Wet,Daylight,Signs,55,48,Female,Valid,No,Curve,3,9,1,0,1,0,3,2,0,1,3,0,0,7.27,17.67358,83.25187,NH30_Patna_Visakhapatnam,Chhattisgarh
Kerala,Unknown,2018,January,Saturday,0:16,Minor,4,Car,7,3,Stormy,Village Road,Dry,Dark,Signals,113,47,Male,,Yes,Curve,1,0,1,5,3,4,1,0,1,4,7,0,0,6.06,20.68713,73.0689,NH48_Delhi_Mumbai,Rajasthan / Gujarat
Uttarakhand,Unknown,2019,August,Thursday,3:52,Minor,3,Truck,6,1,Hazy,State Highway,Wet,Dawn,Police Checkpost,107,20,Female,Valid,No,Intersection,1,3,8,3,1,2,3,1,0,3,6,0,0,3.33,19.42085,81.24665,NH30_Patna_Visakhapatnam,Chhattisgarh
Bihar,Unknown,2018,November,Monday,9:35,Fatal,5,Auto-Rickshaw,7,4,Rainy,Urban Road,Under Construction,Dark,Signs,78,38,Female,Expired,Yes,Curve,3,9,11,0,2,3,2,0,1,5,7,0,0,8.18,27.62781,77.5478,NH44_Delhi_Agra,Uttar Pradesh
Chandigarh,Unknown,2018,March,Tuesday,3:22,Fatal,3,Car,4,3,Rainy,Village Road,Wet,Dark,Signs,69,51,Male,Expired,Yes,Bridge,3,3,3,1,3,3,3,0,1,3,4,0,0,6.36,23.9825,79.12166,NH44_Agra_Nagpur,Madhya Pradesh
Manipur,Unknown,2018,April,Saturday,14:10,Minor,3,Auto-Rickshaw,8,1,Stormy,National Highway,Dry,Dark,Signals,36,18,Female,Expired,No,Intersection,1,14,4,5,0,4,1,0,0,3,8,0,0,3.94,32.75467,74.83448,NH44_North,Jammu & Kashmir
Sikkim,Unknown,2021,July,Thursday,11:7,Serious,3,Truck,0,0,Hazy,National Highway,Dry,Dark,,119,29,Female,Valid,No,Bridge,2,11,7,3,0,2,1,0,0,3,0,0,0,1.21,27.4502,77.71146,NH44_Delhi_Agra,Uttar Pradesh
Odisha,Unknown,2023,November,Thursday,20:5,Minor,5,Pedestrian,7,0,Rainy,State Highway,Dry,Daylight,Signs,79,28,Male,,No,Straight Road,1,20,11,3,1,3,1,2,0,5,7,0,0,2.73,24.56073,78.9399,NH44_Agra_Nagpur,Madhya Pradesh
Sikkim,Unknown,2020,March,Saturday,23:35,Fatal,2,Truck,10,0,Foggy,State Highway,Dry,Dark,,94,47,Female,Expired,No,Curve,3,23,3,5,1,1,1,0,0,2,10,0,0,4.85,24.80826,83.82239,NH19_Delhi_Kolkata,Uttar Pradesh / Bihar
Rajasthan,Jodhpur,2023,September,Monday,3:43,Fatal,5,Bus,9,3,Foggy,Urban Road,Dry,Daylight,Signals,42,19,Male,Expired,Yes,Straight Road,3,3,9,0,2,1,1,2,1,5,9,0,0,7.88,25.44455,78.62241,NH44_Agra_Nagpur,Madhya Pradesh
Uttarakhand,Unknown,2020,August,Saturday,16:24,Minor,5,Cycle,7,2,Hazy,Urban Road,Wet,Daylight,Police Checkpost,83,50,Female,Expired,No,Straight Road,1,16,8,5,2,2,3,2,0,5,7,0,0,4.55,27.42986,77.71389,NH44_Delhi_Agra,Uttar Pradesh
Sikkim,Unknown,2020,July,Saturday,13:31,Serious,5,Auto-Rickshaw,9,0,Clear,Village Road,Dry,Dawn,,76,19,Female,Expired,Yes,Bridge,2,13,7,5,3,0,1,1,1,5,9,0,0,4.55,12.82518,79.87695,NH44_Bangalore_Chennai,Tamil Nadu
Haryana,Unknown,2023,January,Monday,6:45,Minor,5,Bus,10,4,Foggy,Village Road,Under Construction,Dawn,Signals,55,21,Male,,No,Bridge,1,6,1,0,3,1,2,1,0,5,10,0,0,7.27,27.71701,77.56097,NH44_Delhi_Agra,Uttar Pradesh
Jammu and Kashmir,Unknown,2020,December,Sunday,12:27,Serious,1,Pedestrian,7,1,Hazy,State Highway,Damaged,Dawn,Signs,106,42,Female,Valid,Yes,Bridge,2,12,12,6,1,2,0,1,1,1,7,0,0,4.85,12.63588,79.48213,NH44_Bangalore_Chennai,Tamil Nadu
Kerala,Unknown,2018,June,Saturday,0:58,Fatal,1,Truck,5,2,Stormy,Village Road,Damaged,Dark,Police Checkpost,78,30,Male,Expired,No,Intersection,3,0,6,5,3,4,0,0,0,1,5,0,0,5.15,30.19463,79.12607,NH58_Delhi_Badrinath,Uttarakhand
Jharkhand,Unknown,2021,September,Monday,19:37,Fatal,1,Cycle,1,0,Stormy,Urban Road,Dry,Dark,Signals,82,37,Male,Expired,No,Straight Road,3,19,9,0,2,4,1,0,0,1,1,0,0,2.12,22.97327,79.5044,NH44_Agra_Nagpur,Madhya Pradesh
Maharashtra,Mumbai,2022,April,Monday,10:58,Fatal,3,Truck,8,4,Clear,State Highway,Under Construction,Daylight,Signs,40,55,Male,Valid,No,Intersection,3,10,4,0,1,0,2,2,0,3,8,0,0,7.88,12.8052,77.6201,NH44_Bangalore_Chennai,Tamil Nadu
Maharashtra,Pune,2019,May,Friday,2:3,Fatal,3,Auto-Rickshaw,10,2,Foggy,National Highway,Dry,Dawn,Police Checkpost,65,67,Female,,No,Straight Road,3,2,5,4,0,1,1,1,0,3,10,0,0,6.67,15.30979,74.10192,NH66_West_Coast,Maharashtra / Kerala
Chhattisgarh,Unknown,2020,October,Saturday,10:45,Minor,4,Auto-Rickshaw,0,1,Hazy,National Highway,Wet,Dusk,Signals,35,43,Female,Valid,No,Curve,1,10,10,5,0,2,3,3,0,4,0,0,0,1.52,27.38421,77.79952,NH44_Delhi_Agra,Uttar Pradesh
Gujarat,Ahmedabad,2018,January,Thursday,18:2,Fatal,1,Bus,4,2,Rainy,State Highway,Dry,Dusk,Signs,33,19,Male,Expired,Yes,Bridge,3,18,1,3,1,3,1,3,1,1,4,0,0,5.45,18.62626,84.25504,NH16_Kolkata_Chennai,Odisha / Andhra Pradesh
Nagaland,Unknown,2020,August,Sunday,4:53,Fatal,1,Auto-Rickshaw,5,5,Rainy,State Highway,Damaged,Dawn,Police Checkpost,106,28,Female,Expired,No,Straight Road,3,4,8,6,1,3,0,1,0,1,5,0,0,7.88,12.28187,79.24568,NH44_Bangalore_Chennai,Tamil Nadu
Delhi,Rohini,2021,April,Saturday,3:23,Fatal,1,Bus,9,2,Foggy,National Highway,Under Construction,Daylight,,75,54,Female,,Yes,Bridge,3,3,4,5,0,1,2,2,1,1,9,0,0,6.97,27.04286,78.12462,NH44_Delhi_Agra,Uttar Pradesh
Uttarakhand,Unknown,2021,March,Thursday,3:8,Minor,4,Car,4,5,Clear,Village Road,Dry,Dusk,Police Checkpost,97,48,Male,Valid,Yes,Bridge,1,3,3,3,3,0,1,3,1,4,4,0,0,6.97,19.84923,79.42694,NH7_Varanasi_Kanyakumari,MP / Karnataka / TN
Puducherry,Unknown,2018,June,Tuesday,8:30,Minor,2,Pedestrian,10,2,Foggy,National Highway,Damaged,Dark,,49,67,Female,Valid,No,Straight Road,1,8,6,1,0,1,0,0,0,2,10,0,0,5.45,22.92388,83.46629,NH30_Patna_Visakhapatnam,Chhattisgarh
Jammu and Kashmir,Unknown,2019,May,Wednesday,8:43,Fatal,1,Auto-Rickshaw,3,2,Foggy,National Highway,Wet,Daylight,Police Checkpost,51,28,Female,,Yes,Curve,3,8,5,2,0,1,3,2,1,1,3,0,0,5.15,32.01817,77.05357,NH22_Shimla_Manali,Himachal Pradesh
Gujarat,Vadodara,2019,November,Friday,3:46,Minor,4,Cycle,5,1,Clear,Village Road,Dry,Dusk,Signals,116,27,Female,,No,Intersection,1,3,11,4,3,0,1,3,0,4,5,0,0,3.03,27.74064,77.58401,NH44_Delhi_Agra,Uttar Pradesh
Arunachal Pradesh,Unknown,2022,August,Monday,6:21,Serious,4,Pedestrian,0,0,Foggy,Urban Road,Wet,Dusk,Signals,75,37,Female,Expired,No,Straight Road,2,6,8,0,2,1,3,3,0,4,0,0,0,1.21,26.17258,81.45958,NH19_Delhi_Kolkata,Uttar Pradesh / Bihar
Himachal Pradesh,Unknown,2022,May,Monday,9:52,Fatal,4,Car,0,2,Rainy,National Highway,Wet,Daylight,Signs,92,59,Female,Expired,No,Intersection,3,9,5,0,0,3,3,2,0,4,0,0,0,3.64,28.64057,77.20646,NH19_Delhi_Kolkata,Uttar Pradesh / Bihar
Gujarat,Ahmedabad,2022,June,Monday,8:18,Fatal,1,Cycle,1,3,Hazy,Village Road,Dry,Dusk,Signs,102,64,Female,Expired,No,Curve,3,8,6,0,3,2,1,3,0,1,1,0,0,4.85,27.16881,77.96011,NH44_Delhi_Agra,Uttar Pradesh
Uttar Pradesh,Lucknow,2021,December,Sunday,14:14,Minor,4,Two-Wheeler,1,1,Stormy,National Highway,Wet,Dusk,Signals,79,57,Female,Expired,No,Straight Road,1,14,12,6,0,4,3,3,0,4,1,0,0,1.82,27.4128,77.77839,NH44_Delhi_Agra,Uttar Pradesh
Andhra Pradesh,Vijayawada,2019,December,Thursday,19:40,Fatal,4,Truck,2,1,Stormy,Urban Road,Damaged,Dark,Signals,105,60,Male,Expired,No,Curve,3,19,12,3,2,4,0,0,0,4,2,0,0,3.33,32.13239,77.14331,NH22_Shimla_Manali,Himachal Pradesh
Assam,Unknown,2023,January,Tuesday,23:45,Fatal,1,Cycle,6,1,Clear,National Highway,Dry,Dawn,Signs,118,32,Male,Expired,Yes,Bridge,3,23,1,1,0,0,1,1,1,1,6,0,0,5.15,30.75418,79.58787,NH58_Delhi_Badrinath,Uttarakhand
Jammu and Kashmir,Unknown,2021,October,Monday,11:52,Fatal,4,Car,0,3,Hazy,Urban Road,Wet,Dark,Signals,53,22,Male,Expired,Yes,Curve,3,11,10,0,2,2,3,0,1,4,0,0,0,5.15,28.01729,76.8374,NH48_Delhi_Mumbai,Rajasthan / Gujarat
Mizoram,Unknown,2023,June,Thursday,8:19,Minor,4,Two-Wheeler,5,1,Rainy,Urban Road,Under Construction,Dark,Police Checkpost,72,65,Female,Valid,Yes,Curve,1,8,6,3,2,3,2,0,1,4,5,0,0,3.64,27.23945,77.89075,NH44_Delhi_Agra,Uttar Pradesh
Tamil Nadu,Madurai,2018,February,Wednesday,15:38,Serious,2,Truck,4,2,Rainy,State Highway,Damaged,Dark,Signs,66,69,Female,,No,Bridge,2,15,2,2,1,3,0,0,0,2,4,0,0,4.24,28.37109,77.12174,NH44_Delhi_Agra,Uttar Pradesh
Maharashtra,Mumbai,2021,December,Monday,21:47,Serious,3,Two-Wheeler,10,1,Rainy,Urban Road,Wet,Dark,Police Checkpost,100,70,Male,Expired,Yes,Curve,2,21,12,0,2,3,3,0,1,3,10,0,0,5.76,18.29537,80.93398,NH30_Patna_Visakhapatnam,Chhattisgarh
Punjab,Unknown,2019,February,Friday,18:20,Minor,1,Two-Wheeler,6,0,Clear,National Highway,Under Construction,Dusk,Police Checkpost,120,64,Female,Expired,Yes,Intersection,1,18,2,4,0,0,2,3,1,1,6,0,0,3.03,26.14956,86.48748,NH27_East_West,Rajasthan / MP / UP
West Bengal,Durgapur,2022,May,Sunday,15:52,Fatal,1,Pedestrian,10,3,Hazy,State Highway,Wet,Dawn,Signs,111,47,Female,Expired,Yes,Bridge,3,15,5,6,1,2,3,1,1,1,10,0,0,8.18,19.81995,85.42415,NH16_Kolkata_Chennai,Odisha / Andhra Pradesh
Uttar Pradesh,Varanasi,2020,October,Saturday,12:43,Minor,3,Truck,5,0,Foggy,State Highway,Under Construction,Dark,Police Checkpost,105,49,Male,Expired,No,Intersection,1,12,10,5,1,1,2,0,0,3,5,0,0,2.12,30.50483,79.42775,NH58_Delhi_Badrinath,Uttarakhand
Madhya Pradesh,Unknown,2018,March,Thursday,19:14,Serious,2,Two-Wheeler,3,3,Foggy,State Highway,Under Construction,Daylight,,81,18,Female,,No,Bridge,2,19,3,3,1,1,2,2,0,2,3,0,0,4.85,26.12009,91.747,NH52_Barasat_Guwahati,West Bengal / Assam
Andhra Pradesh,Visakhapatnam,2022,October,Friday,5:5,Minor,4,Auto-Rickshaw,1,5,Rainy,National Highway,Under Construction,Dusk,Signs,33,26,Male,Expired,Yes,Bridge,1,5,10,4,0,3,2,3,1,4,1,0,0,6.06,27.15551,77.89714,NH44_Delhi_Agra,Uttar Pradesh
Chhattisgarh,Unknown,2022,September,Friday,17:58,Minor,3,Pedestrian,8,4,Rainy,Village Road,Under Construction,Dark,Signals,67,35,Male,Valid,No,Intersection,1,17,9,4,3,3,2,0,0,3,8,0,0,6.67,12.15876,78.47094,NH44_Bangalore_Chennai,Tamil Nadu
Jharkhand,Unknown,2022,March,Friday,11:58,Serious,4,Cycle,10,5,Rainy,National Highway,Under Construction,Daylight,Signals,84,56,Female,Expired,No,Curve,2,11,3,4,0,3,2,2,0,4,10,0,0,8.79,14.93262,75.18468,NH48_Mumbai_Bangalore,Maharashtra / Karnataka
Sikkim,Unknown,2019,September,Wednesday,12:57,Fatal,2,Car,10,3,Rainy,National Highway,Wet,Daylight,Signals,41,34,Female,Expired,Yes,Intersection,3,12,9,2,0,3,3,2,1,2,10,0,0,8.18,25.1679,74.5857,NH48_Delhi_Mumbai,Rajasthan / Gujarat
Punjab,Unknown,2022,September,Thursday,7:53,Serious,2,Pedestrian,1,3,Rainy,National Highway,Wet,Daylight,Police Checkpost,37,20,Male,,Yes,Curve,2,7,9,3,0,3,3,2,1,2,1,0,0,4.85,34.08497,74.84309,NH44_North,Jammu & Kashmir
West Bengal,Durgapur,2020,February,Tuesday,10:34,Fatal,2,Truck,5,1,Rainy,National Highway,Wet,Dawn,Police Checkpost,108,68,Male,Expired,Yes,Bridge,3,10,2,1,0,3,3,1,1,2,5,0,0,4.85,27.40147,78.28469,NH19_Delhi_Kolkata,Uttar Pradesh / Bihar
West Bengal,Kolkata,2020,January,Saturday,3:34,Serious,2,Truck,0,3,Hazy,Village Road,Under Construction,Dawn,Police Checkpost,48,27,Female,Valid,Yes,Curve,2,3,1,5,3,2,2,1,1,2,0,0,0,4.55,28.65993,77.16105,NH58_Delhi_Badrinath,Uttarakhand
Tripura,Unknown,2019,August,Thursday,23:56,Minor,5,Truck,9,4,Foggy,National Highway,Dry,Dusk,Police Checkpost,73,19,Male,Valid,No,Curve,1,23,8,3,0,1,1,3,0,5,9,0,0,6.97,26.15794,91.78464,NH52_Barasat_Guwahati,West Bengal / Assam
Puducherry,Unknown,2019,October,Wednesday,11:48,Fatal,2,Two-Wheeler,10,5,Clear,State Highway,Dry,Daylight,Police Checkpost,60,70,Female,Valid,No,Bridge,3,11,10,2,1,0,1,2,0,2,10,0,0,9.39,23.63912,73.19584,NH48_Delhi_Mumbai,Rajasthan / Gujarat
Sikkim,Unknown,2019,November,Sunday,22:2,Fatal,1,Bus,3,3,Stormy,Urban Road,Dry,Dusk,,96,35,Male,Valid,Yes,Bridge,3,22,11,6,2,4,1,3,1,1,3,0,0,6.06,23.47132,79.3651,NH44_Agra_Nagpur,Madhya Pradesh
Sikkim,Unknown,2018,July,Friday,11:10,Fatal,5,Auto-Rickshaw,4,5,Foggy,Village Road,Dry,Daylight,Signs,86,27,Female,Valid,No,Bridge,3,11,7,4,3,1,1,2,0,5,4,0,0,7.58,27.70612,77.5433,NH44_Delhi_Agra,Uttar Pradesh
Andhra Pradesh,Tirupati,2023,July,Sunday,16:34,Serious,3,Truck,10,3,Hazy,State Highway,Dry,Dark,Signals,40,27,Male,Expired,Yes,Curve,2,16,7,6,1,2,1,0,1,3,10,0,0,7.58,17.32961,74.0379,NH66_West_Coast,Maharashtra / Kerala
Maharashtra,Nagpur,2023,July,Wednesday,2:5,Minor,3,Auto-Rickshaw,3,2,Rainy,State Highway,Wet,Dark,Police Checkpost,73,44,Male,,No,Curve,1,2,7,2,1,3,3,0,0,3,3,0,0,3.33,17.35226,78.44712,NH7_Varanasi_Kanyakumari,MP / Karnataka / TN
Andhra Pradesh,Visakhapatnam,2018,December,Thursday,10:38,Minor,1,Car,2,5,Clear,State Highway,Damaged,Dark,Signals,88,41,Female,Expired,Yes,Intersection,1,10,12,3,1,0,0,0,1,1,2,0,0,6.36,29.95141,78.88677,NH58_Delhi_Badrinath,Uttarakhand
Meghalaya,Unknown,2023,June,Wednesday,2:16,Fatal,3,Car,6,0,Rainy,Urban Road,Wet,Daylight,Police Checkpost,106,29,Female,Expired,No,Curve,3,2,6,2,2,3,3,2,0,3,6,0,0,3.64,14.16475,76.24307,NH44_Hyderabad_Bangalore,Karnataka
Nagaland,Unknown,2023,March,Monday,2:41,Fatal,1,Pedestrian,5,1,Foggy,State Highway,Dry,Dark,Signs,74,40,Female,Valid,Yes,Straight Road,3,2,3,0,1,1,1,0,1,1,5,0,0,4.85,12.05672,78.46468,NH44_Bangalore_Chennai,Tamil Nadu
Meghalaya,Unknown,2023,March,Monday,7:38,Serious,4,Pedestrian,2,5,Stormy,State Highway,Wet,Dark,Signs,83,59,Female,Expired,No,Bridge,2,7,3,0,1,4,3,0,0,4,2,0,0,6.36,20.61644,78.95404,NH44_Nagpur_Hyderabad,Telangana
Nagaland,Unknown,2020,August,Monday,18:16,Serious,2,Bus,8,4,Clear,National Highway,Dry,Dawn,Signs,54,47,Male,,Yes,Straight Road,2,18,8,0,0,0,1,1,1,2,8,0,0,7.88,26.86664,80.99757,NH27_East_West,Rajasthan / MP / UP
Manipur,Unknown,2023,July,Friday,17:7,Fatal,5,Auto-Rickshaw,10,0,Hazy,Village Road,Wet,Dawn,Police Checkpost,33,27,Female,,No,Curve,3,17,7,4,3,2,3,1,0,5,10,0,0,4.85,25.60687,85.17008,NH30_Patna_Visakhapatnam,Chhattisgarh
Karnataka,Mysore,2023,June,Friday,4:36,Fatal,4,Two-Wheeler,6,2,Clear,Urban Road,Damaged,Dusk,Signs,113,37,Female,Expired,Yes,Intersection,3,4,6,4,2,0,0,3,1,4,6,0,0,6.06,24.24093,89.25898,NH52_Barasat_Guwahati,West Bengal / Assam
Gujarat,Vadodara,2018,January,Saturday,23:43,Fatal,4,Bus,0,4,Foggy,National Highway,Under Construction,Dawn,Signals,101,28,Female,Valid,Yes,Straight Road,3,23,1,5,0,1,2,1,1,4,0,0,0,6.06,16.06415,74.44614,NH48_Mumbai_Bangalore,Maharashtra / Karnataka
Gujarat,Vadodara,2019,March,Monday,2:41,Fatal,1,Bus,10,1,Stormy,Village Road,Under Construction,Dusk,Police Checkpost,89,51,Female,Expired,No,Straight Road,3,2,3,0,3,4,2,3,0,1,10,0,0,5.76,23.04136,72.60723,NH27_East_West,Rajasthan / MP / UP
Arunachal Pradesh,Unknown,2021,December,Wednesday,17:54,Minor,3,Pedestrian,10,5,Hazy,Village Road,Under Construction,Dark,Signals,112,20,Female,,No,Straight Road,1,17,12,2,3,2,2,0,0,3,10,0,0,8.18,22.38068,72.25482,NH48_Delhi_Mumbai,Rajasthan / Gujarat
Uttar Pradesh,Kanpur,2020,October,Saturday,12:34,Fatal,2,Two-Wheeler,0,2,Stormy,Village Road,Under Construction,Dawn,,49,62,Male,,No,Intersection,3,12,10,5,3,4,2,1,0,2,0,0,0,3.64,13.24967,77.43829,NH48_Mumbai_Bangalore,Maharashtra / Karnataka
Meghalaya,Unknown,2023,May,Monday,11:33,Minor,5,Two-Wheeler,4,5,Rainy,Urban Road,Under Construction,Dusk,Signals,30,34,Male,Valid,No,Intersection,1,11,5,0,2,3,2,3,0,5,4,0,0,6.36,20.51797,86.27852,NH16_Kolkata_Chennai,Odisha / Andhra Pradesh
Manipur,Unknown,2022,January,Wednesday,17:30,Serious,5,Auto-Rickshaw,9,5,Stormy,National Highway,Damaged,Dark,Police Checkpost,48,51,Female,,Yes,Curve,2,17,1,2,0,4,0,0,1,5,9,0,0,9.09,22.78492,88.56817,NH52_Barasat_Guwahati,West Bengal / Assam
Andhra Pradesh,Tirupati,2021,November,Saturday,4:53,Fatal,5,Two-Wheeler,1,5,Rainy,Urban Road,Wet,Dawn,Police Checkpost,33,66,Male,Valid,Yes,Curve,3,4,11,5,2,3,3,1,1,5,1,0,0,7.27,26.09445,86.45809,NH27_East_West,Rajasthan / MP / UP
Himachal Pradesh,Unknown,2022,March,Saturday,13:16,Fatal,2,Car,8,5,Clear,National Highway,Wet,Dusk,,32,62,Female,Expired,Yes,Curve,3,13,3,5,0,0,3,3,1,2,8,0,0,9.39,26.79635,78.24279,NH44_Agra_Nagpur,Madhya Pradesh
Punjab,Unknown,2019,February,Friday,1:39,Fatal,4,Two-Wheeler,6,4,Rainy,State Highway,Dry,Dusk,Police Checkpost,112,62,Female,Expired,Yes,Straight Road,3,1,2,4,1,3,1,3,1,4,6,0,0,7.88,28.31655,77.19949,NH44_Delhi_Agra,Uttar Pradesh