State Name,City Name,Year,Month,Day of Week,Time of Day,Accident Severity,Number of Vehicles Involved,Vehicle Type Involved,Number of Casualties,Number of Fatalities,Weather Conditions,Road Type,Road Condition,Lighting Conditions,Traffic Control Presence,Speed Limit (km/h),Driver Age,Driver Gender,Driver License Status,Alcohol Involvement,Accident Location Details,severity,hour,month,day_enc,road_type_enc,weather_enc,road_cond_enc,lighting_enc,alcohol,num_vehicles,num_casualties,junction_enc,cause_enc,risk_score,latitude,longitude,highway,state_region
Uttar Pradesh,Lucknow,2019,February,Monday,21:20,Minor,5,Pedestrian,3,4,Stormy,Village Road,Damaged,Dusk,Police Checkpost,65,21,Female,Expired,Yes,Intersection,1,21,2,0,3,4,0,3,1,5,3,0,0,5.76,28.24229,77.8805,NH19_Delhi_Kolkata,Uttar Pradesh / Bihar
Tamil Nadu,Coimbatore,2022,June,Friday,1:59,Minor,2,Two-Wheeler,10,3,Stormy,State Highway,Under Construction,Dawn,Police Checkpost,49,64,Male,,No,Curve,1,1,6,4,1,4,2,1,0,2,10,0,0,6.36,24.58574,73.69814,NH48_Delhi_Mumbai,Rajasthan / Gujarat
Rajasthan,Udaipur,2023,July,Friday,11:38,Minor,3,Car,0,4,Clear,State Highway,Dry,Dark,Signals,32,25,Male,Expired,Yes,Straight Road,1,11,7,4,1,0,1,0,1,3,0,0,0,4.85,16.95375,78.28232,NH44_Hyderabad_Bangalore,Karnataka
Assam,Unknown,2023,October,Monday,10:13,Fatal,1,Cycle,5,1,Hazy,State Highway,Wet,Dusk,Signs,57,53,Female,Valid,No,Straight Road,3,10,10,0,1,2,3,3,0,1,5,0,0,4.24,19.91387,78.78135,NH44_Nagpur_Hyderabad,Telangana
Karnataka,Bangalore,2022,January,Tuesday,2:8,Fatal,1,Auto-Rickshaw,10,4,Stormy,National Highway,Wet,Dawn,Signs,47,34,Female,Expired,No,Bridge,3,2,1,1,0,4,3,1,0,1,10,0,0,8.48,24.25625,89.20216,NH52_Barasat_Guwahati,West Bengal / Assam
Tamil Nadu,Coimbatore,2019,November,Tuesday,16:20,Minor,1,Bus,9,2,Foggy,Village Road,Under Construction,Dawn,,94,55,Female,Valid,Yes,Straight Road,1,16,11,1,3,1,2,1,1,1,9,0,0,5.76,32.20678,77.12547,NH22_Shimla_Manali,Himachal Pradesh
Madhya Pradesh,Unknown,2023,September,Thursday,18:8,Serious,1,Auto-Rickshaw,5,0,Rainy,National Highway,Under Construction,Dawn,Police Checkpost,115,20,Male,Expired,Yes,Bridge,2,18,9,3,0,3,2,1,1,1,5,0,0,3.33,27.49912,76.52453,NH48_Delhi_Mumbai,Rajasthan / Gujarat
Punjab,Unknown,2018,September,Monday,2:12,Serious,5,Two-Wheeler,0,5,Rainy,National Highway,Under Construction,Dark,,64,53,Male,Valid,Yes,Curve,2,2,9,0,0,3,2,0,1,5,0,0,0,6.36,27.15875,77.97443,NH44_Delhi_Agra,Uttar Pradesh
Uttar Pradesh,Lucknow,2019,February,Monday,11:49,Minor,1,Cycle,9,0,Hazy,National Highway,Under Construction,Dusk,Signs,105,61,Female,Valid,No,Intersection,1,11,2,0,0,2,2,3,0,1,9,0,0,3.33,24.51904,73.68988,NH48_Delhi_Mumbai,Rajasthan / Gujarat
Puducherry,Unknown,2022,August,Wednesday,21:37,Serious,3,Pedestrian,1,1,Rainy,Village Road,Dry,Daylight,Police Checkpost,105,23,Female,Expired,No,Straight Road,2,21,8,2,3,3,1,2,0,3,1,0,0,2.42,20.15134,73.47477,NH48_Delhi_Mumbai,Rajasthan / Gujarat
Rajasthan,Jaipur,2022,February,Friday,21:55,Fatal,3,Truck,4,4,Hazy,Village Road,Wet,Dusk,Signals,39,39,Female,Expired,No,Curve,3,21,2,4,3,2,3,3,0,3,4,0,0,6.67,17.37516,78.47648,NH7_Varanasi_Kanyakumari,MP / Karnataka / TN
Jammu and Kashmir,Unknown,2022,April,Friday,3:43,Minor,1,Two-Wheeler,0,3,Hazy,National Highway,Under Construction,Dark,Police Checkpost,87,69,Female,,No,Intersection,1,3,4,4,0,2,2,0,0,1,0,0,0,3.33,24.5202,73.67261,NH48_Delhi_Mumbai,Rajasthan / Gujarat
Tripura,Unknown,2023,July,Thursday,7:25,Fatal,2,Pedestrian,0,1,Hazy,National Highway,Damaged,Daylight,Signs,95,66,Female,Expired,No,Straight Road,3,7,7,3,0,2,0,2,0,2,0,0,0,2.73,24.94484,89.93586,NH52_Barasat_Guwahati,West Bengal / Assam
Madhya Pradesh,Unknown,2019,December,Thursday,16:58,Fatal,3,Truck,4,3,Hazy,Village Road,Under Construction,Dusk,Signals,41,45,Male,Expired,No,Bridge,3,16,12,3,3,2,2,3,0,3,4,0,0,5.76,12.70157,77.9456,NH44_Bangalore_Chennai,Tamil Nadu
Odisha,Unknown,2020,October,Friday,13:19,Minor,2,Bus,10,4,Rainy,National Highway,Dry,Dawn,Signs,89,25,Female,,Yes,Intersection,1,13,10,4,0,3,1,1,1,2,10,0,0,7.88,15.39528,76.94897,NH44_Hyderabad_Bangalore,Karnataka
Rajasthan,Jaipur,2018,May,Monday,14:18,Minor,4,Bus,1,4,Hazy,National Highway,Wet,Daylight,Police Checkpost,77,70,Female,,Yes,Curve,1,14,5,0,0,2,3,2,1,4,1,0,0,5.15,17.66535,78.62919,NH44_Nagpur_Hyderabad,Telangana
Gujarat,Vadodara,2019,November,Sunday,22:6,Fatal,4,Cycle,7,0,Clear,Urban Road,Damaged,Daylight,Signs,85,24,Male,,No,Straight Road,3,22,11,6,2,0,0,2,0,4,7,0,0,3.94,20.64901,81.84148,NH30_Patna_Visakhapatnam,Chhattisgarh
Maharashtra,Mumbai,2019,July,Tuesday,12:22,Serious,2,Bus,10,5,Hazy,State Highway,Dry,Daylight,Signs,111,60,Female,Expired,No,Bridge,2,12,7,1,1,2,1,2,0,2,10,0,0,8.79,23.40445,86.17712,NH19_Delhi_Kolkata,Uttar Pradesh / Bihar
Gujarat,Vadodara,2020,May,Wednesday,7:10,Fatal,5,Bus,3,5,Stormy,Urban Road,Damaged,Daylight,,86,35,Female,,No,Straight Road,3,7,5,2,2,4,0,2,0,5,3,0,0,7.27,16.59896,73.78742,NH66_West_Coast,Maharashtra / Kerala
Bihar,Unknown,2018,November,Tuesday,0:39,Serious,4,Auto-Rickshaw,4,0,Clear,Village Road,Damaged,Dusk,Signs,82,64,Female,,No,Intersection,2,0,11,1,3,0,0,3,0,4,4,0,0,2.42,28.91579,77.49286,NH58_Delhi_Badrinath,Uttarakhand
Delhi,New Delhi,2022,December,Friday,10:59,Serious,2,Two-Wheeler,6,0,Stormy,State Highway,Wet,Dark,Signals,43,37,Female,Expired,Yes,Curve,2,10,12,4,1,4,3,0,1,2,6,0,0,3.64,11.21132,75.87178,NH66_West_Coast,Maharashtra / Kerala
Manipur,Unknown,2019,February,Sunday,11:27,Fatal,3,Cycle,3,0,Rainy,Village Road,Under Construction,Daylight,Signs,108,24,Female,Expired,Yes,Curve,3,11,2,6,3,3,2,2,1,3,3,0,0,3.33,12.82576,77.71071,NH44_Bangalore_Chennai,Tamil Nadu
Jammu and Kashmir,Unknown,2020,April,Friday,6:31,Fatal,1,Bus,2,0,Rainy,National Highway,Damaged,Dusk,Signals,70,19,Female,Valid,No,Intersection,3,6,4,4,0,3,0,3,0,1,2,0,0,2.42,16.19019,74.41762,NH48_Mumbai_Bangalore,Maharashtra / Karnataka
Madhya Pradesh,Unknown,2019,November,Friday,1:19,Serious,1,Cycle,1,3,Rainy,Village Road,Under Construction,Dark,Signals,64,25,Female,,No,Bridge,2,1,11,4,3,3,2,0,0,1,1,0,0,4.24,12.91594,77.5883,NH48_Mumbai_Bangalore,Maharashtra / Karnataka
West Bengal,Kolkata,2023,July,Wednesday,17:55,Fatal,4,Cycle,2,1,Hazy,Urban Road,Wet,Dusk,Signals,86,20,Female,Expired,Yes,Curve,3,17,7,2,2,2,3,3,1,4,2,0,0,3.94,19.34809,84.75945,NH16_Kolkata_Chennai,Odisha / Andhra Pradesh
Meghalaya,Unknown,2022,January,Monday,23:55,Fatal,4,Truck,10,2,Stormy,National Highway,Wet,Daylight,Police Checkpost,57,34,Male,Expired,No,Straight Road,3,23,1,0,0,4,3,2,0,4,10,0,0,6.67,27.18275,77.98302,NH44_Delhi_Agra,Uttar Pradesh
Manipur,Unknown,2019,March,Friday,4:19,Fatal,3,Cycle,10,5,Stormy,Village Road,Dry,Daylight,Signals,49,63,Male,Valid,Yes,Bridge,3,4,3,4,3,4,1,2,1,3,10,0,0,10.0,24.8514,91.90626,NH27_East_West,Rajasthan / MP / UP
Arunachal Pradesh,Unknown,2021,October,Wednesday,1:28,Minor,1,Bus,5,3,Hazy,State Highway,Dry,Dusk,Signals,78,46,Male,,No,Bridge,1,1,10,2,1,2,1,3,0,1,5,0,0,4.85,26.27327,78.49795,NH44_Agra_Nagpur,Madhya Pradesh
Tripura,Unknown,2023,March,Tuesday,2:43,Serious,1,Truck,6,5,Stormy,National Highway,Dry,Daylight,Signals,71,36,Male,Expired,No,Bridge,2,2,3,1,0,4,1,2,0,1,6,0,0,7.58,24.26444,84.60506,NH19_Delhi_Kolkata,Uttar Pradesh / Bihar
Maharashtra,Pune,2023,October,Wednesday,1:52,Minor,1,Two-Wheeler,5,5,Hazy,Village Road,Wet,Dark,Signals,75,70,Female,,Yes,Intersection,1,1,10,2,3,2,3,0,1,1,5,0,0,7.27,24.83945,77.16986,NH27_East_West,Rajasthan / MP / UP
Mizoram,Unknown,2021,May,Sunday,16:54,Serious,3,Auto-Rickshaw,3,4,Clear,Village Road,Wet,Daylight,,80,60,Male,Expired,Yes,Intersection,2,16,5,6,3,0,3,2,1,3,3,0,0,6.36,15.00139,75.30204,NH48_Mumbai_Bangalore,Maharashtra / Karnataka
Arunachal Pradesh,Unknown,2019,October,Wednesday,11:26,Serious,2,Bus,6,1,Hazy,Urban Road,Wet,Dark,,65,66,Male,,Yes,Straight Road,2,11,10,2,2,2,3,0,1,2,6,0,0,4.55,9.84108,77.44168,NH7_Varanasi_Kanyakumari,MP / Karnataka / TN
Gujarat,Ahmedabad,2019,March,Sunday,3:22,Minor,1,Two-Wheeler,8,2,Stormy,Urban Road,Dry,Dusk,,38,68,Male,Valid,No,Straight Road,1,3,3,6,2,4,1,3,0,1,8,0,0,4.85,25.93131,74.97201,NH48_Delhi_Mumbai,Rajasthan / Gujarat
Assam,Unknown,2022,October,Friday,4:39,Serious,4,Cycle,3,3,Hazy,Village Road,Dry,Dawn,Signs,80,47,Male,Expired,Yes,Straight Road,2,4,10,4,3,2,1,1,1,4,3,0,0,5.45,13.4679,77.4825,NH7_Varanasi_Kanyakumari,MP / Karnataka / TN
Manipur,Unknown,2021,September,Monday,15:1,Minor,2,Auto-Rickshaw,10,2,Foggy,Urban Road,Under Construction,Daylight,Signals,60,23,Male,Valid,Yes,Bridge,1,15,9,0,2,1,2,2,1,2,10,0,0,6.06,25.29925,83.04146,NH7_Varanasi_Kanyakumari,MP / Karnataka / TN
Mizoram,Unknown,2023,July,Tuesday,7:52,Fatal,2,Auto-Rickshaw,6,1,Hazy,Village Road,Wet,Dawn,Signals,103,63,Female,,Yes,Straight Road,3,7,7,1,3,2,3,1,1,2,6,0,0,5.15,22.98632,72.59314,NH27_East_West,Rajasthan / MP / UP
Sikkim,Unknown,2020,February,Monday,20:27,Serious,2,Truck,7,0,Foggy,State Highway,Dry,Dawn,Signals,54,57,Male,Valid,No,Straight Road,2,20,2,0,1,1,1,1,0,2,7,0,0,3.33,21.43121,82.45338,NH30_Patna_Visakhapatnam,Chhattisgarh
Bihar,Unknown,2019,September,Monday,3:23,Serious,5,Bus,10,1,Foggy,Urban Road,Damaged,Dawn,Signals,48,25,Female,Valid,Yes,Intersection,2,3,9,0,2,1,0,1,1,5,10,0,0,5.76,12.98075,77.60343,NH48_Mumbai_Bangalore,Maharashtra / Karnataka
Sikkim,Unknown,2018,November,Wednesday,21:33,Fatal,2,Bus,4,0,Clear,Village Road,Under Construction,Dark,Signs,93,32,Male,Valid,Yes,Curve,3,21,11,2,3,0,2,0,1,2,4,0,0,3.64,33.15475,75.55455,NH44_North,Jammu & Kashmir
Karnataka,Mysore,2023,March,Thursday,1:20,Fatal,1,Bus,8,3,Hazy,National Highway,Dry,Dawn,Police Checkpost,62,20,Male,,Yes,Intersection,3,1,3,3,0,2,1,1,1,1,8,0,0,7.58,24.52482,73.73378,NH48_Delhi_Mumbai,Rajasthan / Gujarat
Sikkim,Unknown,2020,January,Monday,2:56,Serious,2,Pedestrian,4,4,Hazy,National Highway,Dry,Dusk,Police Checkpost,63,63,Male,Valid,No,Intersection,2,2,1,0,0,2,1,3,0,2,4,0,0,6.06,18.2336,80.82487,NH30_Patna_Visakhapatnam,Chhattisgarh
Kerala,Unknown,2022,July,Sunday,9:27,Minor,3,Cycle,8,1,Clear,Urban Road,Wet,Dusk,Signs,96,25,Female,Valid,Yes,Bridge,1,9,7,6,2,0,3,3,1,3,8,0,0,4.55,22.54546,88.38586,NH19_Delhi_Kolkata,Uttar Pradesh / Bihar
West Bengal,Durgapur,2021,November,Saturday,21:54,Fatal,5,Truck,9,1,Hazy,National Highway,Damaged,Dusk,Signs,59,40,Male,,Yes,Straight Road,3,21,11,5,0,2,0,3,1,5,9,0,0,6.06,21.16733,79.07525,NH44_Nagpur_Hyderabad,Telangana
Nagaland,Unknown,2023,October,Thursday,1:25,Fatal,3,Bus,2,1,Stormy,Village Road,Dry,Dawn,Police Checkpost,40,46,Male,,Yes,Intersection,3,1,10,3,3,4,1,1,1,3,2,0,0,3.94,18.29466,74.21069,NH9_Pune_Hyderabad,Maharashtra / Telangana
Chhattisgarh,Unknown,2018,February,Wednesday,18:23,Serious,5,Cycle,8,5,Stormy,National Highway,Wet,Dusk,,30,59,Female,,No,Curve,2,18,2,2,0,4,3,3,0,5,8,0,0,8.18,19.92086,78.81455,NH44_Nagpur_Hyderabad,Telangana
Jammu and Kashmir,Unknown,2023,September,Thursday,21:45,Fatal,3,Auto-Rickshaw,8,3,Foggy,Village Road,Wet,Dawn,,51,44,Female,Valid,No,Straight Road,3,21,9,3,3,1,3,1,0,3,8,0,0,6.97,26.76249,78.20123,NH44_Agra_Nagpur,Madhya Pradesh
Kerala,Unknown,2019,May,Sunday,22:18,Fatal,1,Pedestrian,10,2,Foggy,National Highway,Under Construction,Dark,Signs,60,56,Male,Valid,Yes,Bridge,3,22,5,6,0,1,2,0,1,1,10,0,0,7.27,24.81046,83.81665,NH19_Delhi_Kolkata,Uttar Pradesh / Bihar
Gujarat,Surat,2021,January,Friday,7:24,Serious,2,Auto-Rickshaw,4,5,Rainy,State Highway,Wet,Dusk,Signs,94,48,Female,Expired,Yes,Curve,2,7,1,4,1,3,3,3,1,2,4,0,0,7.58,16.12945,77.24664,NH44_Hyderabad_Bangalore,Karnataka
Goa,Unknown,2018,September,Tuesday,23:14,Fatal,2,Truck,5,4,Stormy,Urban Road,Under Construction,Daylight,Signs,59,42,Male,,No,Bridge,3,23,9,1,2,4,2,2,0,2,5,0,0,6.97,8.16481,77.22411,NH7_Varanasi_Kanyakumari,MP / Karnataka / TN
Gujarat,Vadodara,2023,September,Monday,17:41,Minor,1,Auto-Rickshaw,7,5,Clear,National Highway,Damaged,Dusk,,99,53,Female,Valid,Yes,Curve,1,17,9,0,0,0,0,3,1,1,7,0,0,7.88,20.14707,73.45033,NH48_Delhi_Mumbai,Rajasthan / Gujarat
Bihar,Unknown,2022,September,Tuesday,23:9,Fatal,1,Pedestrian,10,4,Hazy,State Highway,Under Construction,Dark,Police Checkpost,57,56,Female,Valid,Yes,Curve,3,23,9,1,1,2,2,0,1,1,10,0,0,9.09,8.16401,77.29755,NH7_Varanasi_Kanyakumari,MP / Karnataka / TN
Telangana,Unknown,2020,October,Tuesday,8:45,Fatal,5,Car,6,4,Foggy,Urban Road,Damaged,Dark,Signs,117,20,Male,,No,Bridge,3,8,10,1,2,1,0,0,0,5,6,0,0,7.27,23.38819,83.93674,NH30_Patna_Visakhapatnam,Chhattisgarh
Rajasthan,Jodhpur,2019,January,Tuesday,8:8,Minor,5,Pedestrian,1,3,Clear,Urban Road,Dry,Daylight,Police Checkpost,35,30,Male,Valid,Yes,Intersection,1,8,1,1,2,0,1,2,1,5,1,0,0,4.24,22.17706,83.02043,NH30_Patna_Visakhapatnam,Chhattisgarh
Odisha,Unknown,2020,September,Thursday,7:42,Serious,2,Auto-Rickshaw,9,2,Stormy,State Highway,Dry,Daylight,,39,43,Male,,Yes,Bridge,2,7,9,3,1,4,1,2,1,2,9,0,0,6.36,23.87678,81.22185,NH7_Varanasi_Kanyakumari,MP / Karnataka / TN
Jammu and Kashmir,Unknown,2019,October,Thursday,19:16,Minor,2,Pedestrian,9,5,Clear,National Highway,Wet,Dawn,Police Checkpost,35,61,Male,Expired,No,Bridge,1,19,10,3,0,0,3,1,0,2,9,0,0,7.88,32.2479,77.11969,NH22_Shimla_Manali,Himachal Pradesh
Rajasthan,Jodhpur,2020,December,Monday,1:15,Minor,5,Two-Wheeler,2,4,Clear,State Highway,Under Construction,Dusk,Signs,74,26,Male,Expired,No,Curve,1,1,12,0,1,0,2,3,0,5,2,0,0,4.85,21.82868,80.26211,NH7_Varanasi_Kanyakumari,MP / Karnataka / TN
Mizoram,Unknown,2019,January,Tuesday,11:19,Minor,1,Truck,6,1,Stormy,Urban Road,Wet,Daylight,,99,61,Male,,No,Curve,1,11,1,1,2,4,3,2,0,1,6,0,0,3.33,17.88762,74.93325,NH9_Pune_Hyderabad,Maharashtra / Telangana
Uttar Pradesh,Kanpur,2022,February,Sunday,23:41,Serious,4,Truck,3,4,Foggy,Village Road,Damaged,Dawn,Police Checkpost,35,44,Female,Expired,Yes,Curve,2,23,2,6,3,1,0,1,1,4,3,0,0,6.36,8.16453,77.25239,NH7_Varanasi_Kanyakumari,MP / Karnataka / TN
Tamil Nadu,Chennai,2020,September,Wednesday,23:49,Fatal,3,Car,8,1,Hazy,National Highway,Under Construction,Daylight,Signs,47,40,Male,,Yes,Curve,3,23,9,2,0,2,2,2,1,3,8,0,0,5.76,25.88116,90.29151,NH52_Barasat_Guwahati,West Bengal / Assam
Tamil Nadu,Chennai,2020,July,Thursday,16:30,Fatal,3,Auto-Rickshaw,6,1,Foggy,State Highway,Dry,Dark,Signs,119,63,Male,Valid,No,Bridge,3,16,7,3,1,1,1,0,0,3,6,0,0,4.55,30.00583,78.88058,NH58_Delhi_Badrinath,Uttarakhand
Tamil Nadu,Chennai,2021,February,Friday,14:19,Serious,5,Bus,9,2,Rainy,State Highway,Wet,Daylight,Signs,106,46,Female,,No,Intersection,2,14,2,4,1,3,3,2,0,5,9,0,0,5.76,22.31229,72.28992,NH48_Delhi_Mumbai,Rajasthan / Gujarat
Sikkim,Unknown,2020,July,Tuesday,16:20,Serious,5,Pedestrian,7,5,Stormy,National Highway,Wet,Daylight,Police Checkpost,111,63,Female,Expired,No,Curve,2,16,7,1,0,4,3,2,0,5,7,0,0,7.88,17.45892,75.44877,NH9_Pune_Hyderabad,Maharashtra / Telangana
West Bengal,Siliguri,2022,August,Wednesday,11:6,Serious,3,Auto-Rickshaw,7,2,Rainy,Urban Road,Damaged,Daylight,Police Checkpost,80,26,Male,,No,Straight Road,2,11,8,2,2,3,0,2,0,3,7,0,0,5.15,21.14163,79.03616,NH44_Nagpur_Hyderabad,Telangana
Uttar Pradesh,Lucknow,2020,November,Wednesday,18:31,Minor,4,Auto-Rickshaw,1,0,Rainy,State Highway,Dry,Daylight,Police Checkpost,77,19,Male,Expired,Yes,Intersection,1,18,11,2,1,3,1,2,1,4,1,0,0,1.52,17.90883,74.8574,NH9_Pune_Hyderabad,Maharashtra / Telangana
Sikkim,Unknown,2021,November,Tuesday,21:38,Minor,2,Auto-Rickshaw,7,3,Clear,National Highway,Dry,Dark,,50,43,Female,Valid,Yes,Straight Road,1,21,11,1,0,0,1,0,1,2,7,0,0,6.06,33.11003,75.49907,NH44_North,Jammu & Kashmir
West Bengal,Siliguri,2023,April,Sunday,13:2,Serious,1,Bus,10,3,Rainy,Village Road,Damaged,Dusk,Signals,79,45,Female,Expired,No,Intersection,2,13,4,6,3,3,0,3,0,1,10,0,0,6.97,30.48455,79.45495,NH58_Delhi_Badrinath,Uttarakhand
Nagaland,Unknown,2023,October,Tuesday,13:25,Fatal,4,Auto-Rickshaw,9,5,Stormy,Urban Road,Dry,Dark,Police Checkpost,106,31,Male,Expired,Yes,Straight Road,3,13,10,1,2,4,1,0,1,4,9,0,0,9.7,17.41244,75.4236,NH9_Pune_Hyderabad,Maharashtra / Telangana
Haryana,Unknown,2018,December,Friday,6:6,Fatal,5,Two-Wheeler,1,4,Stormy,Village Road,Under Construction,Daylight,Police Checkpost,80,40,Female,,No,Intersection,3,6,12,4,3,4,2,2,0,5,1,0,0,5.76,26.70093,84.25269,NH27_East_West,Rajasthan / MP / UP
Jharkhand,Unknown,2020,March,Friday,23:11,Serious,3,Auto-Rickshaw,10,3,Hazy,State Highway,Wet,Dawn,Signals,48,63,Female,,Yes,Straight Road,2,23,3,4,1,2,3,1,1,3,10,0,0,7.58,19.19428,78.58601,NH44_Nagpur_Hyderabad,Telangana
Bihar,Unknown,2023,January,Sunday,6:1,Minor,4,Bus,6,3,Rainy,Village Road,Dry,Dusk,Signals,107,53,Male,Valid,No,Bridge,1,6,1,6,3,3,1,3,0,4,6,0,0,5.15,15.82967,74.02548,NH66_West_Coast,Maharashtra / Kerala
Telangana,Unknown,2021,September,Sunday,3:21,Serious,5,Cycle,0,2,Rainy,Urban Road,Wet,Dawn,Police Checkpost,49,36,Male,Expired,No,Bridge,2,3,9,6,2,3,3,1,0,5,0,0,0,3.03,23.02512,79.44685,NH44_Agra_Nagpur,Madhya Pradesh
Tripura,Unknown,2020,January,Tuesday,22:38,Minor,5,Car,5,2,Stormy,Village Road,Under Construction,Dawn,,114,25,Male,Expired,Yes,Bridge,1,22,1,1,3,4,2,1,1,5,5,0,0,4.55,12.9195,79.81227,NH44_Bangalore_Chennai,Tamil Nadu
Nagaland,Unknown,2020,June,Saturday,3:47,Minor,1,Truck,7,3,Stormy,Urban Road,Dry,Dawn,Signals,37,24,Female,Valid,No,Bridge,1,3,6,5,2,4,1,1,0,1,7,0,0,5.45,15.40902,76.96154,NH44_Hyderabad_Bangalore,Karnataka
Andhra Pradesh,Vijayawada,2021,April,Tuesday,5:52,Fatal,3,Two-Wheeler,4,0,Clear,State Highway,Damaged,Dawn,Signs,60,31,Female,,No,Straight Road,3,5,4,1,1,0,0,1,0,3,4,0,0,3.03,17.38806,78.50992,NH44_Nagpur_Hyderabad,Telangana
Tamil Nadu,Chennai,2023,August,Sunday,2:37,Fatal,5,Car,9,0,Foggy,Urban Road,Dry,Dawn,Signals,64,66,Female,Expired,No,Bridge,3,2,8,6,2,1,1,1,0,5,9,0,0,4.55,26.96447,75.85571,NH48_Delhi_Mumbai,Rajasthan / Gujarat
Puducherry,Unknown,2021,January,Friday,6:46,Serious,4,Auto-Rickshaw,10,3,Clear,State Highway,Damaged,Dawn,,60,34,Male,,Yes,Intersection,2,6,1,4,1,0,0,1,1,4,10,0,0,7.58,19.00932,72.81817,NH48_Mumbai_Bangalore,Maharashtra / Karnataka
Gujarat,Vadodara,2019,February,Monday,3:2,Serious,5,Auto-Rickshaw,0,0,Hazy,National Highway,Under Construction,Dusk,Signals,40,55,Female,Valid,Yes,Intersection,2,3,2,0,0,2,2,3,1,5,0,0,0,1.82,26.39054,75.27821,NH48_Delhi_Mumbai,Rajasthan / Gujarat
Karnataka,Bangalore,2018,July,Monday,4:2,Fatal,1,Pedestrian,4,0,Clear,Urban Road,Dry,Dusk,,83,70,Female,Expired,No,Bridge,3,4,7,0,2,0,1,3,0,1,4,0,0,3.03,15.48852,77.24953,NH7_Varanasi_Kanyakumari,MP / Karnataka / TN
Puducherry,Unknown,2018,June,Thursday,3:10,Fatal,5,Auto-Rickshaw,5,0,Foggy,Urban Road,Damaged,Daylight,Signals,75,38,Female,Valid,Yes,Curve,3,3,6,3,2,1,0,2,1,5,5,0,0,3.94,28.89371,77.49733,NH58_Delhi_Badrinath,Uttarakhand
Punjab,Unknown,2023,August,Thursday,21:22,Serious,4,Truck,9,2,Stormy,State Highway,Damaged,Daylight,Police Checkpost,106,50,Male,,No,Bridge,2,21,8,3,1,4,0,2,0,4,9,0,0,5.76,24.88631,82.44827,NH7_Varanasi_Kanyakumari,MP / Karnataka / TN
Rajasthan,Udaipur,2022,November,Friday,12:52,Fatal,3,Car,10,0,Hazy,Urban Road,Dry,Dusk,Signs,34,67,Male,Valid,No,Intersection,3,12,11,4,2,2,1,3,0,3,10,0,0,4.85,19.3486,84.8312,NH16_Kolkata_Chennai,Odisha / Andhra Pradesh
Andhra Pradesh,Visakhapatnam,2021,June,Saturday,5:0,Fatal,1,Auto-Rickshaw,6,2,Stormy,Urban Road,Under Construction,Dusk,,56,37,Male,Valid,No,Bridge,3,5,6,5,2,4,2,3,0,1,6,0,0,5.45,22.92069,80.49677,NH7_Varanasi_Kanyakumari,MP / Karnataka / TN
Chhattisgarh,Unknown,2020,September,Tuesday,18:34,Fatal,1,Cycle,1,3,Rainy,State Highway,Under Construction,Daylight,Signals,94,53,Female,Expired,Yes,Straight Road,3,18,9,1,1,3,2,2,1,1,1,0,0,5.45,19.87672,78.79972,NH44_Nagpur_Hyderabad,Telangana
Maharashtra,Nagpur,2022,March,Friday,19:43,Serious,1,Cycle,5,5,Foggy,State Highway,Damaged,Daylight,Signals,49,27,Female,Valid,No,Bridge,2,19,3,4,1,1,0,2,0,1,5,0,0,7.27,26.24545,78.40906,NH44_Agra_Nagpur,Madhya Pradesh
Uttarakhand,Unknown,2020,June,Wednesday,4:56,Serious,3,Car,3,4,Stormy,Village Road,Damaged,Daylight,Signs,49,32,Male,Valid,No,Curve,2,4,6,2,3,4,0,2,0,3,3,0,0,5.76,26.89998,75.81817,NH48_Delhi_Mumbai,Rajasthan / Gujarat
Maharashtra,Pune,2019,December,Thursday,9:14,Minor,2,Auto-Rickshaw,2,2,Clear,National Highway,Damaged,Dark,,87,23,Male,Valid,No,Bridge,1,9,12,3,0,0,0,0,0,2,2,0,0,3.03,19.0903,72.87602,NH48_Delhi_Mumbai,Rajasthan / Gujarat
Assam,Unknown,2020,January,Saturday,18:33,Serious,4,Cycle,5,1,Stormy,State Highway,Wet,Dark,Police Checkpost,106,58,Male,Valid,No,Curve,2,18,1,5,1,4,3,0,0,4,5,0,0,3.64,20.67479,81.90755,NH30_Patna_Visakhapatnam,Chhattisgarh
Karnataka,Mysore,2018,April,Sunday,1:5,Serious,3,Pedestrian,2,3,Stormy,National Highway,Under Construction,Dusk,Signs,83,44,Female,,No,Intersection,2,1,4,6,0,4,2,3,0,3,2,0,0,4.55,18.12284,78.52449,NH44_Nagpur_Hyderabad,Telangana
Goa,Unknown,2022,April,Friday,23:30,Fatal,1,Bus,8,0,Foggy,Village Road,Wet,Dusk,Signs,56,54,Male,Expired,No,Intersection,3,23,4,4,3,1,3,3,0,1,8,0,0,4.24,25.85092,82.26971,NH19_Delhi_Kolkata,Uttar Pradesh / Bihar
Maharashtra,Pune,2020,November,Wednesday,13:23,Serious,2,Two-Wheeler,6,3,Foggy,Urban Road,Damaged,Dawn,Police Checkpost,80,18,Female,,Yes,Bridge,2,13,11,2,2,1,0,1,1,2,6,0,0,6.36,18.17964,78.43369,NH44_Nagpur_Hyderabad,Telangana
Assam,Unknown,2022,September,Monday,6:1,Serious,2,Cycle,4,1,Stormy,State Highway,Dry,Dark,Signals,102,23,Male,Expired,No,Bridge,2,6,9,0,1,4,1,0,0,2,4,0,0,3.33,28.60577,77.23931,NH48_Delhi_Mumbai,Rajasthan / Gujarat