State Name,City Name,Year,Month,Day of Week,Time of Day,Accident Severity,Number of Vehicles Involved,Vehicle Type Involved,Number of Casualties,Number of Fatalities,Weather Conditions,Road Type,Road Condition,Lighting Conditions,Traffic Control Presence,Speed Limit (km/h),Driver Age,Driver Gender,Driver License Status,Alcohol Involvement,Accident Location Details,severity,hour,month,day_enc,road_type_enc,weather_enc,road_cond_enc,lighting_enc,alcohol,num_vehicles,num_casualties,junction_enc,cause_enc,risk_score,latitude,longitude,highway,state_region
Haryana,Unknown,2022,September,Friday,21:24,Fatal,3,Car,0,3,Clear,Village Road,Under Construction,Dusk,Police Checkpost,79,54,Male,Expired,No,Bridge,3,21,9,4,3,0,2,3,0,3,0,0,0,4.55,26.95209,75.74339,NH48_Delhi_Mumbai,Rajasthan / Gujarat
Mizoram,Unknown,2018,March,Wednesday,8:34,Fatal,4,Truck,10,2,Rainy,Urban Road,Dry,Dark,,119,58,Male,Expired,Yes,Bridge,3,8,3,2,2,3,1,0,1,4,10,0,0,7.27,25.87054,90.25836,NH52_Barasat_Guwahati,West Bengal / Assam
Madhya Pradesh,Unknown,2022,July,Sunday,14:16,Serious,3,Bus,9,1,Clear,Village Road,Wet,Dawn,Signals,77,41,Female,Valid,Yes,Intersection,2,14,7,6,3,0,3,1,1,3,9,0,0,5.45,26.8411,80.91761,NH27_East_West,Rajasthan / MP / UP
Goa,Unknown,2021,December,Friday,23:26,Minor,2,Auto-Rickshaw,4,4,Rainy,Village Road,Damaged,Daylight,Signs,120,30,Male,,Yes,Curve,1,23,12,4,3,3,0,2,1,2,4,0,0,6.06,19.91134,78.81595,NH44_Nagpur_Hyderabad,Telangana
West Bengal,Durgapur,2022,February,Friday,4:43,Serious,1,Pedestrian,2,4,Hazy,Village Road,Damaged,Dark,,57,63,Female,,No,Curve,2,4,2,4,3,2,0,0,0,1,2,0,0,5.45,17.93273,73.63268,NH48_Mumbai_Bangalore,Maharashtra / Karnataka
Uttarakhand,Unknown,2022,December,Friday,16:11,Minor,5,Truck,3,4,Stormy,Urban Road,Damaged,Dusk,,67,34,Female,Valid,Yes,Straight Road,1,16,12,4,2,4,0,3,1,5,3,0,0,5.76,31.07538,77.19575,NH22_Shimla_Manali,Himachal Pradesh
Punjab,Unknown,2021,June,Wednesday,0:34,Serious,4,Cycle,5,4,Foggy,Urban Road,Wet,Daylight,Signs,116,66,Male,Valid,No,Curve,2,0,6,2,2,1,3,2,0,4,5,0,0,6.36,26.71777,84.28361,NH27_East_West,Rajasthan / MP / UP
Sikkim,Unknown,2018,March,Monday,2:51,Serious,1,Auto-Rickshaw,0,5,Foggy,State Highway,Dry,Dawn,Police Checkpost,100,60,Male,Valid,Yes,Intersection,2,2,3,0,1,1,1,1,1,1,0,0,0,6.36,13.57989,79.42954,NH16_Kolkata_Chennai,Odisha / Andhra Pradesh
Madhya Pradesh,Unknown,2023,November,Saturday,21:48,Minor,4,Pedestrian,6,3,Clear,Urban Road,Damaged,Daylight,,82,19,Female,Valid,Yes,Intersection,1,21,11,5,2,0,0,2,1,4,6,0,0,5.76,16.47988,80.61672,NH16_Kolkata_Chennai,Odisha / Andhra Pradesh
Haryana,Unknown,2019,September,Thursday,17:16,Minor,1,Pedestrian,3,5,Stormy,Village Road,Wet,Dusk,Police Checkpost,53,36,Male,Expired,No,Bridge,1,17,9,3,3,4,3,3,0,1,3,0,0,6.06,25.42034,89.89213,NH27_East_West,Rajasthan / MP / UP
West Bengal,Durgapur,2023,March,Wednesday,7:22,Fatal,2,Truck,10,4,Stormy,State Highway,Under Construction,Dark,Police Checkpost,115,51,Male,,No,Straight Road,3,7,3,2,1,4,2,0,0,2,10,0,0,8.48,25.29185,82.94401,NH19_Delhi_Kolkata,Uttar Pradesh / Bihar
Delhi,New Delhi,2021,April,Wednesday,1:16,Fatal,4,Two-Wheeler,7,4,Clear,National Highway,Under Construction,Dawn,,119,56,Male,Expired,Yes,Curve,3,1,4,2,0,0,2,1,1,4,7,0,0,8.18,31.46498,77.25555,NH22_Shimla_Manali,Himachal Pradesh
Himachal Pradesh,Unknown,2019,November,Wednesday,2:55,Serious,5,Pedestrian,10,1,Stormy,National Highway,Dry,Dusk,,100,40,Female,,Yes,Straight Road,2,2,11,2,0,4,1,3,1,5,10,0,0,5.76,17.20572,76.16566,NH9_Pune_Hyderabad,Maharashtra / Telangana
Mizoram,Unknown,2021,January,Wednesday,9:6,Minor,2,Auto-Rickshaw,1,1,Foggy,Village Road,Dry,Daylight,Police Checkpost,87,70,Male,,No,Straight Road,1,9,1,2,3,1,1,2,0,2,1,0,0,1.82,12.59711,79.47205,NH44_Bangalore_Chennai,Tamil Nadu
Uttarakhand,Unknown,2018,September,Saturday,4:0,Minor,1,Pedestrian,10,3,Foggy,State Highway,Damaged,Dawn,Signs,70,28,Male,Expired,No,Intersection,1,4,9,5,1,1,0,1,0,1,10,0,0,6.36,27.23775,77.91224,NH44_Delhi_Agra,Uttar Pradesh
Uttarakhand,Unknown,2018,July,Saturday,15:56,Serious,2,Two-Wheeler,5,5,Stormy,National Highway,Under Construction,Daylight,Signals,45,44,Female,Expired,No,Intersection,2,15,7,5,0,4,2,2,0,2,5,0,0,7.27,25.27487,83.01821,NH19_Delhi_Kolkata,Uttar Pradesh / Bihar
Odisha,Unknown,2018,August,Thursday,12:17,Fatal,3,Bus,2,3,Clear,Village Road,Damaged,Daylight,Signs,107,24,Male,,Yes,Intersection,3,12,8,3,3,0,0,2,1,3,2,0,0,5.76,15.90778,80.21692,NH16_Kolkata_Chennai,Odisha / Andhra Pradesh
Punjab,Unknown,2022,September,Thursday,4:24,Fatal,3,Truck,8,1,Stormy,Village Road,Wet,Dusk,Signs,105,35,Female,Expired,Yes,Bridge,3,4,9,3,3,4,3,3,1,3,8,0,0,5.76,32.91048,75.13237,NH44_North,Jammu & Kashmir
Tamil Nadu,Coimbatore,2023,December,Sunday,20:25,Serious,2,Car,3,0,Rainy,Village Road,Damaged,Dawn,Signals,82,67,Female,Valid,No,Straight Road,2,20,12,6,3,3,0,1,0,2,3,0,0,2.12,33.49216,75.09139,NH44_North,Jammu & Kashmir
Manipur,Unknown,2019,August,Friday,15:47,Serious,1,Car,6,3,Clear,Urban Road,Under Construction,Dusk,Signs,57,37,Female,Expired,No,Bridge,2,15,8,4,2,0,2,3,0,1,6,0,0,5.76,12.821,77.64052,NH44_Bangalore_Chennai,Tamil Nadu
Andhra Pradesh,Tirupati,2023,February,Saturday,16:12,Serious,2,Two-Wheeler,6,4,Foggy,Village Road,Dry,Dusk,Signs,39,43,Female,,No,Straight Road,2,16,2,5,3,1,1,3,0,2,6,0,0,6.67,23.46953,73.17616,NH27_East_West,Rajasthan / MP / UP
Manipur,Unknown,2019,February,Saturday,10:26,Fatal,1,Auto-Rickshaw,4,0,Rainy,Village Road,Under Construction,Dark,Signs,37,39,Male,Valid,Yes,Straight Road,3,10,2,5,3,3,2,0,1,1,4,0,0,3.64,19.91155,85.40146,NH16_Kolkata_Chennai,Odisha / Andhra Pradesh
Goa,Unknown,2018,March,Sunday,11:58,Minor,2,Bus,7,0,Clear,National Highway,Wet,Dark,,63,57,Female,Valid,No,Intersection,1,11,3,6,0,0,3,0,0,2,7,0,0,2.73,22.5918,88.40182,NH19_Delhi_Kolkata,Uttar Pradesh / Bihar
Telangana,Unknown,2021,August,Saturday,9:33,Fatal,2,Pedestrian,10,3,Hazy,State Highway,Under Construction,Dusk,Signals,84,40,Male,Valid,Yes,Intersection,3,9,8,5,1,2,2,3,1,2,10,0,0,8.18,23.45844,79.40441,NH44_Agra_Nagpur,Madhya Pradesh
Tamil Nadu,Chennai,2022,June,Saturday,19:22,Serious,4,Pedestrian,2,0,Foggy,State Highway,Dry,Daylight,Signs,119,62,Female,Expired,No,Intersection,2,19,6,5,1,1,1,2,0,4,2,0,0,1.82,24.85853,91.94379,NH27_East_West,Rajasthan / MP / UP
Haryana,Unknown,2019,February,Tuesday,19:59,Serious,3,Bus,1,2,Hazy,National Highway,Dry,Dark,Signs,96,59,Female,Valid,No,Bridge,2,19,2,1,0,2,1,0,0,3,1,0,0,3.33,33.17019,75.55754,NH44_North,Jammu & Kashmir
Gujarat,Surat,2021,March,Sunday,2:11,Minor,5,Auto-Rickshaw,8,0,Clear,Urban Road,Damaged,Dark,Signals,99,63,Male,,Yes,Intersection,1,2,3,6,2,0,0,0,1,5,8,0,0,3.64,28.93545,77.43559,NH58_Delhi_Badrinath,Uttarakhand
Chhattisgarh,Unknown,2021,July,Sunday,2:53,Minor,2,Auto-Rickshaw,2,5,Clear,Urban Road,Dry,Dawn,Police Checkpost,108,56,Female,Expired,Yes,Bridge,1,2,7,6,2,0,1,1,1,2,2,0,0,6.36,16.09465,74.42749,NH48_Mumbai_Bangalore,Maharashtra / Karnataka
Delhi,Dwarka,2018,April,Wednesday,6:2,Serious,3,Cycle,3,0,Stormy,Village Road,Wet,Daylight,Signs,61,63,Female,Expired,Yes,Straight Road,2,6,4,2,3,4,3,2,1,3,3,0,0,2.73,9.40905,77.18481,NH66_West_Coast,Maharashtra / Kerala
Puducherry,Unknown,2023,March,Wednesday,15:21,Serious,1,Truck,5,1,Clear,Urban Road,Wet,Daylight,Signs,54,32,Female,Expired,No,Intersection,2,15,3,2,2,0,3,2,0,1,5,0,0,3.64,25.73363,82.19725,NH19_Delhi_Kolkata,Uttar Pradesh / Bihar
Uttarakhand,Unknown,2022,October,Friday,15:25,Minor,5,Car,5,0,Stormy,Urban Road,Dry,Dusk,Signs,70,57,Female,,No,Curve,1,15,10,4,2,4,1,3,0,5,5,0,0,2.12,19.008,72.89118,NH48_Delhi_Mumbai,Rajasthan / Gujarat
Assam,Unknown,2021,June,Tuesday,8:7,Minor,4,Two-Wheeler,4,3,Stormy,National Highway,Wet,Dusk,Signals,87,50,Female,Valid,No,Curve,1,8,6,1,0,4,3,3,0,4,4,0,0,4.55,22.28325,70.20862,NH27_East_West,Rajasthan / MP / UP
Nagaland,Unknown,2022,December,Thursday,1:48,Minor,5,Truck,10,3,Foggy,Village Road,Under Construction,Dawn,Signals,58,51,Male,Valid,Yes,Curve,1,1,12,3,3,1,2,1,1,5,10,0,0,6.97,24.84562,83.86731,NH19_Delhi_Kolkata,Uttar Pradesh / Bihar
Sikkim,Unknown,2020,February,Monday,21:6,Minor,5,Car,5,4,Rainy,Village Road,Wet,Dark,,70,28,Female,Expired,No,Curve,1,21,2,0,3,3,3,0,0,5,5,0,0,5.76,24.10623,73.50798,NH48_Delhi_Mumbai,Rajasthan / Gujarat
Delhi,Dwarka,2019,September,Tuesday,17:14,Minor,3,Truck,7,5,Foggy,Urban Road,Dry,Dusk,Police Checkpost,50,32,Female,Valid,No,Straight Road,1,17,9,1,2,1,1,3,0,3,7,0,0,7.27,18.54672,73.78676,NH48_Mumbai_Bangalore,Maharashtra / Karnataka
Assam,Unknown,2020,December,Sunday,8:21,Fatal,5,Pedestrian,8,1,Hazy,National Highway,Under Construction,Dusk,Signs,51,55,Male,Valid,No,Intersection,3,8,12,6,0,2,2,3,0,5,8,0,0,5.15,17.33907,73.95322,NH66_West_Coast,Maharashtra / Kerala
Gujarat,Surat,2018,January,Tuesday,4:7,Minor,2,Car,2,3,Hazy,State Highway,Under Construction,Dark,Police Checkpost,40,49,Female,,Yes,Straight Road,1,4,1,1,1,2,2,0,1,2,2,0,0,4.55,19.84554,85.50294,NH16_Kolkata_Chennai,Odisha / Andhra Pradesh
Nagaland,Unknown,2019,August,Wednesday,1:10,Serious,2,Auto-Rickshaw,9,2,Foggy,National Highway,Dry,Dusk,Police Checkpost,32,48,Female,,No,Intersection,2,1,8,2,0,1,1,3,0,2,9,0,0,5.76,12.09359,79.04076,NH44_Bangalore_Chennai,Tamil Nadu
Goa,Unknown,2021,January,Friday,0:32,Minor,2,Auto-Rickshaw,4,1,Foggy,State Highway,Dry,Daylight,Signals,107,51,Male,,Yes,Intersection,1,0,1,4,1,1,1,2,1,2,4,0,0,3.33,18.13614,78.47637,NH44_Nagpur_Hyderabad,Telangana
West Bengal,Siliguri,2019,December,Friday,23:13,Minor,4,Two-Wheeler,5,2,Stormy,Village Road,Dry,Dawn,,33,30,Male,,No,Curve,1,23,12,4,3,4,1,1,0,4,5,0,0,3.94,28.58319,77.15383,NH48_Delhi_Mumbai,Rajasthan / Gujarat
Karnataka,Mangalore,2022,October,Monday,3:13,Fatal,3,Cycle,0,1,Stormy,National Highway,Damaged,Dusk,Signals,58,55,Male,Valid,Yes,Bridge,3,3,10,0,0,4,0,3,1,3,0,0,0,3.33,26.96443,78.05409,NH44_Delhi_Agra,Uttar Pradesh
Chandigarh,Unknown,2023,March,Saturday,8:19,Serious,4,Auto-Rickshaw,6,0,Hazy,National Highway,Under Construction,Dusk,Police Checkpost,56,38,Female,Expired,Yes,Straight Road,2,8,3,5,0,2,2,3,1,4,6,0,0,3.64,10.05379,76.83208,NH66_West_Coast,Maharashtra / Kerala
Mizoram,Unknown,2018,November,Wednesday,4:55,Minor,1,Truck,8,3,Stormy,Urban Road,Damaged,Daylight,,116,37,Male,Expired,No,Bridge,1,4,11,2,2,4,0,2,0,1,8,0,0,5.76,27.03127,78.09445,NH44_Delhi_Agra,Uttar Pradesh
Sikkim,Unknown,2020,August,Friday,23:43,Fatal,1,Pedestrian,0,4,Stormy,Village Road,Damaged,Dark,Signs,64,37,Female,,No,Bridge,3,23,8,4,3,4,0,0,0,1,0,0,0,5.45,18.70048,84.24406,NH16_Kolkata_Chennai,Odisha / Andhra Pradesh
Madhya Pradesh,Unknown,2018,July,Monday,23:44,Minor,5,Pedestrian,1,1,Rainy,State Highway,Damaged,Dark,Signals,51,48,Male,,Yes,Curve,1,23,7,0,1,3,0,0,1,5,1,0,0,2.42,25.86588,90.29784,NH52_Barasat_Guwahati,West Bengal / Assam
Karnataka,Mangalore,2020,March,Tuesday,2:36,Fatal,4,Truck,6,4,Rainy,Village Road,Damaged,Daylight,Signs,48,44,Female,,No,Straight Road,3,2,3,1,3,3,0,2,0,4,6,0,0,7.27,18.59731,78.38407,NH44_Nagpur_Hyderabad,Telangana
Rajasthan,Jaipur,2019,July,Saturday,11:14,Fatal,1,Car,5,1,Stormy,National Highway,Wet,Dark,Police Checkpost,71,59,Female,Expired,No,Straight Road,3,11,7,5,0,4,3,0,0,1,5,0,0,4.24,25.31792,83.00191,NH7_Varanasi_Kanyakumari,MP / Karnataka / TN
Puducherry,Unknown,2022,December,Friday,11:9,Serious,5,Pedestrian,10,2,Hazy,National Highway,Wet,Dawn,,43,19,Female,,No,Bridge,2,11,12,4,0,2,3,1,0,5,10,0,0,6.06,28.24852,77.18025,NH44_Delhi_Agra,Uttar Pradesh
Uttar Pradesh,Varanasi,2018,April,Thursday,23:33,Fatal,2,Pedestrian,9,2,Rainy,National Highway,Wet,Dark,Signs,79,35,Female,Valid,No,Straight Road,3,23,4,3,0,3,3,0,0,2,9,0,0,6.36,27.99852,77.25462,NH44_Delhi_Agra,Uttar Pradesh
Sikkim,Unknown,2022,July,Wednesday,22:20,Fatal,4,Bus,6,0,Hazy,State Highway,Wet,Dawn,Police Checkpost,37,23,Male,Valid,No,Curve,3,22,7,2,1,2,3,1,0,4,6,0,0,3.64,22.53262,88.32802,NH16_Kolkata_Chennai,Odisha / Andhra Pradesh
Rajasthan,Jodhpur,2022,November,Sunday,0:51,Serious,4,Pedestrian,1,2,Clear,Village Road,Under Construction,Dusk,Police Checkpost,115,64,Female,Expired,Yes,Straight Road,2,0,11,6,3,0,2,3,1,4,1,0,0,3.94,18.52512,73.83937,NH48_Mumbai_Bangalore,Maharashtra / Karnataka
Karnataka,Bangalore,2023,December,Saturday,15:23,Minor,4,Pedestrian,2,1,Foggy,Urban Road,Damaged,Daylight,Police Checkpost,69,70,Female,Expired,No,Bridge,1,15,12,5,2,1,0,2,0,4,2,0,0,2.12,12.61351,79.42585,NH44_Bangalore_Chennai,Tamil Nadu
Kerala,Unknown,2023,January,Tuesday,12:26,Minor,1,Auto-Rickshaw,2,1,Foggy,Urban Road,Dry,Dusk,Signs,104,50,Male,,No,Bridge,1,12,1,1,2,1,1,3,0,1,2,0,0,2.12,22.39972,72.17722,NH48_Delhi_Mumbai,Rajasthan / Gujarat
Uttarakhand,Unknown,2019,February,Friday,8:8,Fatal,4,Auto-Rickshaw,7,1,Rainy,National Highway,Damaged,Daylight,Police Checkpost,104,35,Male,Expired,Yes,Straight Road,3,8,2,4,0,3,0,2,1,4,7,0,0,5.45,15.48812,77.29895,NH7_Varanasi_Kanyakumari,MP / Karnataka / TN
Rajasthan,Jaipur,2020,December,Wednesday,21:46,Serious,5,Truck,2,0,Foggy,Village Road,Wet,Dusk,Police Checkpost,33,48,Male,Valid,Yes,Curve,2,21,12,2,3,1,3,3,1,5,2,0,0,2.42,25.3826,78.49993,NH44_Agra_Nagpur,Madhya Pradesh
Gujarat,Ahmedabad,2022,November,Friday,19:57,Serious,3,Two-Wheeler,7,3,Hazy,State Highway,Under Construction,Dusk,Police Checkpost,107,27,Female,Expired,Yes,Straight Road,2,19,11,4,1,2,2,3,1,3,7,0,0,6.67,25.91443,90.16873,NH52_Barasat_Guwahati,West Bengal / Assam
Jammu and Kashmir,Unknown,2021,April,Wednesday,2:34,Minor,2,Pedestrian,6,2,Hazy,State Highway,Under Construction,Dawn,Signs,88,23,Female,Valid,Yes,Curve,1,2,4,2,1,2,2,1,1,2,6,0,0,4.85,24.19345,89.20464,NH52_Barasat_Guwahati,West Bengal / Assam
Jammu and Kashmir,Unknown,2019,October,Wednesday,6:29,Minor,1,Pedestrian,9,3,Hazy,Village Road,Wet,Dusk,Signals,65,47,Female,Valid,Yes,Straight Road,1,6,10,2,3,2,3,3,1,1,9,0,0,6.67,24.81217,84.86116,NH30_Patna_Visakhapatnam,Chhattisgarh
Himachal Pradesh,Unknown,2018,April,Friday,1:25,Minor,2,Car,6,2,Rainy,National Highway,Dry,Dusk,Police Checkpost,30,33,Male,Expired,No,Intersection,1,1,4,4,0,3,1,3,0,2,6,0,0,4.24,24.16877,73.39972,NH48_Delhi_Mumbai,Rajasthan / Gujarat
Tripura,Unknown,2018,June,Friday,20:28,Minor,5,Car,3,5,Stormy,Village Road,Damaged,Dawn,Signs,105,56,Male,Expired,No,Intersection,1,20,6,4,3,4,0,1,0,5,3,0,0,6.06,13.66667,79.44225,NH16_Kolkata_Chennai,Odisha / Andhra Pradesh
Jammu and Kashmir,Unknown,2021,April,Thursday,4:55,Fatal,1,Two-Wheeler,5,0,Clear,Urban Road,Dry,Daylight,Signs,85,49,Male,Valid,Yes,Bridge,3,4,4,3,2,0,1,2,1,1,5,0,0,3.94,19.02097,72.87767,NH48_Mumbai_Bangalore,Maharashtra / Karnataka
Goa,Unknown,2023,February,Saturday,15:38,Serious,1,Pedestrian,5,4,Clear,Urban Road,Damaged,Dark,Signals,59,39,Male,Expired,No,Intersection,2,15,2,5,2,0,0,0,0,1,5,0,0,6.36,19.34944,84.83642,NH16_Kolkata_Chennai,Odisha / Andhra Pradesh
Telangana,Unknown,2020,May,Monday,7:2,Serious,3,Bus,0,5,Hazy,State Highway,Dry,Dusk,Police Checkpost,50,38,Female,Valid,Yes,Curve,2,7,5,0,1,2,1,3,1,3,0,0,0,6.36,24.88076,89.85908,NH52_Barasat_Guwahati,West Bengal / Assam
Meghalaya,Unknown,2021,December,Tuesday,3:9,Minor,4,Cycle,8,5,Clear,National Highway,Wet,Dusk,Signs,65,26,Female,,Yes,Intersection,1,3,12,1,0,0,3,3,1,4,8,0,0,8.18,12.82549,77.72606,NH44_Bangalore_Chennai,Tamil Nadu
Punjab,Unknown,2023,December,Saturday,20:27,Fatal,2,Pedestrian,4,5,Rainy,Village Road,Under Construction,Dawn,Signs,54,23,Female,,No,Bridge,3,20,12,5,3,3,2,1,0,2,4,0,0,7.58,28.28605,77.82782,NH19_Delhi_Kolkata,Uttar Pradesh / Bihar
Madhya Pradesh,Unknown,2018,March,Friday,13:34,Serious,4,Two-Wheeler,9,1,Stormy,Village Road,Dry,Dusk,Signals,111,52,Female,Expired,Yes,Straight Road,2,13,3,4,3,4,1,3,1,4,9,0,0,5.45,19.21722,78.52021,NH44_Nagpur_Hyderabad,Telangana
Chhattisgarh,Unknown,2023,July,Tuesday,21:52,Fatal,1,Auto-Rickshaw,2,0,Hazy,Village Road,Dry,Dusk,Signals,118,45,Female,,No,Bridge,3,21,7,1,3,2,1,3,0,1,2,0,0,2.42,22.53732,88.31593,NH16_Kolkata_Chennai,Odisha / Andhra Pradesh
Jharkhand,Unknown,2019,April,Sunday,5:24,Minor,3,Cycle,10,1,Rainy,Urban Road,Dry,Dawn,,38,42,Male,,No,Bridge,1,5,4,6,2,3,1,1,0,3,10,0,0,4.55,21.12221,79.02099,NH7_Varanasi_Kanyakumari,MP / Karnataka / TN
Tamil Nadu,Madurai,2022,April,Friday,10:6,Serious,2,Truck,6,5,Rainy,Urban Road,Damaged,Dawn,Police Checkpost,39,45,Female,,No,Intersection,2,10,4,4,2,3,0,1,0,2,6,0,0,7.58,23.39559,79.3465,NH44_Agra_Nagpur,Madhya Pradesh
Jharkhand,Unknown,2020,October,Wednesday,6:29,Serious,5,Truck,10,0,Stormy,Village Road,Wet,Dusk,Signals,35,21,Male,Valid,No,Straight Road,2,6,10,2,3,4,3,3,0,5,10,0,0,4.24,24.91674,83.87743,NH19_Delhi_Kolkata,Uttar Pradesh / Bihar
Sikkim,Unknown,2022,April,Tuesday,12:28,Minor,2,Car,7,0,Rainy,Village Road,Wet,Dusk,Signs,54,56,Male,,Yes,Curve,1,12,4,1,3,3,3,3,1,2,7,0,0,3.33,26.19856,78.42281,NH44_Agra_Nagpur,Madhya Pradesh
Uttarakhand,Unknown,2023,April,Saturday,2:7,Fatal,2,Pedestrian,7,3,Clear,State Highway,Dry,Dusk,Signs,44,20,Male,Valid,No,Bridge,3,2,4,5,1,0,1,3,0,2,7,0,0,6.67,24.08687,73.44179,NH48_Delhi_Mumbai,Rajasthan / Gujarat
Goa,Unknown,2020,October,Saturday,22:40,Fatal,2,Truck,6,5,Stormy,Urban Road,Wet,Dawn,,110,35,Male,Valid,No,Curve,3,22,10,5,2,4,3,1,0,2,6,0,0,8.18,32.76631,74.8189,NH44_North,Jammu & Kashmir
Himachal Pradesh,Unknown,2022,May,Thursday,19:28,Fatal,1,Pedestrian,5,2,Stormy,National Highway,Wet,Daylight,Signals,65,30,Female,Valid,Yes,Bridge,3,19,5,3,0,4,3,2,1,1,5,0,0,5.76,24.27235,84.58694,NH19_Delhi_Kolkata,Uttar Pradesh / Bihar
Karnataka,Mangalore,2020,February,Thursday,19:57,Serious,5,Truck,4,4,Stormy,Village Road,Dry,Dusk,Police Checkpost,95,40,Male,Valid,Yes,Intersection,2,19,2,3,3,4,1,3,1,5,4,0,0,6.67,23.60536,85.28429,NH19_Delhi_Kolkata,Uttar Pradesh / Bihar
Mizoram,Unknown,2020,April,Monday,12:36,Serious,3,Car,5,0,Stormy,State Highway,Dry,Daylight,,86,42,Male,,No,Bridge,2,12,4,0,1,4,1,2,0,3,5,0,0,2.73,26.29048,81.40061,NH19_Delhi_Kolkata,Uttar Pradesh / Bihar
Jammu and Kashmir,Unknown,2021,October,Wednesday,18:47,Serious,1,Truck,0,5,Stormy,State Highway,Dry,Dusk,Signs,82,69,Male,,No,Straight Road,2,18,10,2,1,4,1,3,0,1,0,0,0,5.76,25.36389,82.97767,NH7_Varanasi_Kanyakumari,MP / Karnataka / TN
Maharashtra,Pune,2022,February,Saturday,12:6,Serious,2,Two-Wheeler,6,4,Clear,Urban Road,Dry,Dawn,Police Checkpost,71,52,Male,Valid,Yes,Bridge,2,12,2,5,2,0,1,1,1,2,6,0,0,7.27,22.26866,79.1149,NH44_Agra_Nagpur,Madhya Pradesh
Bihar,Unknown,2022,February,Tuesday,21:48,Fatal,4,Two-Wheeler,7,2,Foggy,National Highway,Damaged,Dawn,Police Checkpost,48,22,Male,,No,Straight Road,3,21,2,1,0,1,0,1,0,4,7,0,0,5.76,27.0705,78.10719,NH44_Delhi_Agra,Uttar Pradesh
Jharkhand,Unknown,2019,December,Wednesday,10:34,Minor,5,Truck,3,1,Hazy,Urban Road,Wet,Dark,Signs,42,42,Female,Valid,Yes,Straight Road,1,10,12,2,2,2,3,0,1,5,3,0,0,3.03,23.00035,71.28611,NH27_East_West,Rajasthan / MP / UP
West Bengal,Kolkata,2021,June,Wednesday,15:12,Serious,3,Bus,3,1,Rainy,Urban Road,Under Construction,Dusk,Signs,102,40,Female,,No,Bridge,2,15,6,2,2,3,2,3,0,3,3,0,0,3.03,27.74392,77.61009,NH44_Delhi_Agra,Uttar Pradesh
Delhi,New Delhi,2022,February,Tuesday,19:10,Minor,2,Bus,2,1,Clear,National Highway,Under Construction,Dusk,Signs,73,42,Female,,Yes,Intersection,1,19,2,1,0,0,2,3,1,2,2,0,0,2.73,21.47907,87.20407,NH16_Kolkata_Chennai,Odisha / Andhra Pradesh
Uttar Pradesh,Lucknow,2021,November,Thursday,17:19,Minor,1,Bus,4,4,Clear,National Highway,Damaged,Dusk,Signs,98,35,Female,,Yes,Straight Road,1,17,11,3,0,0,0,3,1,1,4,0,0,6.06,19.93456,78.77942,NH44_Nagpur_Hyderabad,Telangana
Goa,Unknown,2019,March,Saturday,19:5,Serious,4,Bus,5,2,Stormy,Urban Road,Damaged,Daylight,,76,20,Female,,No,Straight Road,2,19,3,5,2,4,0,2,0,4,5,0,0,4.55,24.2317,84.23415,NH30_Patna_Visakhapatnam,Chhattisgarh
Andhra Pradesh,Tirupati,2021,June,Tuesday,15:15,Serious,3,Cycle,2,0,Clear,National Highway,Under Construction,Dark,Signals,83,32,Female,Valid,No,Intersection,2,15,6,1,0,0,2,0,0,3,2,0,0,1.82,12.54969,79.48012,NH44_Bangalore_Chennai,Tamil Nadu
Tripura,Unknown,2018,October,Sunday,19:28,Minor,5,Two-Wheeler,1,5,Rainy,National Highway,Dry,Dawn,Signs,76,47,Female,Valid,Yes,Straight Road,1,19,10,6,0,3,1,1,1,5,1,0,0,6.06,25.6622,85.11151,NH30_Patna_Visakhapatnam,Chhattisgarh
Himachal Pradesh,Unknown,2023,July,Tuesday,1:18,Minor,1,Cycle,2,0,Rainy,Urban Road,Under Construction,Daylight,,103,30,Female,Expired,No,Intersection,1,1,7,1,2,3,2,2,0,1,2,0,0,1.21,21.59467,69.5739,NH27_East_West,Rajasthan / MP / UP
Uttarakhand,Unknown,2022,April,Sunday,8:8,Fatal,5,Cycle,4,2,Clear,Village Road,Wet,Daylight,Signals,87,23,Male,Valid,Yes,Intersection,3,8,4,6,3,0,3,2,1,5,4,0,0,5.45,18.71305,78.30327,NH44_Nagpur_Hyderabad,Telangana
Nagaland,Unknown,2020,November,Sunday,7:11,Minor,5,Truck,5,1,Rainy,State Highway,Damaged,Dark,,36,30,Female,Expired,No,Bridge,1,7,11,6,1,3,0,0,0,5,5,0,0,3.03,17.40483,78.53142,NH9_Pune_Hyderabad,Maharashtra / Telangana
Meghalaya,Unknown,2023,October,Wednesday,1:34,Serious,2,Bus,4,3,Rainy,National Highway,Damaged,Daylight,,47,66,Female,Valid,No,Straight Road,2,1,10,2,0,3,0,2,0,2,4,0,0,5.15,27.28586,82.43628,NH27_East_West,Rajasthan / MP / UP