State Name,City Name,Year,Month,Day of Week,Time of Day,Accident Severity,Number of Vehicles Involved,Vehicle Type Involved,Number of Casualties,Number of Fatalities,Weather Conditions,Road Type,Road Condition,Lighting Conditions,Traffic Control Presence,Speed Limit (km/h),Driver Age,Driver Gender,Driver License Status,Alcohol Involvement,Accident Location Details,severity,hour,month,day_enc,road_type_enc,weather_enc,road_cond_enc,lighting_enc,alcohol,num_vehicles,num_casualties,junction_enc,cause_enc,risk_score,latitude,longitude,highway,state_region
Odisha,Unknown,2021,February,Monday,20:5,Minor,5,Truck,5,4,Stormy,Village Road,Dry,Dark,Signs,113,57,Male,Valid,Yes,Straight Road,1,20,2,0,3,4,1,0,1,5,5,0,0,6.36,22.79924,88.47965,NH52_Barasat_Guwahati,West Bengal / Assam
Nagaland,Unknown,2022,March,Friday,20:28,Minor,3,Two-Wheeler,0,0,Foggy,National Highway,Wet,Daylight,Signs,64,37,Female,,No,Intersection,1,20,3,4,0,1,3,2,0,3,0,0,0,0.61,19.21898,78.55388,NH44_Nagpur_Hyderabad,Telangana
Chandigarh,Unknown,2020,September,Thursday,10:57,Fatal,2,Pedestrian,3,3,Foggy,Village Road,Wet,Dark,Signals,113,69,Male,Valid,No,Intersection,3,10,9,3,3,1,3,0,0,2,3,0,0,5.45,22.97131,71.18639,NH27_East_West,Rajasthan / MP / UP
Karnataka,Mysore,2018,January,Saturday,19:34,Serious,1,Two-Wheeler,0,2,Rainy,State Highway,Wet,Daylight,Signals,37,28,Male,Expired,Yes,Intersection,2,19,1,5,1,3,3,2,1,1,0,0,0,3.64,28.29673,76.95163,NH48_Delhi_Mumbai,Rajasthan / Gujarat
Mizoram,Unknown,2019,February,Wednesday,8:12,Fatal,4,Car,3,1,Hazy,State Highway,Wet,Dusk,Signs,80,68,Male,,Yes,Straight Road,3,8,2,2,1,2,3,3,1,4,3,0,0,4.24,22.2836,70.26503,NH27_East_West,Rajasthan / MP / UP
Haryana,Unknown,2018,June,Friday,6:56,Serious,2,Pedestrian,8,5,Rainy,State Highway,Wet,Dawn,Police Checkpost,30,23,Male,,Yes,Intersection,2,6,6,4,1,3,3,1,1,2,8,0,0,8.79,27.45678,77.74155,NH44_Delhi_Agra,Uttar Pradesh
Jammu and Kashmir,Unknown,2023,August,Monday,23:54,Fatal,2,Cycle,10,1,Foggy,State Highway,Dry,Daylight,,94,63,Female,Valid,Yes,Intersection,3,23,8,0,1,1,1,2,1,2,10,0,0,6.36,28.22177,77.8419,NH19_Delhi_Kolkata,Uttar Pradesh / Bihar
Maharashtra,Mumbai,2022,July,Saturday,9:37,Serious,3,Car,10,3,Foggy,Village Road,Dry,Dark,Signs,101,67,Male,,No,Intersection,2,9,7,5,3,1,1,0,0,3,10,0,0,6.97,32.60941,74.97841,NH44_North,Jammu & Kashmir
Kerala,Unknown,2018,September,Tuesday,23:21,Minor,3,Truck,2,4,Stormy,National Highway,Dry,Dusk,Police Checkpost,71,39,Female,Expired,No,Intersection,1,23,9,1,0,4,1,3,0,3,2,0,0,4.85,19.69141,73.19297,NH48_Delhi_Mumbai,Rajasthan / Gujarat
Tripura,Unknown,2019,November,Wednesday,21:54,Minor,4,Bus,0,1,Stormy,State Highway,Dry,Dark,,92,64,Male,Valid,Yes,Bridge,1,21,11,2,1,4,1,0,1,4,0,0,0,2.12,17.49009,75.46048,NH9_Pune_Hyderabad,Maharashtra / Telangana
Kerala,Unknown,2020,December,Thursday,3:43,Minor,5,Bus,1,2,Clear,Urban Road,Wet,Dusk,,97,55,Female,Valid,No,Bridge,1,3,12,3,2,0,3,3,0,5,1,0,0,2.73,25.55196,85.13789,NH30_Patna_Visakhapatnam,Chhattisgarh
Himachal Pradesh,Unknown,2019,July,Thursday,22:25,Serious,4,Pedestrian,2,5,Foggy,Urban Road,Damaged,Dusk,Signs,48,18,Female,Expired,Yes,Curve,2,22,7,3,2,1,0,3,1,4,2,0,0,6.97,13.61246,79.37717,NH16_Kolkata_Chennai,Odisha / Andhra Pradesh
Chandigarh,Unknown,2019,October,Wednesday,0:47,Fatal,3,Auto-Rickshaw,5,2,Stormy,State Highway,Dry,Dark,Signals,112,27,Female,Expired,No,Bridge,3,0,10,2,1,4,1,0,0,3,5,0,0,5.15,34.13411,74.797,NH44_North,Jammu & Kashmir
Punjab,Unknown,2023,July,Tuesday,13:26,Fatal,5,Truck,10,0,Clear,National Highway,Wet,Dusk,Police Checkpost,34,59,Male,Expired,No,Straight Road,3,13,7,1,0,0,3,3,0,5,10,0,0,4.85,23.50635,79.31109,NH44_Agra_Nagpur,Madhya Pradesh
Jharkhand,Unknown,2022,May,Thursday,23:1,Fatal,5,Two-Wheeler,5,0,Hazy,National Highway,Damaged,Dark,,90,52,Female,Valid,Yes,Straight Road,3,23,5,3,0,2,0,0,1,5,5,0,0,3.94,18.65106,78.25344,NH44_Nagpur_Hyderabad,Telangana
Puducherry,Unknown,2018,May,Thursday,19:2,Fatal,2,Car,8,3,Clear,National Highway,Dry,Dusk,,115,28,Female,Valid,Yes,Curve,3,19,5,3,0,0,1,3,1,2,8,0,0,7.58,15.25276,74.15458,NH66_West_Coast,Maharashtra / Kerala
Telangana,Unknown,2023,March,Monday,16:38,Fatal,2,Bus,5,4,Stormy,National Highway,Wet,Dusk,,101,31,Female,Valid,Yes,Curve,3,16,3,0,0,4,3,3,1,2,5,0,0,7.58,18.26397,80.90903,NH30_Patna_Visakhapatnam,Chhattisgarh
Manipur,Unknown,2018,May,Saturday,10:14,Serious,5,Truck,2,2,Foggy,State Highway,Dry,Daylight,,85,52,Female,Valid,No,Bridge,2,10,5,5,1,1,1,2,0,5,2,0,0,3.64,22.31966,79.13354,NH44_Agra_Nagpur,Madhya Pradesh
Mizoram,Unknown,2019,September,Saturday,19:35,Fatal,3,Pedestrian,8,2,Foggy,Urban Road,Wet,Dusk,Signs,49,64,Male,Valid,Yes,Curve,3,19,9,5,2,1,3,3,1,3,8,0,0,6.67,24.53537,79.02174,NH44_Agra_Nagpur,Madhya Pradesh
Mizoram,Unknown,2019,September,Tuesday,6:20,Fatal,3,Two-Wheeler,3,3,Rainy,Urban Road,Dry,Dawn,,94,54,Female,,Yes,Bridge,3,6,9,1,2,3,1,1,1,3,3,0,0,6.06,26.26848,81.47065,NH19_Delhi_Kolkata,Uttar Pradesh / Bihar
Uttarakhand,Unknown,2019,September,Saturday,5:24,Minor,3,Pedestrian,7,3,Clear,Village Road,Dry,Dawn,Signals,48,45,Male,Valid,No,Intersection,1,5,9,5,3,0,1,1,0,3,7,0,0,5.45,19.31307,84.77435,NH16_Kolkata_Chennai,Odisha / Andhra Pradesh
Andhra Pradesh,Tirupati,2020,May,Friday,18:2,Serious,2,Truck,7,1,Hazy,Urban Road,Wet,Dark,Police Checkpost,111,44,Male,,Yes,Intersection,2,18,5,4,2,2,3,0,1,2,7,0,0,4.85,22.16862,83.03626,NH30_Patna_Visakhapatnam,Chhattisgarh
Uttar Pradesh,Lucknow,2023,October,Friday,7:31,Fatal,2,Pedestrian,10,4,Clear,Village Road,Damaged,Dusk,Signals,113,23,Female,Valid,No,Bridge,3,7,10,4,3,0,0,3,0,2,10,0,0,8.48,14.85488,80.01084,NH16_Kolkata_Chennai,Odisha / Andhra Pradesh
Chandigarh,Unknown,2018,July,Thursday,2:51,Fatal,4,Auto-Rickshaw,5,4,Foggy,Urban Road,Under Construction,Daylight,Signs,93,30,Male,,No,Intersection,3,2,7,3,2,1,2,2,0,4,5,0,0,6.97,14.51659,75.65633,NH48_Mumbai_Bangalore,Maharashtra / Karnataka
Jammu and Kashmir,Unknown,2019,August,Wednesday,18:24,Fatal,1,Two-Wheeler,6,5,Stormy,Village Road,Wet,Dawn,Signs,78,54,Female,,Yes,Straight Road,3,18,8,2,3,4,3,1,1,1,6,0,0,8.79,28.03314,77.32453,NH44_Delhi_Agra,Uttar Pradesh
Gujarat,Vadodara,2018,February,Monday,10:59,Serious,3,Two-Wheeler,5,1,Clear,State Highway,Dry,Daylight,Police Checkpost,87,23,Male,Expired,Yes,Curve,2,10,2,0,1,0,1,2,1,3,5,0,0,4.24,23.83998,81.30283,NH7_Varanasi_Kanyakumari,MP / Karnataka / TN
Telangana,Unknown,2018,August,Friday,18:0,Serious,5,Auto-Rickshaw,7,0,Foggy,Urban Road,Dry,Daylight,Police Checkpost,70,52,Female,,Yes,Curve,2,18,8,4,2,1,1,2,1,5,7,0,0,3.94,21.8175,79.01927,NH44_Agra_Nagpur,Madhya Pradesh
Puducherry,Unknown,2023,September,Tuesday,12:9,Fatal,5,Truck,9,3,Clear,Village Road,Under Construction,Dawn,,90,69,Female,Valid,Yes,Bridge,3,12,9,1,3,0,2,1,1,5,9,0,0,7.88,13.90852,74.85576,NH66_West_Coast,Maharashtra / Kerala
Assam,Unknown,2023,November,Wednesday,3:29,Serious,3,Bus,5,1,Clear,National Highway,Damaged,Dark,Signals,111,37,Female,Valid,No,Intersection,2,3,11,2,0,0,0,0,0,3,5,0,0,3.64,30.78152,79.63504,NH58_Delhi_Badrinath,Uttarakhand
Telangana,Unknown,2023,December,Tuesday,10:25,Serious,5,Auto-Rickshaw,7,3,Clear,Village Road,Dry,Dark,Signs,58,62,Male,Valid,No,Straight Road,2,10,12,1,3,0,1,0,0,5,7,0,0,6.06,26.25817,78.42399,NH44_Agra_Nagpur,Madhya Pradesh
Himachal Pradesh,Unknown,2019,September,Wednesday,18:52,Minor,4,Pedestrian,1,3,Rainy,Urban Road,Wet,Daylight,,109,66,Male,Valid,Yes,Curve,1,18,9,2,2,3,3,2,1,4,1,0,0,4.24,22.35314,79.11808,NH44_Agra_Nagpur,Madhya Pradesh
Tamil Nadu,Madurai,2023,January,Sunday,17:11,Minor,4,Bus,9,4,Stormy,Village Road,Dry,Daylight,Signals,70,66,Male,Valid,No,Bridge,1,17,1,6,3,4,1,2,0,4,9,0,0,6.97,24.81088,77.22144,NH27_East_West,Rajasthan / MP / UP
Sikkim,Unknown,2020,July,Monday,23:29,Serious,4,Truck,7,0,Stormy,Village Road,Under Construction,Dusk,Signs,111,62,Male,,No,Curve,2,23,7,0,3,4,2,3,0,4,7,0,0,3.33,27.66499,77.58939,NH44_Delhi_Agra,Uttar Pradesh
Jammu and Kashmir,Unknown,2021,June,Thursday,23:27,Serious,3,Pedestrian,0,5,Hazy,State Highway,Wet,Dawn,Signs,89,51,Female,Expired,Yes,Curve,2,23,6,3,1,2,3,1,1,3,0,0,0,6.36,9.81938,77.47824,NH7_Varanasi_Kanyakumari,MP / Karnataka / TN
Assam,Unknown,2021,November,Saturday,12:14,Serious,3,Car,4,2,Stormy,Village Road,Wet,Dark,Police Checkpost,61,21,Female,,No,Bridge,2,12,11,5,3,4,3,0,0,3,4,0,0,4.24,14.9873,75.1668,NH48_Mumbai_Bangalore,Maharashtra / Karnataka
Uttar Pradesh,Lucknow,2022,September,Thursday,20:23,Minor,3,Two-Wheeler,8,3,Rainy,State Highway,Damaged,Dawn,Signals,114,29,Female,Expired,Yes,Bridge,1,20,9,3,1,3,0,1,1,3,8,0,0,6.36,18.66584,78.25634,NH44_Nagpur_Hyderabad,Telangana
Goa,Unknown,2022,July,Friday,8:10,Minor,3,Car,7,1,Stormy,Urban Road,Dry,Daylight,Police Checkpost,42,24,Female,Valid,No,Bridge,1,8,7,4,2,4,1,2,0,3,7,0,0,3.64,26.85524,80.99361,NH19_Delhi_Kolkata,Uttar Pradesh / Bihar
Rajasthan,Udaipur,2018,September,Saturday,20:47,Minor,1,Auto-Rickshaw,10,4,Stormy,State Highway,Dry,Dawn,Signs,43,45,Female,Valid,No,Curve,1,20,9,5,1,4,1,1,0,1,10,0,0,7.27,18.04725,73.69388,NH48_Mumbai_Bangalore,Maharashtra / Karnataka
Kerala,Unknown,2021,September,Saturday,21:12,Fatal,2,Pedestrian,1,3,Clear,Urban Road,Dry,Dusk,Police Checkpost,107,53,Female,Valid,Yes,Curve,3,21,9,5,2,0,1,3,1,2,1,0,0,5.45,19.2293,78.51575,NH44_Nagpur_Hyderabad,Telangana
Chhattisgarh,Unknown,2022,December,Monday,10:48,Fatal,2,Truck,0,5,Foggy,Village Road,Dry,Dusk,Signs,66,68,Female,Valid,No,Intersection,3,10,12,0,3,1,1,3,0,2,0,0,0,6.36,28.02043,76.89353,NH48_Delhi_Mumbai,Rajasthan / Gujarat
Arunachal Pradesh,Unknown,2023,October,Thursday,14:9,Fatal,1,Truck,2,1,Hazy,State Highway,Damaged,Dark,Signs,69,28,Male,Valid,No,Intersection,3,14,10,3,1,2,0,0,0,1,2,0,0,3.33,11.20034,77.89859,NH7_Varanasi_Kanyakumari,MP / Karnataka / TN
Manipur,Unknown,2022,March,Monday,10:47,Serious,2,Car,5,4,Stormy,State Highway,Under Construction,Dawn,Signs,46,44,Male,Valid,Yes,Straight Road,2,10,3,0,1,4,2,1,1,2,5,0,0,6.97,33.14955,75.58044,NH44_North,Jammu & Kashmir
Odisha,Unknown,2021,July,Saturday,0:49,Fatal,4,Bus,2,0,Hazy,Urban Road,Under Construction,Dark,,104,59,Male,Expired,Yes,Intersection,3,0,7,5,2,2,2,0,1,4,2,0,0,3.03,26.81346,80.95481,NH19_Delhi_Kolkata,Uttar Pradesh / Bihar
Uttar Pradesh,Kanpur,2018,November,Sunday,18:21,Serious,2,Two-Wheeler,9,2,Foggy,Village Road,Dry,Dawn,,107,58,Male,Expired,Yes,Curve,2,18,11,6,3,1,1,1,1,2,9,0,0,6.36,9.52522,77.3012,NH66_West_Coast,Maharashtra / Kerala
Mizoram,Unknown,2020,April,Friday,0:32,Serious,4,Auto-Rickshaw,2,5,Hazy,State Highway,Wet,Daylight,Signs,109,66,Male,Valid,Yes,Intersection,2,0,4,4,1,2,3,2,1,4,2,0,0,6.97,18.23913,74.27196,NH9_Pune_Hyderabad,Maharashtra / Telangana
Haryana,Unknown,2023,November,Friday,5:4,Minor,4,Auto-Rickshaw,9,0,Foggy,State Highway,Dry,Dawn,Signals,48,55,Male,Expired,Yes,Straight Road,1,5,11,4,1,1,1,1,1,4,9,0,0,3.94,14.95188,75.26463,NH48_Mumbai_Bangalore,Maharashtra / Karnataka
Himachal Pradesh,Unknown,2023,February,Friday,12:16,Minor,4,Car,5,0,Hazy,State Highway,Wet,Daylight,Signals,68,52,Male,Valid,Yes,Curve,1,12,2,4,1,2,3,2,1,4,5,0,0,2.73,25.82264,90.16609,NH52_Barasat_Guwahati,West Bengal / Assam
Uttarakhand,Unknown,2022,November,Thursday,12:15,Fatal,1,Bus,7,0,Clear,Urban Road,Dry,Dark,Signs,87,30,Male,Valid,Yes,Straight Road,3,12,11,3,2,0,1,0,1,1,7,0,0,4.55,17.36519,78.43357,NH9_Pune_Hyderabad,Maharashtra / Telangana
Andhra Pradesh,Vijayawada,2018,October,Wednesday,3:40,Serious,4,Bus,6,3,Rainy,Village Road,Under Construction,Dusk,Signals,117,58,Male,,Yes,Intersection,2,3,10,2,3,3,2,3,1,4,6,0,0,6.36,13.44322,77.50127,NH7_Varanasi_Kanyakumari,MP / Karnataka / TN
Tamil Nadu,Coimbatore,2022,May,Saturday,13:58,Fatal,3,Car,8,4,Clear,State Highway,Dry,Dark,Signs,109,37,Male,Expired,No,Bridge,3,13,5,5,1,0,1,0,0,3,8,0,0,7.88,13.06995,80.31872,NH16_Kolkata_Chennai,Odisha / Andhra Pradesh
Goa,Unknown,2022,July,Friday,7:3,Minor,5,Truck,9,3,Stormy,National Highway,Damaged,Dusk,,59,23,Female,Valid,Yes,Straight Road,1,7,7,4,0,4,0,3,1,5,9,0,0,6.67,19.16495,72.92308,NH48_Delhi_Mumbai,Rajasthan / Gujarat
Arunachal Pradesh,Unknown,2020,April,Tuesday,3:42,Serious,1,Truck,8,2,Rainy,National Highway,Wet,Daylight,,90,55,Female,,No,Curve,2,3,4,1,0,3,3,2,0,1,8,0,0,5.45,18.1718,74.24435,NH9_Pune_Hyderabad,Maharashtra / Telangana
Rajasthan,Jaipur,2019,June,Sunday,21:59,Fatal,1,Two-Wheeler,9,0,Rainy,Village Road,Dry,Dawn,,70,56,Male,Valid,No,Intersection,3,21,6,6,3,3,1,1,0,1,9,0,0,4.55,32.13871,77.10966,NH22_Shimla_Manali,Himachal Pradesh
Assam,Unknown,2019,February,Tuesday,7:57,Fatal,2,Bus,9,3,Stormy,State Highway,Dry,Dusk,Signs,120,21,Female,,No,Intersection,3,7,2,1,1,4,1,3,0,2,9,0,0,7.27,12.51869,79.50486,NH44_Bangalore_Chennai,Tamil Nadu
Karnataka,Mysore,2023,December,Monday,15:59,Fatal,1,Bus,7,5,Foggy,Village Road,Damaged,Dawn,Signals,59,61,Male,Valid,Yes,Curve,3,15,12,0,3,1,0,1,1,1,7,0,0,9.09,26.86817,81.00097,NH27_East_West,Rajasthan / MP / UP
Maharashtra,Pune,2019,June,Saturday,12:9,Minor,3,Pedestrian,8,1,Foggy,Village Road,Dry,Dawn,Signals,63,65,Female,,No,Straight Road,1,12,6,5,3,1,1,1,0,3,8,0,0,3.94,16.6439,73.72265,NH66_West_Coast,Maharashtra / Kerala
Bihar,Unknown,2023,January,Saturday,19:1,Minor,4,Car,7,2,Hazy,National Highway,Under Construction,Dark,Police Checkpost,34,36,Female,,No,Curve,1,19,1,5,0,2,2,0,0,4,7,0,0,4.55,17.84605,74.87836,NH9_Pune_Hyderabad,Maharashtra / Telangana
Rajasthan,Jaipur,2020,June,Saturday,14:31,Minor,1,Auto-Rickshaw,4,0,Foggy,Urban Road,Damaged,Daylight,Signals,119,44,Male,Expired,Yes,Straight Road,1,14,6,5,2,1,0,2,1,1,4,0,0,2.42,14.88987,76.48545,NH44_Hyderabad_Bangalore,Karnataka
Gujarat,Surat,2019,July,Friday,7:46,Fatal,5,Auto-Rickshaw,8,1,Clear,State Highway,Wet,Dusk,Signals,104,56,Male,,No,Bridge,3,7,7,4,1,0,3,3,0,5,8,0,0,5.15,28.352,77.20082,NH44_Delhi_Agra,Uttar Pradesh
Arunachal Pradesh,Unknown,2020,February,Wednesday,9:5,Minor,1,Cycle,0,5,Foggy,Urban Road,Under Construction,Dusk,,46,21,Female,Valid,No,Straight Road,1,9,2,2,2,1,2,3,0,1,0,0,0,5.15,23.46477,88.94101,NH52_Barasat_Guwahati,West Bengal / Assam
Madhya Pradesh,Unknown,2020,December,Saturday,15:42,Minor,1,Pedestrian,9,1,Clear,State Highway,Under Construction,Dawn,Signs,38,67,Female,Valid,Yes,Straight Road,1,15,12,5,1,0,2,1,1,1,9,0,0,4.85,19.90027,78.81978,NH44_Nagpur_Hyderabad,Telangana
Jammu and Kashmir,Unknown,2020,January,Monday,21:9,Minor,3,Truck,10,2,Stormy,Village Road,Under Construction,Dawn,Police Checkpost,90,56,Male,Expired,Yes,Straight Road,1,21,1,0,3,4,2,1,1,3,10,0,0,6.06,21.41617,82.41405,NH30_Patna_Visakhapatnam,Chhattisgarh
Gujarat,Surat,2020,January,Friday,4:30,Minor,3,Two-Wheeler,9,5,Clear,National Highway,Under Construction,Daylight,,62,23,Female,,Yes,Intersection,1,4,1,4,0,0,2,2,1,3,9,0,0,8.48,11.26465,77.90814,NH7_Varanasi_Kanyakumari,MP / Karnataka / TN
Nagaland,Unknown,2020,November,Saturday,23:41,Serious,2,Cycle,1,5,Clear,Urban Road,Dry,Daylight,,100,22,Male,Valid,Yes,Curve,2,23,11,5,2,0,1,2,1,2,1,0,0,6.67,28.32326,77.12883,NH44_Delhi_Agra,Uttar Pradesh
Nagaland,Unknown,2020,March,Saturday,20:41,Fatal,2,Car,5,1,Clear,Urban Road,Wet,Dawn,Signs,117,34,Female,Valid,Yes,Intersection,3,20,3,5,2,0,3,1,1,2,5,0,0,4.85,32.38924,77.21622,NH22_Shimla_Manali,Himachal Pradesh
Jammu and Kashmir,Unknown,2019,August,Monday,4:54,Serious,3,Auto-Rickshaw,8,0,Stormy,Urban Road,Wet,Dark,Signs,112,21,Female,Valid,Yes,Intersection,2,4,8,0,2,4,3,0,1,3,8,0,0,4.24,23.99419,79.10109,NH44_Agra_Nagpur,Madhya Pradesh
Madhya Pradesh,Unknown,2020,September,Friday,17:51,Serious,5,Truck,10,5,Hazy,National Highway,Wet,Dawn,Signals,72,19,Female,,No,Straight Road,2,17,9,4,0,2,3,1,0,5,10,0,0,8.79,15.38603,77.18759,NH7_Varanasi_Kanyakumari,MP / Karnataka / TN
Telangana,Unknown,2019,March,Wednesday,9:47,Serious,5,Auto-Rickshaw,4,3,Hazy,State Highway,Wet,Dawn,Police Checkpost,110,61,Female,,Yes,Curve,2,9,3,2,1,2,3,1,1,5,4,0,0,5.76,32.47657,74.93487,NH44_North,Jammu & Kashmir
Tripura,Unknown,2018,March,Thursday,22:38,Serious,3,Pedestrian,10,3,Rainy,State Highway,Damaged,Dark,Signs,96,41,Male,Expired,Yes,Bridge,2,22,3,3,1,3,0,0,1,3,10,0,0,7.58,18.62095,73.2967,NH66_West_Coast,Maharashtra / Kerala
Assam,Unknown,2021,December,Wednesday,3:12,Serious,4,Two-Wheeler,9,5,Foggy,National Highway,Wet,Dawn,Signs,109,48,Female,,Yes,Curve,2,3,12,2,0,1,3,1,1,4,9,0,0,9.09,21.18875,72.8029,NH48_Delhi_Mumbai,Rajasthan / Gujarat
Haryana,Unknown,2022,June,Wednesday,6:32,Serious,4,Car,3,3,Foggy,Urban Road,Damaged,Dusk,Signs,77,69,Female,,No,Bridge,2,6,6,2,2,1,0,3,0,4,3,0,0,4.85,31.11997,77.17147,NH22_Shimla_Manali,Himachal Pradesh
Jammu and Kashmir,Unknown,2023,August,Monday,6:41,Serious,1,Two-Wheeler,5,3,Hazy,Village Road,Under Construction,Dawn,Police Checkpost,64,22,Female,,No,Bridge,2,6,8,0,3,2,2,1,0,1,5,0,0,5.45,27.8436,77.48216,NH44_Delhi_Agra,Uttar Pradesh
Nagaland,Unknown,2021,June,Friday,8:28,Serious,4,Truck,5,2,Hazy,Village Road,Under Construction,Dusk,Signs,106,23,Female,,Yes,Straight Road,2,8,6,4,3,2,2,3,1,4,5,0,0,5.15,23.50125,83.82043,NH30_Patna_Visakhapatnam,Chhattisgarh
Tamil Nadu,Chennai,2018,November,Saturday,1:42,Fatal,2,Truck,1,5,Foggy,State Highway,Wet,Dark,Police Checkpost,50,65,Male,Valid,Yes,Bridge,3,1,11,5,1,1,3,0,1,2,1,0,0,7.27,17.71737,78.55106,NH44_Nagpur_Hyderabad,Telangana
Goa,Unknown,2022,August,Wednesday,14:37,Serious,2,Truck,1,5,Rainy,Village Road,Under Construction,Dark,Police Checkpost,55,37,Male,,No,Curve,2,14,8,2,3,3,2,0,0,2,1,0,0,6.06,19.4808,81.28643,NH30_Patna_Visakhapatnam,Chhattisgarh
Mizoram,Unknown,2020,August,Monday,10:52,Serious,3,Auto-Rickshaw,10,2,Hazy,National Highway,Dry,Daylight,Signals,30,35,Male,,Yes,Curve,2,10,8,0,0,2,1,2,1,3,10,0,0,6.67,8.83385,77.39716,NH66_West_Coast,Maharashtra / Kerala
Meghalaya,Unknown,2019,July,Monday,6:31,Serious,5,Bus,2,3,Foggy,State Highway,Under Construction,Dusk,Signals,101,55,Female,,Yes,Intersection,2,6,7,0,1,1,2,3,1,5,2,0,0,5.15,29.95751,78.84149,NH58_Delhi_Badrinath,Uttarakhand
Madhya Pradesh,Unknown,2019,December,Tuesday,6:32,Minor,5,Bus,1,2,Clear,National Highway,Damaged,Dawn,Police Checkpost,43,43,Female,Expired,No,Straight Road,1,6,12,1,0,0,0,1,0,5,1,0,0,2.73,12.29191,79.22984,NH44_Bangalore_Chennai,Tamil Nadu
Kerala,Unknown,2021,September,Friday,5:43,Serious,5,Truck,4,3,Foggy,Urban Road,Wet,Dawn,Signals,34,53,Male,Expired,No,Straight Road,2,5,9,4,2,1,3,1,0,5,4,0,0,5.15,25.48018,89.8602,NH27_East_West,Rajasthan / MP / UP
Rajasthan,Jaipur,2019,August,Saturday,5:51,Fatal,2,Auto-Rickshaw,4,0,Hazy,Village Road,Damaged,Daylight,Signals,53,28,Female,Valid,No,Bridge,3,5,8,5,3,2,0,2,0,2,4,0,0,3.03,19.226,78.51759,NH44_Nagpur_Hyderabad,Telangana
Tripura,Unknown,2019,November,Saturday,20:50,Minor,2,Two-Wheeler,9,3,Rainy,National Highway,Damaged,Dusk,Police Checkpost,69,29,Male,Valid,No,Straight Road,1,20,11,5,0,3,0,3,0,2,9,0,0,6.06,16.69484,73.83187,NH66_West_Coast,Maharashtra / Kerala
Delhi,Dwarka,2023,July,Friday,15:43,Fatal,4,Two-Wheeler,3,1,Clear,State Highway,Damaged,Dark,Signals,105,46,Female,,No,Intersection,3,15,7,4,1,0,0,0,0,4,3,0,0,3.64,17.6908,83.299,NH30_Patna_Visakhapatnam,Chhattisgarh
Madhya Pradesh,Unknown,2021,January,Tuesday,15:3,Minor,4,Bus,2,3,Stormy,State Highway,Under Construction,Dusk,Signs,98,58,Male,Valid,No,Bridge,1,15,1,1,1,4,2,3,0,4,2,0,0,3.94,23.02026,87.00096,NH19_Delhi_Kolkata,Uttar Pradesh / Bihar
Chhattisgarh,Unknown,2019,November,Friday,4:19,Minor,5,Bus,8,2,Stormy,National Highway,Under Construction,Dusk,Signs,64,41,Male,Valid,Yes,Straight Road,1,4,11,4,0,4,2,3,1,5,8,0,0,5.45,23.91115,79.1325,NH44_Agra_Nagpur,Madhya Pradesh
Delhi,New Delhi,2020,August,Saturday,1:17,Fatal,3,Car,9,2,Stormy,National Highway,Wet,Dark,Signals,116,60,Male,Valid,No,Straight Road,3,1,8,5,0,4,3,0,0,3,9,0,0,6.36,30.39446,79.44806,NH58_Delhi_Badrinath,Uttarakhand
Meghalaya,Unknown,2022,October,Saturday,3:11,Minor,1,Pedestrian,3,0,Hazy,State Highway,Dry,Dawn,Signals,77,70,Female,Valid,Yes,Bridge,1,3,10,5,1,2,1,1,1,1,3,0,0,2.12,25.40557,78.55198,NH44_Agra_Nagpur,Madhya Pradesh
Manipur,Unknown,2020,October,Saturday,23:27,Minor,4,Pedestrian,7,0,Stormy,Urban Road,Under Construction,Dawn,Police Checkpost,45,38,Male,Valid,No,Bridge,1,23,10,5,2,4,2,1,0,4,7,0,0,2.73,17.96655,73.66847,NH48_Mumbai_Bangalore,Maharashtra / Karnataka
Manipur,Unknown,2019,January,Saturday,11:44,Serious,3,Auto-Rickshaw,2,5,Foggy,State Highway,Under Construction,Dawn,,72,60,Female,Expired,No,Bridge,2,11,1,5,1,1,2,1,0,3,2,0,0,6.36,12.63044,79.47115,NH44_Bangalore_Chennai,Tamil Nadu
Chandigarh,Unknown,2021,September,Tuesday,23:4,Minor,3,Two-Wheeler,6,5,Hazy,National Highway,Damaged,Dusk,Police Checkpost,30,23,Male,Valid,No,Bridge,1,23,9,1,0,2,0,3,0,3,6,0,0,6.97,17.62507,78.50168,NH44_Nagpur_Hyderabad,Telangana
Assam,Unknown,2019,December,Sunday,9:54,Serious,1,Bus,6,0,Clear,State Highway,Under Construction,Dark,Signs,75,57,Female,Valid,Yes,Bridge,2,9,12,6,1,0,2,0,1,1,6,0,0,3.64,19.46768,81.2967,NH30_Patna_Visakhapatnam,Chhattisgarh
West Bengal,Kolkata,2020,February,Sunday,17:38,Minor,4,Pedestrian,0,2,Stormy,Village Road,Dry,Daylight,,111,40,Female,Valid,Yes,Curve,1,17,2,6,3,4,1,2,1,4,0,0,0,3.03,25.73645,82.28407,NH19_Delhi_Kolkata,Uttar Pradesh / Bihar