State Name,City Name,Year,Month,Day of Week,Time of Day,Accident Severity,Number of Vehicles Involved,Vehicle Type Involved,Number of Casualties,Number of Fatalities,Weather Conditions,Road Type,Road Condition,Lighting Conditions,Traffic Control Presence,Speed Limit (km/h),Driver Age,Driver Gender,Driver License Status,Alcohol Involvement,Accident Location Details,severity,hour,month,day_enc,road_type_enc,weather_enc,road_cond_enc,lighting_enc,alcohol,num_vehicles,num_casualties,junction_enc,cause_enc,risk_score,latitude,longitude,highway,state_region
Mizoram,Unknown,2021,July,Saturday,6:6,Serious,5,Pedestrian,1,2,Foggy,Urban Road,Under Construction,Dusk,Police Checkpost,103,21,Female,,No,Straight Road,2,6,7,5,2,1,2,3,0,5,1,0,0,3.33,18.22497,74.19903,NH9_Pune_Hyderabad,Maharashtra / Telangana
Nagaland,Unknown,2019,December,Saturday,7:43,Minor,4,Car,7,1,Stormy,State Highway,Wet,Dark,Signs,100,23,Female,,No,Bridge,1,7,12,5,1,4,3,0,0,4,7,0,0,3.64,19.83119,85.51402,NH16_Kolkata_Chennai,Odisha / Andhra Pradesh
Bihar,Unknown,2020,May,Monday,2:0,Serious,1,Car,8,4,Foggy,Village Road,Dry,Daylight,Signals,36,18,Female,Expired,Yes,Intersection,2,2,5,0,3,1,1,2,1,1,8,0,0,7.88,10.7235,76.25414,NH66_West_Coast,Maharashtra / Kerala
Mizoram,Unknown,2023,August,Sunday,1:47,Minor,1,Two-Wheeler,2,3,Clear,Village Road,Damaged,Dark,Police Checkpost,44,59,Female,Valid,No,Bridge,1,1,8,6,3,0,0,0,0,1,2,0,0,3.94,9.49282,77.26249,NH66_West_Coast,Maharashtra / Kerala
Rajasthan,Jaipur,2022,April,Sunday,19:34,Minor,3,Truck,6,5,Clear,State Highway,Dry,Dark,Signs,42,39,Female,Expired,No,Curve,1,19,4,6,1,0,1,0,0,3,6,0,0,6.97,25.85257,90.23445,NH52_Barasat_Guwahati,West Bengal / Assam
Madhya Pradesh,Unknown,2020,September,Tuesday,4:59,Fatal,2,Cycle,9,5,Clear,Urban Road,Wet,Dawn,,54,56,Male,,No,Intersection,3,4,9,1,2,0,3,1,0,2,9,0,0,9.09,32.92443,75.1241,NH44_North,Jammu & Kashmir
West Bengal,Kolkata,2021,November,Saturday,3:4,Minor,2,Two-Wheeler,3,5,Stormy,National Highway,Dry,Dawn,Signals,103,70,Female,Expired,No,Curve,1,3,11,5,0,4,1,1,0,2,3,0,0,6.06,13.41079,77.38999,NH7_Varanasi_Kanyakumari,MP / Karnataka / TN
Jharkhand,Unknown,2019,December,Thursday,12:53,Serious,1,Pedestrian,0,3,Clear,State Highway,Under Construction,Daylight,Signs,92,53,Female,Valid,Yes,Bridge,2,12,12,3,1,0,2,2,1,1,0,0,0,4.55,17.41805,78.4383,NH9_Pune_Hyderabad,Maharashtra / Telangana
Himachal Pradesh,Unknown,2023,March,Wednesday,11:58,Fatal,4,Car,3,1,Hazy,State Highway,Under Construction,Dark,Police Checkpost,41,46,Female,Expired,Yes,Straight Road,3,11,3,2,1,2,2,0,1,4,3,0,0,4.24,17.39611,78.44532,NH9_Pune_Hyderabad,Maharashtra / Telangana
Himachal Pradesh,Unknown,2023,July,Tuesday,22:15,Minor,3,Two-Wheeler,1,5,Rainy,Village Road,Wet,Daylight,,62,33,Female,,No,Intersection,1,22,7,1,3,3,3,2,0,3,1,0,0,5.45,17.07858,78.36128,NH44_Hyderabad_Bangalore,Karnataka
Chhattisgarh,Unknown,2021,May,Friday,18:36,Minor,4,Truck,4,3,Foggy,Urban Road,Damaged,Dawn,Signs,32,24,Female,Expired,No,Curve,1,18,5,4,2,1,0,1,0,4,4,0,0,4.55,13.43427,77.51111,NH7_Varanasi_Kanyakumari,MP / Karnataka / TN
Meghalaya,Unknown,2019,May,Saturday,1:23,Minor,3,Bus,2,1,Foggy,Village Road,Damaged,Dusk,Signs,36,49,Female,Valid,No,Curve,1,1,5,5,3,1,0,3,0,3,2,0,0,2.12,13.65669,77.52505,NH44_Hyderabad_Bangalore,Karnataka
Nagaland,Unknown,2023,November,Monday,4:51,Serious,1,Bus,2,5,Hazy,Village Road,Damaged,Dawn,Signals,113,69,Female,,Yes,Straight Road,2,4,11,0,3,2,0,1,1,1,2,0,0,6.97,32.5397,74.93332,NH44_North,Jammu & Kashmir
Tripura,Unknown,2020,July,Saturday,11:42,Serious,2,Cycle,6,4,Hazy,Village Road,Wet,Dawn,Signals,77,41,Male,Valid,No,Bridge,2,11,7,5,3,2,3,1,0,2,6,0,0,6.67,25.912,75.05493,NH48_Delhi_Mumbai,Rajasthan / Gujarat
Jharkhand,Unknown,2020,December,Friday,6:44,Minor,4,Truck,3,0,Hazy,National Highway,Damaged,Dark,,100,44,Female,Valid,Yes,Curve,1,6,12,4,0,2,0,0,1,4,3,0,0,2.12,23.48394,83.87121,NH30_Patna_Visakhapatnam,Chhattisgarh
Jharkhand,Unknown,2022,March,Friday,8:3,Minor,3,Truck,9,2,Clear,State Highway,Wet,Daylight,Police Checkpost,89,25,Female,Valid,No,Bridge,1,8,3,4,1,0,3,2,0,3,9,0,0,5.15,23.0178,72.57367,NH27_East_West,Rajasthan / MP / UP
Karnataka,Bangalore,2021,March,Tuesday,2:12,Serious,1,Two-Wheeler,9,2,Hazy,Village Road,Wet,Dusk,Police Checkpost,99,51,Female,Valid,No,Bridge,2,2,3,1,3,2,3,3,0,1,9,0,0,5.76,24.93407,84.88117,NH30_Patna_Visakhapatnam,Chhattisgarh
Goa,Unknown,2021,April,Monday,14:44,Fatal,5,Car,4,0,Stormy,Village Road,Wet,Dark,Signs,35,29,Male,Valid,No,Curve,3,14,4,0,3,4,3,0,0,5,4,0,0,3.03,8.19619,77.18474,NH66_West_Coast,Maharashtra / Kerala
Madhya Pradesh,Unknown,2022,January,Thursday,22:11,Minor,5,Bus,5,5,Foggy,Urban Road,Damaged,Dark,Signals,65,24,Male,,No,Curve,1,22,1,3,2,1,0,0,0,5,5,0,0,6.67,16.17583,74.49001,NH48_Mumbai_Bangalore,Maharashtra / Karnataka
Maharashtra,Pune,2018,March,Sunday,13:26,Serious,5,Two-Wheeler,0,4,Rainy,Urban Road,Damaged,Dark,Police Checkpost,87,20,Female,Valid,Yes,Straight Road,2,13,3,6,2,3,0,0,1,5,0,0,0,5.45,17.44609,78.53003,NH9_Pune_Hyderabad,Maharashtra / Telangana
Puducherry,Unknown,2022,August,Saturday,14:36,Minor,3,Auto-Rickshaw,8,5,Stormy,Village Road,Damaged,Dark,Signals,82,58,Female,Valid,No,Curve,1,14,8,5,3,4,0,0,0,3,8,0,0,7.58,17.41261,73.42438,NH48_Mumbai_Bangalore,Maharashtra / Karnataka
Punjab,Unknown,2020,March,Sunday,6:11,Minor,5,Auto-Rickshaw,0,5,Rainy,National Highway,Wet,Dawn,Police Checkpost,40,37,Male,,Yes,Intersection,1,6,3,6,0,3,3,1,1,5,0,0,0,5.76,19.88696,78.73129,NH44_Nagpur_Hyderabad,Telangana
Gujarat,Vadodara,2022,January,Monday,11:22,Serious,5,Auto-Rickshaw,7,2,Hazy,Village Road,Dry,Dusk,,54,22,Female,Valid,No,Bridge,2,11,1,0,3,2,1,3,0,5,7,0,0,5.15,18.49972,73.88466,NH9_Pune_Hyderabad,Maharashtra / Telangana
Kerala,Unknown,2020,December,Thursday,14:51,Fatal,4,Bus,1,5,Clear,Village Road,Wet,Dark,,104,20,Female,Valid,Yes,Curve,3,14,12,3,3,0,3,0,1,4,1,0,0,7.27,10.72137,76.25053,NH66_West_Coast,Maharashtra / Kerala
Chandigarh,Unknown,2018,March,Saturday,5:27,Fatal,1,Bus,10,1,Stormy,Urban Road,Wet,Dawn,Police Checkpost,31,30,Female,Valid,No,Intersection,3,5,3,5,2,4,3,1,0,1,10,0,0,5.76,27.37378,77.69498,NH44_Delhi_Agra,Uttar Pradesh
Manipur,Unknown,2019,August,Wednesday,22:24,Fatal,4,Auto-Rickshaw,6,5,Stormy,National Highway,Damaged,Dusk,Police Checkpost,50,47,Male,Expired,Yes,Straight Road,3,22,8,2,0,4,0,3,1,4,6,0,0,8.79,21.823,79.15416,NH44_Agra_Nagpur,Madhya Pradesh
Karnataka,Mysore,2022,October,Thursday,22:34,Fatal,2,Cycle,0,1,Clear,Urban Road,Under Construction,Dawn,Police Checkpost,119,32,Male,Expired,No,Straight Road,3,22,10,3,2,0,2,1,0,2,0,0,0,2.73,20.09536,73.42363,NH48_Delhi_Mumbai,Rajasthan / Gujarat
Rajasthan,Jodhpur,2021,April,Wednesday,22:10,Fatal,1,Bus,9,4,Rainy,National Highway,Dry,Daylight,Police Checkpost,69,58,Female,Valid,Yes,Straight Road,3,22,4,2,0,3,1,2,1,1,9,0,0,8.79,24.89246,77.3014,NH27_East_West,Rajasthan / MP / UP
Odisha,Unknown,2022,March,Thursday,3:40,Fatal,3,Auto-Rickshaw,4,3,Hazy,State Highway,Dry,Dark,Signs,119,43,Male,Valid,Yes,Intersection,3,3,3,3,1,2,1,0,1,3,4,0,0,6.36,12.23155,79.21175,NH44_Bangalore_Chennai,Tamil Nadu
Madhya Pradesh,Unknown,2018,June,Thursday,16:15,Serious,2,Bus,10,4,Rainy,Urban Road,Wet,Dark,,95,28,Male,,No,Straight Road,2,16,6,3,2,3,3,0,0,2,10,0,0,7.88,22.96175,71.18747,NH27_East_West,Rajasthan / MP / UP
Jammu and Kashmir,Unknown,2020,April,Friday,16:3,Fatal,2,Cycle,7,0,Hazy,National Highway,Wet,Dawn,Police Checkpost,74,67,Male,Valid,No,Straight Road,3,16,4,4,0,2,3,1,0,2,7,0,0,3.94,16.09288,77.16739,NH44_Hyderabad_Bangalore,Karnataka
Nagaland,Unknown,2023,October,Monday,7:37,Fatal,5,Bus,9,1,Foggy,State Highway,Dry,Dark,,63,40,Female,Expired,Yes,Straight Road,3,7,10,0,1,1,1,0,1,5,9,0,0,6.06,18.47504,73.79835,NH48_Mumbai_Bangalore,Maharashtra / Karnataka
Maharashtra,Pune,2020,March,Thursday,8:1,Serious,1,Truck,6,3,Hazy,Village Road,Dry,Dark,Signs,44,27,Female,Valid,Yes,Intersection,2,8,3,3,3,2,1,0,1,1,6,0,0,6.36,16.6896,73.16687,NH48_Mumbai_Bangalore,Maharashtra / Karnataka
Jharkhand,Unknown,2023,February,Monday,20:29,Minor,1,Car,8,4,Hazy,National Highway,Under Construction,Dawn,Signals,84,68,Male,Expired,No,Bridge,1,20,2,0,0,2,2,1,0,1,8,0,0,6.67,17.67409,78.49913,NH44_Nagpur_Hyderabad,Telangana
Chandigarh,Unknown,2022,October,Monday,17:23,Minor,5,Auto-Rickshaw,5,4,Clear,Village Road,Wet,Dawn,Signs,43,45,Male,,Yes,Intersection,1,17,10,0,3,0,3,1,1,5,5,0,0,6.36,32.08602,77.16055,NH22_Shimla_Manali,Himachal Pradesh
Manipur,Unknown,2023,March,Friday,3:6,Minor,4,Auto-Rickshaw,1,0,Stormy,Urban Road,Under Construction,Daylight,Signs,66,69,Male,Expired,No,Curve,1,3,3,4,2,4,2,2,0,4,1,0,0,0.91,24.86687,89.83411,NH52_Barasat_Guwahati,West Bengal / Assam
Haryana,Unknown,2018,July,Monday,20:56,Minor,2,Pedestrian,9,5,Foggy,Urban Road,Wet,Daylight,Signs,75,48,Male,Expired,No,Bridge,1,20,7,0,2,1,3,2,0,2,9,0,0,7.88,27.17444,77.88052,NH44_Delhi_Agra,Uttar Pradesh
Jharkhand,Unknown,2022,September,Thursday,4:36,Serious,4,Auto-Rickshaw,2,2,Hazy,National Highway,Damaged,Dawn,Police Checkpost,44,65,Female,Expired,No,Curve,2,4,9,3,0,2,0,1,0,4,2,0,0,3.64,32.56487,74.9964,NH44_North,Jammu & Kashmir
Odisha,Unknown,2021,November,Sunday,20:21,Minor,4,Car,2,1,Rainy,National Highway,Under Construction,Dawn,,30,56,Male,Valid,Yes,Curve,1,20,11,6,0,3,2,1,1,4,2,0,0,2.73,27.20432,82.5141,NH27_East_West,Rajasthan / MP / UP
Maharashtra,Nagpur,2020,June,Thursday,2:49,Serious,2,Auto-Rickshaw,6,4,Foggy,State Highway,Wet,Dawn,Police Checkpost,118,18,Female,Valid,Yes,Intersection,2,2,6,3,1,1,3,1,1,2,6,0,0,7.27,32.47349,77.27317,NH22_Shimla_Manali,Himachal Pradesh
West Bengal,Kolkata,2023,December,Monday,14:41,Fatal,5,Truck,10,5,Foggy,Urban Road,Wet,Dusk,,35,21,Female,,No,Bridge,3,14,12,0,2,1,3,3,0,5,10,0,0,9.39,17.74266,83.34031,NH30_Patna_Visakhapatnam,Chhattisgarh
Andhra Pradesh,Vijayawada,2019,December,Thursday,1:12,Fatal,4,Two-Wheeler,0,0,Stormy,Village Road,Wet,Dusk,Signals,82,52,Female,Valid,Yes,Straight Road,3,1,12,3,3,4,3,3,1,4,0,0,0,2.42,25.29863,82.97623,NH19_Delhi_Kolkata,Uttar Pradesh / Bihar
Odisha,Unknown,2023,November,Sunday,4:42,Serious,5,Cycle,8,1,Clear,Village Road,Dry,Daylight,Police Checkpost,68,30,Female,Expired,No,Bridge,2,4,11,6,3,0,1,2,0,5,8,0,0,4.55,27.01743,78.08907,NH44_Delhi_Agra,Uttar Pradesh
Puducherry,Unknown,2022,March,Tuesday,4:27,Minor,4,Two-Wheeler,9,3,Foggy,National Highway,Wet,Daylight,Signals,61,24,Female,Valid,No,Intersection,1,4,3,1,0,1,3,2,0,4,9,0,0,6.06,28.0432,76.92275,NH48_Delhi_Mumbai,Rajasthan / Gujarat
Puducherry,Unknown,2019,August,Tuesday,5:15,Minor,2,Pedestrian,3,5,Foggy,Village Road,Damaged,Dark,,35,48,Female,,Yes,Curve,1,5,8,1,3,1,0,0,1,2,3,0,0,6.67,24.92193,77.22162,NH27_East_West,Rajasthan / MP / UP
Puducherry,Unknown,2018,January,Thursday,10:32,Fatal,2,Auto-Rickshaw,4,3,Foggy,National Highway,Dry,Daylight,Police Checkpost,86,47,Male,,No,Intersection,3,10,1,3,0,1,1,2,0,2,4,0,0,5.76,25.73659,79.44458,NH27_East_West,Rajasthan / MP / UP
Delhi,New Delhi,2019,July,Thursday,0:1,Minor,1,Auto-Rickshaw,6,4,Clear,Village Road,Under Construction,Dawn,,108,37,Male,Valid,Yes,Bridge,1,0,7,3,3,0,2,1,1,1,6,0,0,6.67,12.87007,79.87864,NH44_Bangalore_Chennai,Tamil Nadu
Haryana,Unknown,2022,February,Saturday,7:44,Fatal,4,Car,3,1,Hazy,Urban Road,Under Construction,Daylight,Police Checkpost,39,54,Female,Expired,No,Intersection,3,7,2,5,2,2,2,2,0,4,3,0,0,3.64,21.75259,79.07842,NH44_Agra_Nagpur,Madhya Pradesh
Meghalaya,Unknown,2018,August,Friday,19:11,Fatal,3,Cycle,7,4,Rainy,Village Road,Dry,Dawn,Signals,75,46,Male,Expired,Yes,Intersection,3,19,8,4,3,3,1,1,1,3,7,0,0,8.18,31.48255,77.22971,NH22_Shimla_Manali,Himachal Pradesh
Uttarakhand,Unknown,2023,March,Saturday,16:36,Serious,3,Auto-Rickshaw,10,0,Hazy,National Highway,Under Construction,Dawn,Signs,62,24,Female,,Yes,Straight Road,2,16,3,5,0,2,2,1,1,3,10,0,0,4.85,28.2591,77.87187,NH19_Delhi_Kolkata,Uttar Pradesh / Bihar
Uttarakhand,Unknown,2022,July,Sunday,21:3,Fatal,2,Auto-Rickshaw,10,1,Rainy,State Highway,Wet,Dark,Signs,35,46,Male,Valid,No,Curve,3,21,7,6,1,3,3,0,0,2,10,0,0,5.76,25.93075,74.96363,NH48_Delhi_Mumbai,Rajasthan / Gujarat
Nagaland,Unknown,2020,May,Tuesday,13:37,Minor,1,Auto-Rickshaw,8,5,Rainy,Village Road,Wet,Dark,Signs,62,60,Female,Expired,Yes,Straight Road,1,13,5,1,3,3,3,0,1,1,8,0,0,8.18,24.51788,78.9762,NH44_Agra_Nagpur,Madhya Pradesh
Uttarakhand,Unknown,2023,December,Sunday,13:2,Minor,2,Two-Wheeler,9,2,Stormy,Urban Road,Under Construction,Daylight,Signs,87,40,Female,Expired,No,Straight Road,1,13,12,6,2,4,2,2,0,2,9,0,0,5.15,23.90617,79.0556,NH44_Agra_Nagpur,Madhya Pradesh
Madhya Pradesh,Unknown,2022,June,Sunday,17:0,Serious,2,Auto-Rickshaw,8,0,Stormy,Village Road,Under Construction,Dark,Signals,79,54,Male,Valid,Yes,Curve,2,17,6,6,3,4,2,0,1,2,8,0,0,4.24,17.2941,76.26444,NH9_Pune_Hyderabad,Maharashtra / Telangana
Jharkhand,Unknown,2023,January,Monday,2:22,Minor,5,Pedestrian,0,0,Foggy,National Highway,Dry,Daylight,,75,67,Male,,No,Bridge,1,2,1,0,0,1,1,2,0,5,0,0,0,0.61,8.23698,77.18809,NH66_West_Coast,Maharashtra / Kerala
Chandigarh,Unknown,2018,January,Monday,21:32,Minor,5,Cycle,10,0,Hazy,Urban Road,Wet,Daylight,Police Checkpost,59,20,Male,,Yes,Bridge,1,21,1,0,2,2,3,2,1,5,10,0,0,4.24,12.13168,79.01821,NH44_Bangalore_Chennai,Tamil Nadu
Nagaland,Unknown,2019,July,Thursday,19:33,Fatal,4,Cycle,1,0,Rainy,State Highway,Wet,Dusk,,102,40,Male,Expired,No,Curve,3,19,7,3,1,3,3,3,0,4,1,0,0,2.12,14.98393,75.23473,NH48_Mumbai_Bangalore,Maharashtra / Karnataka
Maharashtra,Mumbai,2018,July,Sunday,12:3,Fatal,4,Car,10,1,Foggy,State Highway,Dry,Dark,Signals,33,37,Male,Valid,Yes,Straight Road,3,12,7,6,1,1,1,0,1,4,10,0,0,6.36,31.51072,77.30071,NH22_Shimla_Manali,Himachal Pradesh
Kerala,Unknown,2023,October,Monday,0:52,Minor,1,Two-Wheeler,1,1,Rainy,Village Road,Damaged,Daylight,,51,32,Male,Valid,No,Curve,1,0,10,0,3,3,0,2,0,1,1,0,0,1.82,19.24928,84.81775,NH16_Kolkata_Chennai,Odisha / Andhra Pradesh
Andhra Pradesh,Vijayawada,2023,August,Tuesday,6:44,Serious,4,Car,2,4,Hazy,National Highway,Damaged,Dusk,Police Checkpost,92,49,Male,Valid,Yes,Straight Road,2,6,8,1,0,2,0,3,1,4,2,0,0,6.06,13.00751,77.6551,NH44_Hyderabad_Bangalore,Karnataka
Puducherry,Unknown,2018,November,Friday,14:4,Minor,5,Bus,6,0,Stormy,National Highway,Wet,Dark,Signals,44,70,Male,Valid,No,Curve,1,14,11,4,0,4,3,0,0,5,6,0,0,2.42,18.14134,78.45222,NH44_Nagpur_Hyderabad,Telangana
West Bengal,Kolkata,2018,September,Wednesday,8:46,Minor,5,Two-Wheeler,1,5,Foggy,Village Road,Dry,Daylight,Signs,64,56,Female,,No,Intersection,1,8,9,2,3,1,1,2,0,5,1,0,0,5.45,21.41312,87.20065,NH16_Kolkata_Chennai,Odisha / Andhra Pradesh
Delhi,Rohini,2021,October,Sunday,13:55,Fatal,3,Truck,2,5,Rainy,Village Road,Dry,Dawn,Signs,117,58,Female,Valid,No,Straight Road,3,13,10,6,3,3,1,1,0,3,2,0,0,6.97,23.46848,73.25467,NH27_East_West,Rajasthan / MP / UP
Chhattisgarh,Unknown,2018,June,Saturday,10:23,Serious,5,Truck,3,1,Rainy,State Highway,Dry,Dusk,Signs,69,65,Male,Valid,Yes,Bridge,2,10,6,5,1,3,1,3,1,5,3,0,0,3.64,22.99829,87.02523,NH19_Delhi_Kolkata,Uttar Pradesh / Bihar
Andhra Pradesh,Tirupati,2019,July,Saturday,15:47,Minor,2,Auto-Rickshaw,3,0,Hazy,National Highway,Dry,Dusk,Signals,117,47,Female,,No,Straight Road,1,15,7,5,0,2,1,3,0,2,3,0,0,1.52,12.76637,77.65909,NH44_Bangalore_Chennai,Tamil Nadu
West Bengal,Kolkata,2019,July,Monday,0:58,Serious,1,Car,0,1,Rainy,Village Road,Wet,Dawn,Signs,55,23,Male,,Yes,Straight Road,2,0,7,0,3,3,3,1,1,1,0,0,0,2.73,15.90767,77.12439,NH44_Hyderabad_Bangalore,Karnataka
Manipur,Unknown,2022,November,Saturday,16:27,Fatal,3,Cycle,1,3,Clear,National Highway,Under Construction,Daylight,Signals,105,50,Male,Valid,No,Curve,3,16,11,5,0,0,2,2,0,3,1,0,0,4.85,23.87789,79.17047,NH44_Agra_Nagpur,Madhya Pradesh
Manipur,Unknown,2022,January,Saturday,11:23,Minor,4,Two-Wheeler,10,0,Clear,National Highway,Dry,Daylight,Signs,60,25,Male,Valid,No,Intersection,1,11,1,5,0,0,1,2,0,4,10,0,0,3.64,21.84141,80.16967,NH7_Varanasi_Kanyakumari,MP / Karnataka / TN
Odisha,Unknown,2023,January,Friday,6:9,Minor,3,Two-Wheeler,9,0,Foggy,Urban Road,Dry,Dawn,Police Checkpost,36,54,Female,Expired,Yes,Curve,1,6,1,4,2,1,1,1,1,3,9,0,0,3.94,24.51765,73.6993,NH48_Delhi_Mumbai,Rajasthan / Gujarat
West Bengal,Durgapur,2022,November,Friday,11:33,Serious,3,Cycle,3,2,Foggy,State Highway,Wet,Dawn,,42,27,Male,,Yes,Curve,2,11,11,4,1,1,3,1,1,3,3,0,0,4.55,23.41583,86.09095,NH19_Delhi_Kolkata,Uttar Pradesh / Bihar
Himachal Pradesh,Unknown,2020,December,Monday,19:26,Minor,1,Auto-Rickshaw,4,3,Rainy,Urban Road,Under Construction,Dusk,Signs,47,69,Female,Expired,Yes,Straight Road,1,19,12,0,2,3,2,3,1,1,4,0,0,5.15,12.86388,77.73767,NH44_Bangalore_Chennai,Tamil Nadu
Chhattisgarh,Unknown,2023,June,Sunday,0:40,Minor,2,Two-Wheeler,0,0,Stormy,Village Road,Wet,Dark,,48,18,Male,Expired,Yes,Straight Road,1,0,6,6,3,4,3,0,1,2,0,0,0,1.21,27.81895,77.44171,NH44_Delhi_Agra,Uttar Pradesh
Sikkim,Unknown,2018,May,Tuesday,0:17,Minor,3,Pedestrian,2,4,Foggy,National Highway,Wet,Daylight,Police Checkpost,76,65,Male,,Yes,Intersection,1,0,5,1,0,1,3,2,1,3,2,0,0,5.45,12.4121,78.06541,NH44_Bangalore_Chennai,Tamil Nadu
Nagaland,Unknown,2018,December,Wednesday,23:46,Fatal,4,Cycle,9,5,Clear,State Highway,Damaged,Dawn,Police Checkpost,104,63,Male,Valid,No,Intersection,3,23,12,2,1,0,0,1,0,4,9,0,0,9.09,18.2458,74.1708,NH9_Pune_Hyderabad,Maharashtra / Telangana
Chhattisgarh,Unknown,2023,April,Friday,9:59,Serious,2,Truck,0,0,Rainy,National Highway,Dry,Dark,,96,63,Female,Valid,No,Bridge,2,9,4,4,0,3,1,0,0,2,0,0,0,1.21,25.86626,90.22133,NH52_Barasat_Guwahati,West Bengal / Assam
Jammu and Kashmir,Unknown,2018,March,Thursday,7:49,Fatal,1,Truck,1,3,Hazy,State Highway,Dry,Dusk,Police Checkpost,37,21,Male,,No,Curve,3,7,3,3,1,2,1,3,0,1,1,0,0,4.85,20.15784,73.47941,NH48_Delhi_Mumbai,Rajasthan / Gujarat
Jammu and Kashmir,Unknown,2021,September,Friday,10:20,Serious,2,Bus,9,3,Stormy,National Highway,Wet,Dark,Signs,84,67,Female,Expired,No,Bridge,2,10,9,4,0,4,3,0,0,2,9,0,0,6.67,17.3749,78.43081,NH7_Varanasi_Kanyakumari,MP / Karnataka / TN
Karnataka,Mangalore,2022,May,Thursday,12:25,Minor,5,Cycle,10,4,Stormy,Urban Road,Dry,Dark,Police Checkpost,33,56,Female,Valid,No,Intersection,1,12,5,3,2,4,1,0,0,5,10,0,0,7.27,16.06131,74.47806,NH48_Mumbai_Bangalore,Maharashtra / Karnataka
Uttar Pradesh,Varanasi,2019,September,Sunday,16:27,Fatal,1,Two-Wheeler,10,0,Rainy,State Highway,Wet,Dusk,Signals,69,63,Female,Valid,No,Curve,3,16,9,6,1,3,3,3,0,1,10,0,0,4.85,17.40981,78.48477,NH9_Pune_Hyderabad,Maharashtra / Telangana
Puducherry,Unknown,2019,August,Tuesday,7:39,Fatal,3,Two-Wheeler,3,4,Stormy,Village Road,Wet,Dark,Police Checkpost,38,37,Male,,Yes,Straight Road,3,7,8,1,3,4,3,0,1,3,3,0,0,6.97,22.99319,80.40761,NH7_Varanasi_Kanyakumari,MP / Karnataka / TN
Sikkim,Unknown,2021,December,Friday,8:34,Minor,3,Pedestrian,2,1,Hazy,State Highway,Damaged,Dark,,90,66,Male,,Yes,Bridge,1,8,12,4,1,2,0,0,1,3,2,0,0,2.73,17.71157,78.61189,NH44_Nagpur_Hyderabad,Telangana
Uttarakhand,Unknown,2022,November,Tuesday,4:26,Minor,3,Car,2,3,Clear,Urban Road,Under Construction,Dawn,Signs,105,55,Male,Valid,Yes,Bridge,1,4,11,1,2,0,2,1,1,3,2,0,0,4.55,23.39687,79.37488,NH44_Agra_Nagpur,Madhya Pradesh
Madhya Pradesh,Unknown,2019,August,Saturday,19:32,Minor,4,Bus,5,0,Clear,State Highway,Wet,Dawn,Signals,100,66,Female,,No,Intersection,1,19,8,5,1,0,3,1,0,4,5,0,0,2.12,33.484,75.14016,NH44_North,Jammu & Kashmir
Mizoram,Unknown,2021,March,Thursday,9:7,Serious,4,Bus,5,4,Clear,Village Road,Damaged,Daylight,Signals,89,33,Female,Valid,No,Intersection,2,9,3,3,3,0,0,2,0,4,5,0,0,6.36,12.62338,77.93948,NH44_Bangalore_Chennai,Tamil Nadu
Jharkhand,Unknown,2019,March,Wednesday,6:55,Minor,5,Bus,6,3,Rainy,State Highway,Damaged,Daylight,,72,70,Female,Valid,Yes,Straight Road,1,6,3,2,1,3,0,2,1,5,6,0,0,5.76,27.07364,78.11279,NH44_Delhi_Agra,Uttar Pradesh
Gujarat,Surat,2020,June,Sunday,6:31,Minor,4,Pedestrian,2,0,Foggy,National Highway,Damaged,Daylight,Signals,114,45,Female,,No,Straight Road,1,6,6,6,0,1,0,2,0,4,2,0,0,1.21,23.48478,73.19071,NH27_East_West,Rajasthan / MP / UP
Odisha,Unknown,2020,July,Monday,17:16,Minor,4,Cycle,1,5,Hazy,Village Road,Under Construction,Dark,,98,62,Male,Valid,Yes,Straight Road,1,17,7,0,3,2,2,0,1,4,1,0,0,6.06,21.60753,69.59815,NH27_East_West,Rajasthan / MP / UP
Kerala,Unknown,2021,October,Saturday,2:44,Serious,5,Auto-Rickshaw,9,4,Clear,Urban Road,Dry,Daylight,Signs,32,27,Male,Expired,Yes,Bridge,2,2,10,5,2,0,1,2,1,5,9,0,0,8.18,21.39435,82.49974,NH30_Patna_Visakhapatnam,Chhattisgarh
Uttarakhand,Unknown,2018,September,Wednesday,8:30,Fatal,2,Cycle,2,2,Rainy,Village Road,Wet,Daylight,Signals,50,28,Female,,Yes,Curve,3,8,9,2,3,3,3,2,1,2,2,0,0,4.85,12.17515,78.48569,NH44_Bangalore_Chennai,Tamil Nadu
Andhra Pradesh,Vijayawada,2020,June,Monday,6:29,Minor,2,Truck,9,4,Foggy,Village Road,Under Construction,Dark,Signs,45,69,Male,Valid,No,Curve,1,6,6,0,3,1,2,0,0,2,9,0,0,6.97,25.90316,90.1873,NH52_Barasat_Guwahati,West Bengal / Assam
Meghalaya,Unknown,2018,July,Friday,22:27,Fatal,5,Two-Wheeler,8,0,Clear,Village Road,Under Construction,Dusk,,99,46,Male,Valid,No,Straight Road,3,22,7,4,3,0,2,3,0,5,8,0,0,4.24,24.94576,84.91527,NH30_Patna_Visakhapatnam,Chhattisgarh
Uttar Pradesh,Varanasi,2019,October,Tuesday,19:45,Minor,3,Auto-Rickshaw,6,3,Stormy,National Highway,Wet,Dusk,Signals,70,69,Female,Expired,Yes,Bridge,1,19,10,1,0,4,3,3,1,3,6,0,0,5.76,14.90953,76.60859,NH44_Hyderabad_Bangalore,Karnataka