State Name,City Name,Year,Month,Day of Week,Time of Day,Accident Severity,Number of Vehicles Involved,Vehicle Type Involved,Number of Casualties,Number of Fatalities,Weather Conditions,Road Type,Road Condition,Lighting Conditions,Traffic Control Presence,Speed Limit (km/h),Driver Age,Driver Gender,Driver License Status,Alcohol Involvement,Accident Location Details,severity,hour,month,day_enc,road_type_enc,weather_enc,road_cond_enc,lighting_enc,alcohol,num_vehicles,num_casualties,junction_enc,cause_enc,risk_score,latitude,longitude,highway,state_region
Gujarat,Vadodara,2023,September,Thursday,14:25,Fatal,2,Auto-Rickshaw,4,5,Rainy,National Highway,Wet,Dark,Police Checkpost,35,52,Female,,No,Curve,3,14,9,3,0,3,3,0,0,2,4,0,0,7.58,26.90171,80.92485,NH19_Delhi_Kolkata,Uttar Pradesh / Bihar
Chhattisgarh,Unknown,2022,July,Saturday,18:8,Fatal,1,Auto-Rickshaw,9,1,Foggy,Urban Road,Under Construction,Daylight,Police Checkpost,83,33,Female,Expired,No,Intersection,3,18,7,5,2,1,2,2,0,1,9,0,0,5.45,23.58512,85.23289,NH19_Delhi_Kolkata,Uttar Pradesh / Bihar
West Bengal,Durgapur,2022,May,Saturday,13:9,Minor,3,Pedestrian,9,1,Clear,State Highway,Under Construction,Dark,Signs,89,61,Female,Valid,No,Curve,1,13,5,5,1,0,2,0,0,3,9,0,0,4.24,21.66849,69.55396,NH27_East_West,Rajasthan / MP / UP
Meghalaya,Unknown,2020,October,Sunday,2:4,Serious,4,Auto-Rickshaw,6,3,Stormy,Urban Road,Dry,Dark,Signals,30,61,Female,,Yes,Bridge,2,2,10,6,2,4,1,0,1,4,6,0,0,6.36,29.62843,78.25117,NH58_Delhi_Badrinath,Uttarakhand
Uttar Pradesh,Lucknow,2021,October,Friday,23:38,Serious,2,Truck,4,1,Clear,State Highway,Dry,Dawn,Signals,89,50,Male,,Yes,Intersection,2,23,10,4,1,0,1,1,1,2,4,0,0,3.94,14.93105,75.25273,NH48_Mumbai_Bangalore,Maharashtra / Karnataka
Odisha,Unknown,2019,June,Tuesday,13:14,Fatal,4,Car,3,4,Rainy,State Highway,Under Construction,Dark,Police Checkpost,113,31,Female,Expired,No,Straight Road,3,13,6,1,1,3,2,0,0,4,3,0,0,6.36,17.94007,74.92748,NH9_Pune_Hyderabad,Maharashtra / Telangana
Uttarakhand,Unknown,2022,April,Saturday,13:2,Fatal,3,Cycle,4,2,Foggy,National Highway,Wet,Daylight,Signs,66,32,Female,Expired,No,Straight Road,3,13,4,5,0,1,3,2,0,3,4,0,0,4.85,32.90873,75.11246,NH44_North,Jammu & Kashmir
Tamil Nadu,Coimbatore,2018,September,Friday,22:57,Minor,4,Cycle,3,4,Hazy,Urban Road,Damaged,Dawn,,105,27,Female,Valid,Yes,Intersection,1,22,9,4,2,2,0,1,1,4,3,0,0,5.76,12.0481,79.04363,NH44_Bangalore_Chennai,Tamil Nadu
Gujarat,Ahmedabad,2023,July,Saturday,0:44,Serious,2,Pedestrian,6,5,Stormy,Village Road,Under Construction,Dark,,77,53,Male,,Yes,Intersection,2,0,7,5,3,4,2,0,1,2,6,0,0,8.18,23.05665,86.98609,NH19_Delhi_Kolkata,Uttar Pradesh / Bihar
Gujarat,Vadodara,2021,May,Tuesday,13:27,Minor,2,Truck,8,4,Rainy,Urban Road,Under Construction,Dusk,,92,45,Female,,Yes,Bridge,1,13,5,1,2,3,2,3,1,2,8,0,0,7.27,24.62996,79.02576,NH44_Agra_Nagpur,Madhya Pradesh
Mizoram,Unknown,2023,October,Thursday,22:23,Minor,2,Pedestrian,8,2,Clear,State Highway,Dry,Dawn,,94,38,Male,,Yes,Intersection,1,22,10,3,1,0,1,1,1,2,8,0,0,5.45,18.19959,80.92669,NH30_Patna_Visakhapatnam,Chhattisgarh
Tamil Nadu,Madurai,2023,February,Friday,23:59,Minor,5,Two-Wheeler,2,0,Stormy,Urban Road,Wet,Dusk,,112,41,Male,Valid,No,Bridge,1,23,2,4,2,4,3,3,0,5,2,0,0,1.21,17.92153,74.82598,NH9_Pune_Hyderabad,Maharashtra / Telangana
Mizoram,Unknown,2020,August,Saturday,8:35,Fatal,3,Cycle,5,2,Foggy,National Highway,Under Construction,Dark,Police Checkpost,70,19,Male,Expired,Yes,Curve,3,8,8,5,0,1,2,0,1,3,5,0,0,5.76,12.62109,79.46184,NH44_Bangalore_Chennai,Tamil Nadu
Karnataka,Mangalore,2018,March,Friday,13:23,Serious,5,Car,3,0,Hazy,State Highway,Damaged,Dark,Signals,81,51,Female,,No,Straight Road,2,13,3,4,1,2,0,0,0,5,3,0,0,2.12,15.04986,75.28265,NH48_Mumbai_Bangalore,Maharashtra / Karnataka
West Bengal,Durgapur,2023,May,Tuesday,6:17,Minor,5,Car,1,1,Hazy,State Highway,Damaged,Dawn,,70,60,Male,Expired,Yes,Intersection,1,6,5,1,1,2,0,1,1,5,1,0,0,2.42,13.10368,80.27037,NH44_Bangalore_Chennai,Tamil Nadu
Karnataka,Mangalore,2023,November,Monday,15:55,Minor,4,Auto-Rickshaw,4,0,Hazy,State Highway,Damaged,Dark,Signs,62,48,Male,,No,Curve,1,15,11,0,1,2,0,0,0,4,4,0,0,1.82,28.67969,77.22422,NH19_Delhi_Kolkata,Uttar Pradesh / Bihar
Chhattisgarh,Unknown,2021,June,Tuesday,7:49,Serious,1,Auto-Rickshaw,10,0,Rainy,State Highway,Damaged,Dusk,Signals,35,70,Female,,Yes,Curve,2,7,6,1,1,3,0,3,1,1,10,0,0,4.85,20.18922,73.40744,NH48_Delhi_Mumbai,Rajasthan / Gujarat
West Bengal,Durgapur,2023,December,Monday,16:26,Minor,1,Pedestrian,1,1,Rainy,Village Road,Under Construction,Dark,Police Checkpost,106,19,Female,Valid,No,Bridge,1,16,12,0,3,3,2,0,0,1,1,0,0,1.82,14.81188,76.49775,NH44_Hyderabad_Bangalore,Karnataka
Puducherry,Unknown,2022,May,Thursday,1:19,Fatal,4,Car,4,2,Rainy,Village Road,Under Construction,Daylight,Police Checkpost,100,26,Female,Expired,No,Straight Road,3,1,5,3,3,3,2,2,0,4,4,0,0,4.85,32.29705,77.06314,NH22_Shimla_Manali,Himachal Pradesh
Uttar Pradesh,Lucknow,2019,March,Wednesday,9:53,Serious,5,Car,6,4,Hazy,State Highway,Under Construction,Dusk,,64,36,Male,,Yes,Straight Road,2,9,3,2,1,2,2,3,1,5,6,0,0,7.27,15.92159,77.15069,NH44_Hyderabad_Bangalore,Karnataka
Uttar Pradesh,Lucknow,2023,October,Monday,11:18,Minor,3,Auto-Rickshaw,4,1,Foggy,Urban Road,Damaged,Dark,Police Checkpost,32,46,Male,,No,Curve,1,11,10,0,2,1,0,0,0,3,4,0,0,2.73,27.19999,77.95008,NH44_Delhi_Agra,Uttar Pradesh
Karnataka,Mysore,2018,July,Tuesday,2:11,Minor,4,Pedestrian,8,3,Rainy,Urban Road,Wet,Dusk,Police Checkpost,47,48,Female,Expired,Yes,Curve,1,2,7,1,2,3,3,3,1,4,8,0,0,6.36,16.13714,77.20983,NH44_Hyderabad_Bangalore,Karnataka
Nagaland,Unknown,2020,June,Monday,9:50,Minor,2,Pedestrian,7,1,Stormy,Village Road,Dry,Daylight,Police Checkpost,117,70,Male,,No,Bridge,1,9,6,0,3,4,1,2,0,2,7,0,0,3.64,22.21246,83.02154,NH30_Patna_Visakhapatnam,Chhattisgarh
Haryana,Unknown,2021,April,Saturday,23:6,Serious,3,Cycle,8,0,Rainy,National Highway,Dry,Dusk,Signals,79,52,Female,Valid,No,Curve,2,23,4,5,0,3,1,3,0,3,8,0,0,3.64,29.70128,78.18539,NH58_Delhi_Badrinath,Uttarakhand
Goa,Unknown,2021,May,Thursday,0:14,Minor,1,Two-Wheeler,8,2,Stormy,National Highway,Damaged,Dawn,Signals,51,69,Male,Valid,Yes,Straight Road,1,0,5,3,0,4,0,1,1,1,8,0,0,5.45,28.53785,77.2766,NH44_Delhi_Agra,Uttar Pradesh
Uttar Pradesh,Lucknow,2020,June,Friday,21:11,Serious,2,Cycle,4,0,Clear,State Highway,Damaged,Daylight,,51,39,Male,Expired,No,Bridge,2,21,6,4,1,0,0,2,0,2,4,0,0,2.42,14.9572,75.2341,NH48_Mumbai_Bangalore,Maharashtra / Karnataka
Tamil Nadu,Chennai,2019,October,Wednesday,2:33,Fatal,2,Two-Wheeler,1,5,Rainy,Village Road,Wet,Daylight,Signs,36,54,Female,,Yes,Bridge,3,2,10,2,3,3,3,2,1,2,1,0,0,7.27,25.38019,83.06735,NH19_Delhi_Kolkata,Uttar Pradesh / Bihar
Delhi,New Delhi,2020,December,Thursday,18:12,Minor,2,Auto-Rickshaw,0,5,Hazy,State Highway,Dry,Dark,Signs,65,35,Male,,Yes,Intersection,1,18,12,3,1,2,1,0,1,2,0,0,0,5.76,16.1892,74.42333,NH48_Mumbai_Bangalore,Maharashtra / Karnataka
Tamil Nadu,Madurai,2020,June,Thursday,3:45,Fatal,1,Bus,4,0,Stormy,National Highway,Under Construction,Dark,Signs,107,20,Female,Expired,Yes,Intersection,3,3,6,3,0,4,2,0,1,1,4,0,0,3.64,13.64989,79.48531,NH16_Kolkata_Chennai,Odisha / Andhra Pradesh
Odisha,Unknown,2020,February,Tuesday,14:5,Fatal,4,Cycle,0,4,Clear,State Highway,Under Construction,Dawn,Police Checkpost,93,33,Female,Valid,Yes,Intersection,3,14,2,1,1,0,2,1,1,4,0,0,0,6.06,27.44405,77.79735,NH44_Delhi_Agra,Uttar Pradesh
Gujarat,Ahmedabad,2020,June,Thursday,1:38,Fatal,5,Pedestrian,2,5,Foggy,Urban Road,Dry,Dusk,,94,70,Male,,Yes,Bridge,3,1,6,3,2,1,1,3,1,5,2,0,0,7.58,28.58982,77.17956,NH58_Delhi_Badrinath,Uttarakhand
Meghalaya,Unknown,2020,July,Thursday,23:7,Fatal,5,Bus,10,5,Stormy,State Highway,Dry,Daylight,Police Checkpost,115,38,Male,Expired,Yes,Intersection,3,23,7,3,1,4,1,2,1,5,10,0,0,10.0,14.85784,76.47583,NH44_Hyderabad_Bangalore,Karnataka
Tripura,Unknown,2019,March,Saturday,4:10,Minor,2,Two-Wheeler,3,5,Hazy,National Highway,Dry,Daylight,Police Checkpost,50,59,Female,,Yes,Bridge,1,4,3,5,0,2,1,2,1,2,3,0,0,6.67,25.87054,88.16687,NH27_East_West,Rajasthan / MP / UP
Manipur,Unknown,2022,January,Friday,5:39,Fatal,4,Two-Wheeler,1,2,Stormy,National Highway,Dry,Dusk,Police Checkpost,69,46,Male,Valid,No,Curve,3,5,1,4,0,4,1,3,0,4,1,0,0,3.94,32.49664,74.96864,NH44_North,Jammu & Kashmir
Assam,Unknown,2019,September,Sunday,15:22,Serious,1,Bus,4,3,Foggy,National Highway,Wet,Dusk,Police Checkpost,112,37,Male,Valid,No,Straight Road,2,15,9,6,0,1,3,3,0,1,4,0,0,5.15,28.55846,77.14629,NH48_Delhi_Mumbai,Rajasthan / Gujarat
Delhi,New Delhi,2018,July,Saturday,4:43,Minor,5,Auto-Rickshaw,9,0,Clear,Urban Road,Under Construction,Dawn,Signs,91,18,Female,,Yes,Intersection,1,4,7,5,2,0,2,1,1,5,9,0,0,3.94,24.90157,83.83517,NH19_Delhi_Kolkata,Uttar Pradesh / Bihar
Kerala,Unknown,2019,July,Friday,22:20,Fatal,5,Truck,1,5,Clear,National Highway,Damaged,Daylight,Signs,87,57,Female,Expired,Yes,Curve,3,22,7,4,0,0,0,2,1,5,1,0,0,7.27,23.62525,85.171,NH19_Delhi_Kolkata,Uttar Pradesh / Bihar
Puducherry,Unknown,2020,November,Monday,2:38,Minor,1,Cycle,6,3,Foggy,Urban Road,Damaged,Dusk,Signals,70,65,Female,Valid,Yes,Intersection,1,2,11,0,2,1,0,3,1,1,6,0,0,5.76,26.87786,80.96868,NH19_Delhi_Kolkata,Uttar Pradesh / Bihar
Andhra Pradesh,Vijayawada,2022,November,Sunday,1:29,Serious,4,Car,2,1,Rainy,Village Road,Wet,Dusk,,104,61,Female,,Yes,Curve,2,1,11,6,3,3,3,3,1,4,2,0,0,3.33,17.61827,78.50392,NH44_Nagpur_Hyderabad,Telangana
Uttarakhand,Unknown,2022,January,Sunday,8:18,Minor,3,Truck,2,2,Rainy,Urban Road,Dry,Dark,Signals,69,22,Female,Expired,Yes,Straight Road,1,8,1,6,2,3,1,0,1,3,2,0,0,3.64,31.50303,77.27804,NH22_Shimla_Manali,Himachal Pradesh
Tamil Nadu,Chennai,2023,August,Sunday,1:59,Fatal,2,Bus,1,0,Rainy,Urban Road,Wet,Daylight,Police Checkpost,68,45,Male,,Yes,Bridge,3,1,8,6,2,3,3,2,1,2,1,0,0,2.73,22.27251,70.16526,NH27_East_West,Rajasthan / MP / UP
Punjab,Unknown,2018,August,Wednesday,15:59,Serious,4,Auto-Rickshaw,4,2,Stormy,Urban Road,Damaged,Dusk,,107,34,Female,,No,Intersection,2,15,8,2,2,4,0,3,0,4,4,0,0,4.24,18.68353,78.29353,NH44_Nagpur_Hyderabad,Telangana
Meghalaya,Unknown,2018,March,Sunday,2:29,Minor,1,Car,7,4,Rainy,Village Road,Damaged,Dark,,64,23,Female,Expired,No,Bridge,1,2,3,6,3,3,0,0,0,1,7,0,0,6.36,22.32062,70.20573,NH27_East_West,Rajasthan / MP / UP
Delhi,Dwarka,2018,April,Saturday,10:52,Serious,3,Cycle,6,4,Rainy,National Highway,Damaged,Dark,Police Checkpost,81,18,Female,Expired,Yes,Bridge,2,10,4,5,0,3,0,0,1,3,6,0,0,7.27,34.04313,74.73623,NH44_North,Jammu & Kashmir
Telangana,Unknown,2023,May,Tuesday,12:24,Minor,4,Cycle,9,4,Stormy,National Highway,Wet,Dusk,Police Checkpost,57,43,Female,,No,Bridge,1,12,5,1,0,4,3,3,0,4,9,0,0,6.97,24.91748,91.86644,NH27_East_West,Rajasthan / MP / UP
Sikkim,Unknown,2022,May,Tuesday,16:19,Serious,1,Two-Wheeler,4,0,Hazy,State Highway,Damaged,Dusk,Signs,91,39,Female,Expired,Yes,Bridge,2,16,5,1,1,2,0,3,1,1,4,0,0,3.03,25.35454,82.94641,NH19_Delhi_Kolkata,Uttar Pradesh / Bihar
Maharashtra,Mumbai,2021,September,Saturday,20:54,Minor,4,Car,4,2,Rainy,Urban Road,Damaged,Dawn,Signs,72,45,Female,,No,Bridge,1,20,9,5,2,3,0,1,0,4,4,0,0,3.64,21.15285,79.06478,NH44_Nagpur_Hyderabad,Telangana
Punjab,Unknown,2020,March,Sunday,12:49,Serious,1,Two-Wheeler,2,0,Clear,State Highway,Under Construction,Daylight,Signs,78,58,Female,,No,Intersection,2,12,3,6,1,0,2,2,0,1,2,0,0,1.82,25.31122,82.98212,NH19_Delhi_Kolkata,Uttar Pradesh / Bihar
Chandigarh,Unknown,2023,November,Thursday,5:15,Minor,2,Cycle,3,3,Stormy,Village Road,Dry,Dawn,Signals,92,70,Male,Expired,No,Bridge,1,5,11,3,3,4,1,1,0,2,3,0,0,4.24,24.26757,75.90483,NH27_East_West,Rajasthan / MP / UP
Uttar Pradesh,Varanasi,2023,July,Monday,3:30,Minor,5,Pedestrian,9,1,Hazy,Urban Road,Wet,Dusk,Signals,35,21,Male,Valid,Yes,Straight Road,1,3,7,0,2,2,3,3,1,5,9,0,0,4.85,24.3029,75.81855,NH27_East_West,Rajasthan / MP / UP
Rajasthan,Udaipur,2022,August,Monday,5:42,Minor,5,Pedestrian,10,4,Stormy,National Highway,Dry,Dawn,Signs,68,53,Male,Valid,Yes,Curve,1,5,8,0,0,4,1,1,1,5,10,0,0,7.88,27.44899,77.74556,NH44_Delhi_Agra,Uttar Pradesh
Madhya Pradesh,Unknown,2023,January,Monday,13:47,Serious,5,Car,6,1,Rainy,Urban Road,Damaged,Dusk,Police Checkpost,63,64,Male,Valid,No,Intersection,2,13,1,0,2,3,0,3,0,5,6,0,0,3.94,27.73146,77.49804,NH44_Delhi_Agra,Uttar Pradesh
Meghalaya,Unknown,2019,October,Thursday,1:39,Fatal,2,Cycle,6,5,Stormy,National Highway,Dry,Daylight,Police Checkpost,92,56,Female,,Yes,Bridge,3,1,10,3,0,4,1,2,1,2,6,0,0,8.79,26.13074,91.70833,NH52_Barasat_Guwahati,West Bengal / Assam
Telangana,Unknown,2018,June,Monday,7:38,Fatal,1,Cycle,1,4,Foggy,National Highway,Wet,Dark,Police Checkpost,80,46,Male,Expired,Yes,Intersection,3,7,6,0,0,1,3,0,1,1,1,0,0,6.36,22.96329,83.39864,NH30_Patna_Visakhapatnam,Chhattisgarh
Tripura,Unknown,2019,July,Monday,16:43,Fatal,3,Truck,2,1,Hazy,State Highway,Wet,Dusk,Police Checkpost,59,64,Female,Valid,No,Curve,3,16,7,0,1,2,3,3,0,3,2,0,0,3.33,23.50073,73.27954,NH27_East_West,Rajasthan / MP / UP
Nagaland,Unknown,2019,August,Saturday,8:45,Serious,4,Auto-Rickshaw,5,5,Hazy,State Highway,Damaged,Dark,,115,61,Male,Expired,Yes,Intersection,2,8,8,5,1,2,0,0,1,4,5,0,0,7.88,28.55142,77.26475,NH44_Delhi_Agra,Uttar Pradesh
Manipur,Unknown,2020,March,Saturday,2:59,Minor,1,Auto-Rickshaw,0,2,Rainy,State Highway,Dry,Dawn,Police Checkpost,109,70,Male,,Yes,Curve,1,2,3,5,1,3,1,1,1,1,0,0,0,3.03,24.55751,73.6393,NH48_Delhi_Mumbai,Rajasthan / Gujarat
Gujarat,Vadodara,2019,August,Wednesday,19:9,Fatal,3,Auto-Rickshaw,7,1,Clear,National Highway,Wet,Daylight,Police Checkpost,82,53,Male,Expired,Yes,Intersection,3,19,8,2,0,0,3,2,1,3,7,0,0,5.45,26.84052,80.88182,NH19_Delhi_Kolkata,Uttar Pradesh / Bihar
Chandigarh,Unknown,2020,September,Thursday,2:54,Serious,2,Cycle,5,3,Stormy,Village Road,Damaged,Dawn,Signs,53,68,Female,,Yes,Intersection,2,2,9,3,3,4,0,1,1,2,5,0,0,6.06,17.34638,73.40068,NH48_Mumbai_Bangalore,Maharashtra / Karnataka
Meghalaya,Unknown,2020,January,Thursday,3:40,Serious,1,Pedestrian,7,0,Rainy,Village Road,Wet,Dusk,Signs,108,67,Male,,No,Curve,2,3,1,3,3,3,3,3,0,1,7,0,0,3.33,32.2438,77.09983,NH22_Shimla_Manali,Himachal Pradesh
Himachal Pradesh,Unknown,2021,May,Saturday,10:24,Serious,2,Pedestrian,1,3,Clear,Village Road,Dry,Dusk,,97,19,Female,,No,Bridge,2,10,5,5,3,0,1,3,0,2,1,0,0,4.24,32.91896,75.20361,NH44_North,Jammu & Kashmir
Puducherry,Unknown,2019,March,Monday,3:32,Minor,2,Pedestrian,8,4,Clear,Village Road,Wet,Dawn,Signs,47,44,Female,Expired,No,Straight Road,1,3,3,0,3,0,3,1,0,2,8,0,0,6.67,24.86677,91.93599,NH27_East_West,Rajasthan / MP / UP
Chhattisgarh,Unknown,2019,August,Friday,2:18,Serious,5,Car,5,5,Foggy,Village Road,Under Construction,Dusk,Police Checkpost,56,61,Female,Valid,Yes,Bridge,2,2,8,4,3,1,2,3,1,5,5,0,0,7.88,23.43408,88.87038,NH52_Barasat_Guwahati,West Bengal / Assam
Meghalaya,Unknown,2020,October,Friday,8:32,Minor,2,Bus,9,4,Stormy,National Highway,Under Construction,Dusk,Signs,31,59,Male,Expired,Yes,Curve,1,8,10,4,0,4,2,3,1,2,9,0,0,7.58,24.64283,79.04313,NH44_Agra_Nagpur,Madhya Pradesh
Uttarakhand,Unknown,2022,January,Monday,5:7,Serious,5,Auto-Rickshaw,0,1,Clear,Village Road,Wet,Daylight,Police Checkpost,53,35,Female,Expired,Yes,Intersection,2,5,1,0,3,0,3,2,1,5,0,0,0,2.73,9.82383,77.50132,NH7_Varanasi_Kanyakumari,MP / Karnataka / TN
Tripura,Unknown,2020,February,Saturday,19:0,Fatal,2,Two-Wheeler,5,2,Clear,Urban Road,Dry,Dawn,Police Checkpost,53,44,Male,Valid,No,Bridge,3,19,2,5,2,0,1,1,0,2,5,0,0,5.15,25.93121,74.91838,NH48_Delhi_Mumbai,Rajasthan / Gujarat
Jammu and Kashmir,Unknown,2019,June,Wednesday,23:57,Minor,4,Truck,5,3,Foggy,National Highway,Under Construction,Dusk,,61,39,Male,,No,Bridge,1,23,6,2,0,1,2,3,0,4,5,0,0,4.85,19.27104,84.7295,NH16_Kolkata_Chennai,Odisha / Andhra Pradesh
Chhattisgarh,Unknown,2023,November,Saturday,22:13,Minor,5,Two-Wheeler,3,1,Stormy,Village Road,Damaged,Daylight,Signs,111,32,Male,,No,Straight Road,1,22,11,5,3,4,0,2,0,5,3,0,0,2.42,17.5089,75.45346,NH9_Pune_Hyderabad,Maharashtra / Telangana
Arunachal Pradesh,Unknown,2022,October,Friday,7:30,Serious,5,Bus,7,3,Clear,Village Road,Under Construction,Dark,Signals,87,29,Male,Valid,No,Intersection,2,7,10,4,3,0,2,0,0,5,7,0,0,6.06,23.44328,73.19956,NH27_East_West,Rajasthan / MP / UP
Jammu and Kashmir,Unknown,2018,September,Saturday,1:49,Serious,1,Cycle,4,1,Clear,Urban Road,Damaged,Dark,,71,19,Male,Expired,Yes,Curve,2,1,9,5,2,0,0,0,1,1,4,0,0,3.94,31.85286,77.41174,NH22_Shimla_Manali,Himachal Pradesh
Madhya Pradesh,Unknown,2022,February,Friday,10:0,Serious,3,Cycle,8,4,Rainy,State Highway,Damaged,Dark,Signals,115,58,Female,Expired,Yes,Curve,2,10,2,4,1,3,0,0,1,3,8,0,0,7.88,14.87235,79.94412,NH16_Kolkata_Chennai,Odisha / Andhra Pradesh
Rajasthan,Jodhpur,2023,September,Sunday,13:57,Minor,1,Car,8,3,Foggy,Urban Road,Under Construction,Daylight,,34,59,Female,Valid,Yes,Bridge,1,13,9,6,2,1,2,2,1,1,8,0,0,6.36,18.09998,78.43153,NH44_Nagpur_Hyderabad,Telangana
Andhra Pradesh,Visakhapatnam,2023,November,Friday,12:58,Minor,1,Auto-Rickshaw,3,2,Clear,State Highway,Damaged,Dark,Police Checkpost,114,55,Female,Expired,Yes,Intersection,1,12,11,4,1,0,0,0,1,1,3,0,0,3.94,17.89682,74.92797,NH9_Pune_Hyderabad,Maharashtra / Telangana
Arunachal Pradesh,Unknown,2019,May,Friday,17:56,Fatal,3,Two-Wheeler,7,1,Clear,Urban Road,Under Construction,Dusk,Police Checkpost,89,19,Male,Valid,Yes,Bridge,3,17,5,4,2,0,2,3,1,3,7,0,0,5.45,9.47927,77.28872,NH66_West_Coast,Maharashtra / Kerala
Bihar,Unknown,2022,January,Tuesday,21:49,Minor,1,Car,1,2,Clear,State Highway,Dry,Daylight,Signs,94,40,Female,Valid,Yes,Intersection,1,21,1,1,1,0,1,2,1,1,1,0,0,3.33,21.12376,79.07354,NH44_Nagpur_Hyderabad,Telangana
Jammu and Kashmir,Unknown,2021,March,Tuesday,9:4,Minor,4,Auto-Rickshaw,3,5,Stormy,State Highway,Wet,Dawn,Signals,31,49,Male,Expired,Yes,Straight Road,1,9,3,1,1,4,3,1,1,4,3,0,0,6.67,25.74871,79.51357,NH27_East_West,Rajasthan / MP / UP
Odisha,Unknown,2022,September,Saturday,3:35,Serious,3,Bus,3,0,Foggy,National Highway,Wet,Dark,Signs,109,18,Male,Valid,Yes,Intersection,2,3,9,5,0,1,3,0,1,3,3,0,0,2.73,23.85607,81.2047,NH7_Varanasi_Kanyakumari,MP / Karnataka / TN
Madhya Pradesh,Unknown,2019,December,Tuesday,7:49,Fatal,1,Car,2,0,Stormy,Urban Road,Dry,Daylight,,49,45,Male,Expired,Yes,Straight Road,3,7,12,1,2,4,1,2,1,1,2,0,0,3.03,17.40972,73.4775,NH48_Mumbai_Bangalore,Maharashtra / Karnataka
West Bengal,Durgapur,2021,February,Saturday,2:3,Fatal,5,Car,8,0,Clear,National Highway,Wet,Daylight,,119,43,Male,Expired,No,Bridge,3,2,2,5,0,0,3,2,0,5,8,0,0,4.24,30.17178,79.12142,NH58_Delhi_Badrinath,Uttarakhand
Gujarat,Vadodara,2022,August,Saturday,6:7,Minor,4,Car,5,3,Clear,State Highway,Under Construction,Daylight,Police Checkpost,114,30,Male,Expired,No,Intersection,1,6,8,5,1,0,2,2,0,4,5,0,0,4.85,26.17894,91.69678,NH52_Barasat_Guwahati,West Bengal / Assam
Uttarakhand,Unknown,2022,February,Monday,17:45,Fatal,5,Two-Wheeler,10,1,Rainy,National Highway,Damaged,Dark,Police Checkpost,56,45,Male,Valid,No,Curve,3,17,2,0,0,3,0,0,0,5,10,0,0,5.76,19.14032,72.86915,NH48_Delhi_Mumbai,Rajasthan / Gujarat
Uttarakhand,Unknown,2023,October,Thursday,18:20,Fatal,5,Cycle,1,4,Rainy,Urban Road,Dry,Dark,Signs,120,70,Male,,Yes,Intersection,3,18,10,3,2,3,1,0,1,5,1,0,0,6.36,13.91305,74.82951,NH66_West_Coast,Maharashtra / Kerala
Tamil Nadu,Chennai,2018,October,Sunday,22:21,Serious,1,Car,1,1,Rainy,Village Road,Damaged,Dawn,,106,41,Female,,No,Curve,2,22,10,6,3,3,0,1,0,1,1,0,0,2.42,28.61053,77.27132,NH48_Delhi_Mumbai,Rajasthan / Gujarat
Mizoram,Unknown,2018,September,Friday,21:23,Serious,2,Truck,1,2,Foggy,National Highway,Wet,Daylight,,79,27,Male,Valid,No,Straight Road,2,21,9,4,0,1,3,2,0,2,1,0,0,3.33,20.59325,78.98284,NH44_Nagpur_Hyderabad,Telangana
Tripura,Unknown,2022,June,Saturday,16:7,Minor,5,Auto-Rickshaw,10,2,Hazy,National Highway,Dry,Dark,,99,59,Male,Expired,No,Straight Road,1,16,6,5,0,2,1,0,0,5,10,0,0,5.45,23.48112,86.18414,NH19_Delhi_Kolkata,Uttar Pradesh / Bihar
Nagaland,Unknown,2023,September,Saturday,10:23,Minor,2,Bus,0,1,Rainy,National Highway,Under Construction,Dark,,71,46,Female,,No,Curve,1,10,9,5,0,3,2,0,0,2,0,0,0,1.52,30.51126,79.45554,NH58_Delhi_Badrinath,Uttarakhand
Manipur,Unknown,2021,May,Tuesday,4:54,Serious,5,Truck,10,0,Hazy,National Highway,Wet,Dusk,Police Checkpost,58,18,Male,Valid,No,Intersection,2,4,5,1,0,2,3,3,0,5,10,0,0,4.24,24.8665,89.88143,NH52_Barasat_Guwahati,West Bengal / Assam
Uttarakhand,Unknown,2020,June,Saturday,13:7,Serious,4,Car,0,2,Foggy,National Highway,Under Construction,Dusk,Signals,54,19,Male,Expired,No,Intersection,2,13,6,5,0,1,2,3,0,4,0,0,0,3.03,23.70055,85.26407,NH19_Delhi_Kolkata,Uttar Pradesh / Bihar
Maharashtra,Mumbai,2022,February,Sunday,22:0,Minor,1,Pedestrian,4,0,Rainy,National Highway,Dry,Daylight,,72,37,Male,Valid,No,Intersection,1,22,2,6,0,3,1,2,0,1,4,0,0,1.82,10.78122,76.24645,NH66_West_Coast,Maharashtra / Kerala
Karnataka,Bangalore,2020,December,Thursday,13:28,Minor,5,Pedestrian,8,5,Stormy,Village Road,Under Construction,Dusk,Signs,115,39,Male,,No,Curve,1,13,12,3,3,4,2,3,0,5,8,0,0,7.58,22.25177,79.11089,NH44_Agra_Nagpur,Madhya Pradesh