State Name,City Name,Year,Month,Day of Week,Time of Day,Accident Severity,Number of Vehicles Involved,Vehicle Type Involved,Number of Casualties,Number of Fatalities,Weather Conditions,Road Type,Road Condition,Lighting Conditions,Traffic Control Presence,Speed Limit (km/h),Driver Age,Driver Gender,Driver License Status,Alcohol Involvement,Accident Location Details,severity,hour,month,day_enc,road_type_enc,weather_enc,road_cond_enc,lighting_enc,alcohol,num_vehicles,num_casualties,junction_enc,cause_enc,risk_score,latitude,longitude,highway,state_region
Chandigarh,Unknown,2020,April,Thursday,5:49,Fatal,4,Truck,1,4,Foggy,Village Road,Dry,Dusk,Signals,73,27,Female,,Yes,Curve,3,5,4,3,3,1,1,3,1,4,1,0,0,6.36,24.1941,84.50164,NH19_Delhi_Kolkata,Uttar Pradesh / Bihar
Uttarakhand,Unknown,2023,June,Tuesday,17:54,Minor,2,Auto-Rickshaw,2,3,Foggy,State Highway,Wet,Dark,,85,29,Female,Expired,Yes,Curve,1,17,6,1,1,1,3,0,1,2,2,0,0,4.55,22.35005,79.1755,NH44_Agra_Nagpur,Madhya Pradesh
Delhi,New Delhi,2020,January,Friday,9:56,Minor,1,Auto-Rickshaw,0,4,Hazy,State Highway,Under Construction,Dawn,Signals,30,23,Female,Expired,Yes,Straight Road,1,9,1,4,1,2,2,1,1,1,0,0,0,4.85,15.5191,75.00069,NH48_Mumbai_Bangalore,Maharashtra / Karnataka
Haryana,Unknown,2019,June,Wednesday,20:27,Fatal,3,Cycle,2,5,Hazy,State Highway,Dry,Dark,Police Checkpost,41,31,Female,Valid,Yes,Curve,3,20,6,2,1,2,1,0,1,3,2,0,0,7.58,32.67603,74.91645,NH44_North,Jammu & Kashmir
Tamil Nadu,Coimbatore,2022,September,Monday,5:50,Minor,5,Bus,2,4,Hazy,Village Road,Damaged,Dark,Signs,64,64,Male,Valid,No,Bridge,1,5,9,0,3,2,0,0,0,5,2,0,0,4.85,28.30683,77.10797,NH44_Delhi_Agra,Uttar Pradesh
Madhya Pradesh,Unknown,2018,October,Wednesday,3:42,Fatal,1,Pedestrian,8,2,Stormy,Urban Road,Under Construction,Dark,Police Checkpost,67,60,Male,Valid,Yes,Straight Road,3,3,10,2,2,4,2,0,1,1,8,0,0,6.67,22.16941,82.93496,NH30_Patna_Visakhapatnam,Chhattisgarh
Goa,Unknown,2019,October,Tuesday,15:40,Serious,4,Cycle,7,2,Hazy,Village Road,Dry,Dark,Police Checkpost,100,34,Male,Valid,No,Straight Road,2,15,10,1,3,2,1,0,0,4,7,0,0,5.15,17.43858,78.53033,NH44_Nagpur_Hyderabad,Telangana
Haryana,Unknown,2023,June,Sunday,9:11,Fatal,5,Pedestrian,8,2,Clear,Village Road,Under Construction,Daylight,Signals,109,48,Male,,Yes,Curve,3,9,6,6,3,0,2,2,1,5,8,0,0,6.67,9.91024,77.40467,NH7_Varanasi_Kanyakumari,MP / Karnataka / TN
Haryana,Unknown,2021,January,Thursday,8:6,Serious,3,Car,7,2,Hazy,National Highway,Damaged,Dawn,Signals,36,46,Male,,Yes,Bridge,2,8,1,3,0,2,0,1,1,3,7,0,0,5.76,24.57803,78.9402,NH44_Agra_Nagpur,Madhya Pradesh
Himachal Pradesh,Unknown,2018,January,Saturday,10:39,Minor,5,Pedestrian,1,1,Rainy,Village Road,Wet,Dusk,Signs,107,28,Female,Expired,Yes,Straight Road,1,10,1,5,3,3,3,3,1,5,1,0,0,2.42,21.92259,80.20968,NH7_Varanasi_Kanyakumari,MP / Karnataka / TN
Andhra Pradesh,Vijayawada,2020,October,Sunday,11:32,Minor,5,Car,6,3,Stormy,Village Road,Wet,Dusk,,33,29,Male,Valid,Yes,Straight Road,1,11,10,6,3,4,3,3,1,5,6,0,0,5.76,9.40227,77.2417,NH66_West_Coast,Maharashtra / Kerala
Sikkim,Unknown,2019,April,Wednesday,8:9,Fatal,1,Auto-Rickshaw,3,0,Rainy,National Highway,Dry,Dark,Police Checkpost,38,60,Female,Valid,No,Curve,3,8,4,2,0,3,1,0,0,1,3,0,0,2.73,14.82508,76.5987,NH44_Hyderabad_Bangalore,Karnataka
Himachal Pradesh,Unknown,2018,March,Tuesday,14:39,Fatal,3,Auto-Rickshaw,3,2,Clear,Urban Road,Dry,Daylight,,114,19,Female,,Yes,Intersection,3,14,3,1,2,0,1,2,1,3,3,0,0,5.15,18.09292,78.41336,NH44_Nagpur_Hyderabad,Telangana
Karnataka,Mangalore,2023,July,Wednesday,21:13,Fatal,2,Pedestrian,5,3,Stormy,National Highway,Wet,Daylight,Signals,76,19,Female,Valid,No,Bridge,3,21,7,2,0,4,3,2,0,2,5,0,0,6.06,33.75403,74.81835,NH44_North,Jammu & Kashmir
Haryana,Unknown,2018,October,Wednesday,21:24,Serious,1,Pedestrian,9,1,Stormy,National Highway,Damaged,Dawn,Signs,50,64,Male,Valid,Yes,Curve,2,21,10,2,0,4,0,1,1,1,9,0,0,5.45,27.2015,82.50518,NH27_East_West,Rajasthan / MP / UP
Odisha,Unknown,2022,December,Sunday,23:55,Minor,4,Truck,0,5,Stormy,Urban Road,Damaged,Daylight,Signals,65,62,Male,,No,Curve,1,23,12,6,2,4,0,2,0,4,0,0,0,5.15,22.31542,79.19033,NH44_Agra_Nagpur,Madhya Pradesh
Rajasthan,Jodhpur,2023,June,Thursday,9:45,Fatal,2,Pedestrian,2,5,Rainy,National Highway,Wet,Daylight,Police Checkpost,93,50,Female,Expired,No,Bridge,3,9,6,3,0,3,3,2,0,2,2,0,0,6.97,24.28333,93.02292,NH27_East_West,Rajasthan / MP / UP
Delhi,Dwarka,2018,October,Saturday,11:49,Minor,3,Truck,6,2,Clear,Village Road,Under Construction,Dark,Police Checkpost,83,57,Male,Valid,Yes,Straight Road,1,11,10,5,3,0,2,0,1,3,6,0,0,4.85,14.50592,75.67549,NH48_Mumbai_Bangalore,Maharashtra / Karnataka
Puducherry,Unknown,2022,October,Wednesday,6:15,Serious,5,Bus,9,1,Rainy,Village Road,Dry,Dusk,,114,44,Female,Expired,Yes,Intersection,2,6,10,2,3,3,1,3,1,5,9,0,0,5.45,23.41747,83.83332,NH30_Patna_Visakhapatnam,Chhattisgarh
Gujarat,Surat,2018,October,Thursday,22:54,Serious,3,Two-Wheeler,4,0,Stormy,State Highway,Wet,Dawn,Signs,112,62,Female,,No,Bridge,2,22,10,3,1,4,3,1,0,3,4,0,0,2.42,24.52223,79.0223,NH44_Agra_Nagpur,Madhya Pradesh
West Bengal,Siliguri,2020,September,Friday,16:52,Serious,2,Car,10,3,Stormy,National Highway,Damaged,Daylight,Police Checkpost,100,37,Female,,Yes,Straight Road,2,16,9,4,0,4,0,2,1,2,10,0,0,7.58,27.02315,78.1758,NH44_Delhi_Agra,Uttar Pradesh
Madhya Pradesh,Unknown,2022,April,Wednesday,13:35,Fatal,5,Car,7,0,Foggy,Village Road,Dry,Dusk,,66,53,Female,,Yes,Straight Road,3,13,4,2,3,1,1,3,1,5,7,0,0,4.55,31.10617,77.13361,NH22_Shimla_Manali,Himachal Pradesh
Kerala,Unknown,2022,February,Monday,16:20,Serious,1,Truck,9,4,Foggy,Village Road,Damaged,Dawn,Police Checkpost,109,21,Female,,Yes,Bridge,2,16,2,0,3,1,0,1,1,1,9,0,0,8.18,12.99509,74.89719,NH66_West_Coast,Maharashtra / Kerala
Jharkhand,Unknown,2023,January,Monday,5:5,Fatal,5,Two-Wheeler,5,1,Stormy,State Highway,Under Construction,Dusk,,108,33,Female,Valid,Yes,Intersection,3,5,1,0,1,4,2,3,1,5,5,0,0,4.85,23.90366,79.12281,NH44_Agra_Nagpur,Madhya Pradesh
Kerala,Unknown,2019,April,Thursday,7:43,Fatal,3,Bus,8,4,Rainy,State Highway,Damaged,Dark,Signs,45,34,Female,,No,Straight Road,3,7,4,3,1,3,0,0,0,3,8,0,0,7.88,27.3487,77.7211,NH44_Delhi_Agra,Uttar Pradesh
Delhi,Rohini,2019,February,Tuesday,14:24,Serious,4,Two-Wheeler,3,2,Stormy,Village Road,Dry,Daylight,Signals,88,44,Male,Valid,Yes,Bridge,2,14,2,1,3,4,1,2,1,4,3,0,0,4.55,22.61334,88.38231,NH16_Kolkata_Chennai,Odisha / Andhra Pradesh
Bihar,Unknown,2019,December,Sunday,14:11,Minor,4,Pedestrian,8,0,Hazy,National Highway,Damaged,Dusk,Signals,110,50,Female,,Yes,Intersection,1,14,12,6,0,2,0,3,1,4,8,0,0,3.64,22.82776,88.50447,NH52_Barasat_Guwahati,West Bengal / Assam
Bihar,Unknown,2018,August,Friday,22:19,Minor,5,Bus,2,5,Foggy,National Highway,Wet,Daylight,Police Checkpost,41,21,Male,Expired,No,Intersection,1,22,8,4,0,1,3,2,0,5,2,0,0,5.76,21.183,79.01931,NH7_Varanasi_Kanyakumari,MP / Karnataka / TN
Arunachal Pradesh,Unknown,2022,November,Wednesday,17:18,Fatal,1,Car,1,5,Hazy,Urban Road,Damaged,Dark,Signs,102,52,Female,,No,Straight Road,3,17,11,2,2,2,0,0,0,1,1,0,0,6.67,17.14651,77.27689,NH9_Pune_Hyderabad,Maharashtra / Telangana
Assam,Unknown,2022,January,Thursday,4:19,Minor,4,Pedestrian,9,5,Stormy,National Highway,Wet,Dusk,,45,66,Female,Expired,Yes,Intersection,1,4,1,3,0,4,3,3,1,4,9,0,0,8.48,26.21334,78.51438,NH44_Agra_Nagpur,Madhya Pradesh
Odisha,Unknown,2021,April,Sunday,4:19,Fatal,2,Cycle,5,0,Rainy,Urban Road,Damaged,Dusk,Police Checkpost,65,42,Female,Valid,Yes,Curve,3,4,4,6,2,3,0,3,1,2,5,0,0,3.94,15.89971,80.25256,NH16_Kolkata_Chennai,Odisha / Andhra Pradesh
Chhattisgarh,Unknown,2018,January,Tuesday,8:0,Minor,5,Auto-Rickshaw,5,4,Clear,Village Road,Dry,Dawn,,46,49,Female,,No,Straight Road,1,8,1,1,3,0,1,1,0,5,5,0,0,5.76,19.90626,78.74322,NH44_Nagpur_Hyderabad,Telangana
Madhya Pradesh,Unknown,2020,March,Wednesday,5:26,Fatal,2,Auto-Rickshaw,0,2,Stormy,Urban Road,Damaged,Dusk,Signals,61,23,Female,Valid,No,Straight Road,3,5,3,2,2,4,0,3,0,2,0,0,0,3.64,23.01602,83.48003,NH30_Patna_Visakhapatnam,Chhattisgarh
Andhra Pradesh,Tirupati,2018,January,Thursday,6:38,Fatal,4,Car,2,3,Foggy,Urban Road,Dry,Dark,Signs,100,67,Male,Valid,Yes,Straight Road,3,6,1,3,2,1,1,0,1,4,2,0,0,5.76,23.43482,79.38191,NH44_Agra_Nagpur,Madhya Pradesh
Haryana,Unknown,2023,April,Sunday,18:53,Fatal,1,Cycle,9,1,Hazy,Urban Road,Under Construction,Dusk,Police Checkpost,71,54,Female,Valid,Yes,Straight Road,3,18,4,6,2,2,2,3,1,1,9,0,0,6.06,28.30051,77.1716,NH44_Delhi_Agra,Uttar Pradesh
Delhi,New Delhi,2018,September,Monday,20:44,Fatal,4,Auto-Rickshaw,5,4,Hazy,Urban Road,Wet,Dusk,Signals,115,25,Male,Expired,Yes,Bridge,3,20,9,0,2,2,3,3,1,4,5,0,0,7.58,19.8981,79.39495,NH7_Varanasi_Kanyakumari,MP / Karnataka / TN
Jammu and Kashmir,Unknown,2019,March,Thursday,3:48,Minor,4,Truck,6,5,Stormy,Urban Road,Damaged,Dark,Signs,91,22,Female,Expired,No,Bridge,1,3,3,3,2,4,0,0,0,4,6,0,0,6.97,23.46151,79.38372,NH44_Agra_Nagpur,Madhya Pradesh
Goa,Unknown,2019,January,Thursday,18:7,Fatal,1,Truck,0,3,Rainy,Village Road,Wet,Dawn,,97,45,Female,Valid,No,Curve,3,18,1,3,3,3,3,1,0,1,0,0,0,4.55,13.02952,80.31665,NH44_Bangalore_Chennai,Tamil Nadu
Telangana,Unknown,2020,July,Wednesday,21:14,Serious,2,Auto-Rickshaw,4,0,Stormy,State Highway,Damaged,Daylight,Signals,100,28,Male,Valid,Yes,Bridge,2,21,7,2,1,4,0,2,1,2,4,0,0,3.03,13.65296,79.37483,NH16_Kolkata_Chennai,Odisha / Andhra Pradesh
Telangana,Unknown,2021,November,Sunday,23:2,Serious,3,Truck,4,0,Foggy,Urban Road,Damaged,Dawn,,65,59,Male,,No,Straight Road,2,23,11,6,2,1,0,1,0,3,4,0,0,2.42,12.98617,74.81373,NH66_West_Coast,Maharashtra / Kerala
West Bengal,Kolkata,2018,October,Wednesday,15:22,Serious,4,Truck,7,2,Clear,Village Road,Under Construction,Dusk,Police Checkpost,35,67,Male,,Yes,Bridge,2,15,10,2,3,0,2,3,1,4,7,0,0,5.76,13.50033,77.47772,NH7_Varanasi_Kanyakumari,MP / Karnataka / TN
West Bengal,Siliguri,2018,October,Wednesday,10:22,Minor,2,Car,10,1,Stormy,Village Road,Damaged,Dusk,,86,56,Male,Valid,Yes,Curve,1,10,10,2,3,4,0,3,1,2,10,0,0,5.15,26.90446,80.98326,NH27_East_West,Rajasthan / MP / UP
Tamil Nadu,Madurai,2022,November,Tuesday,15:7,Minor,2,Cycle,8,2,Rainy,National Highway,Under Construction,Dusk,Signs,70,27,Female,Valid,No,Bridge,1,15,11,1,0,3,2,3,0,2,8,0,0,4.85,25.41395,89.81438,NH27_East_West,Rajasthan / MP / UP
Odisha,Unknown,2022,June,Sunday,19:6,Serious,1,Truck,1,2,Foggy,Village Road,Under Construction,Dawn,Signs,113,28,Male,Expired,Yes,Straight Road,2,19,6,6,3,1,2,1,1,1,1,0,0,3.94,24.87694,82.5213,NH7_Varanasi_Kanyakumari,MP / Karnataka / TN
Delhi,Rohini,2019,February,Tuesday,7:31,Minor,3,Car,3,5,Hazy,Urban Road,Wet,Daylight,,55,37,Female,,No,Intersection,1,7,2,1,2,2,3,2,0,3,3,0,0,6.06,25.86175,90.27208,NH52_Barasat_Guwahati,West Bengal / Assam
Jammu and Kashmir,Unknown,2022,February,Sunday,22:42,Serious,1,Bus,0,2,Foggy,Urban Road,Damaged,Dawn,Police Checkpost,114,38,Male,Valid,No,Curve,2,22,2,6,2,1,0,1,0,1,0,0,0,3.03,27.00799,78.17461,NH44_Delhi_Agra,Uttar Pradesh
Himachal Pradesh,Unknown,2022,August,Tuesday,4:41,Serious,4,Auto-Rickshaw,7,0,Rainy,Village Road,Dry,Daylight,Signs,100,56,Male,,Yes,Curve,2,4,8,1,3,3,1,2,1,4,7,0,0,3.94,14.92574,76.55524,NH44_Hyderabad_Bangalore,Karnataka
Arunachal Pradesh,Unknown,2021,June,Thursday,5:27,Serious,2,Truck,6,2,Hazy,Urban Road,Dry,Dark,Police Checkpost,81,70,Female,,Yes,Bridge,2,5,6,3,2,2,1,0,1,2,6,0,0,5.45,18.30107,74.26367,NH9_Pune_Hyderabad,Maharashtra / Telangana
Jammu and Kashmir,Unknown,2021,June,Tuesday,3:23,Fatal,5,Two-Wheeler,8,4,Stormy,Urban Road,Wet,Dark,Signals,53,51,Male,Valid,No,Curve,3,3,6,1,2,4,3,0,0,5,8,0,0,7.88,26.17863,81.4489,NH19_Delhi_Kolkata,Uttar Pradesh / Bihar
Uttar Pradesh,Varanasi,2023,February,Tuesday,3:27,Minor,4,Bus,9,1,Hazy,Urban Road,Wet,Dark,Signals,93,62,Male,Expired,Yes,Curve,1,3,2,1,2,2,3,0,1,4,9,0,0,4.85,15.37422,76.93582,NH44_Hyderabad_Bangalore,Karnataka
Manipur,Unknown,2019,March,Friday,20:41,Minor,3,Auto-Rickshaw,5,3,Rainy,National Highway,Under Construction,Dark,Signals,52,52,Male,Expired,Yes,Intersection,1,20,3,4,0,3,2,0,1,3,5,0,0,5.45,22.29694,82.96453,NH30_Patna_Visakhapatnam,Chhattisgarh
Sikkim,Unknown,2020,August,Monday,21:2,Serious,3,Car,8,2,Clear,State Highway,Dry,Dusk,,101,68,Male,Expired,Yes,Straight Road,2,21,8,0,1,0,1,3,1,3,8,0,0,6.06,28.50454,77.25235,NH44_Delhi_Agra,Uttar Pradesh
Puducherry,Unknown,2023,March,Sunday,22:16,Fatal,5,Pedestrian,6,0,Clear,Urban Road,Wet,Daylight,Signs,99,48,Female,,No,Intersection,3,22,3,6,2,0,3,2,0,5,6,0,0,3.64,26.24849,78.45951,NH44_Agra_Nagpur,Madhya Pradesh
Haryana,Unknown,2021,July,Thursday,1:55,Serious,4,Auto-Rickshaw,4,0,Stormy,Urban Road,Wet,Daylight,Police Checkpost,111,32,Male,Expired,Yes,Straight Road,2,1,7,3,2,4,3,2,1,4,4,0,0,3.03,19.6711,73.24593,NH48_Delhi_Mumbai,Rajasthan / Gujarat
Odisha,Unknown,2022,December,Friday,10:2,Minor,1,Bus,8,0,Hazy,National Highway,Under Construction,Dawn,Signs,59,42,Male,Expired,No,Intersection,1,10,12,4,0,2,2,1,0,1,8,0,0,3.03,13.00954,77.55467,NH44_Hyderabad_Bangalore,Karnataka
Jammu and Kashmir,Unknown,2021,December,Tuesday,17:17,Minor,1,Cycle,4,4,Hazy,National Highway,Wet,Daylight,Police Checkpost,43,52,Female,,No,Straight Road,1,17,12,1,0,2,3,2,0,1,4,0,0,5.45,29.17803,78.0475,NH58_Delhi_Badrinath,Uttarakhand
Meghalaya,Unknown,2022,November,Tuesday,18:10,Serious,4,Truck,8,4,Clear,State Highway,Damaged,Dusk,Signs,46,50,Female,Expired,Yes,Straight Road,2,18,11,1,1,0,0,3,1,4,8,0,0,7.88,27.97122,76.89003,NH48_Delhi_Mumbai,Rajasthan / Gujarat
Rajasthan,Udaipur,2022,December,Thursday,10:15,Serious,1,Pedestrian,3,0,Stormy,Village Road,Damaged,Dusk,,115,29,Male,Expired,Yes,Straight Road,2,10,12,3,3,4,0,3,1,1,3,0,0,2.73,26.15883,86.47628,NH27_East_West,Rajasthan / MP / UP
Jammu and Kashmir,Unknown,2022,March,Wednesday,9:2,Serious,3,Two-Wheeler,8,4,Stormy,State Highway,Dry,Dark,,108,45,Female,,Yes,Straight Road,2,9,3,2,1,4,1,0,1,3,8,0,0,7.88,18.59519,78.37077,NH44_Nagpur_Hyderabad,Telangana
Gujarat,Ahmedabad,2019,March,Saturday,17:47,Serious,4,Auto-Rickshaw,4,3,Hazy,State Highway,Wet,Dusk,Police Checkpost,84,47,Female,,No,Intersection,2,17,3,5,1,2,3,3,0,4,4,0,0,5.15,27.45999,77.73142,NH44_Delhi_Agra,Uttar Pradesh
Telangana,Unknown,2023,September,Wednesday,18:29,Minor,3,Cycle,5,1,Rainy,Urban Road,Dry,Daylight,Signs,79,36,Male,,No,Curve,1,18,9,2,2,3,1,2,0,3,5,0,0,3.03,26.78426,80.89423,NH27_East_West,Rajasthan / MP / UP
Bihar,Unknown,2022,May,Wednesday,2:56,Fatal,5,Two-Wheeler,7,1,Rainy,State Highway,Under Construction,Daylight,Police Checkpost,114,43,Male,Valid,No,Intersection,3,2,5,2,1,3,2,2,0,5,7,0,0,4.85,21.79805,79.11252,NH44_Agra_Nagpur,Madhya Pradesh
Delhi,Rohini,2023,January,Wednesday,5:29,Minor,2,Truck,6,4,Foggy,Urban Road,Damaged,Daylight,Signals,60,44,Female,Valid,Yes,Straight Road,1,5,1,2,2,1,0,2,1,2,6,0,0,6.67,23.04287,72.59623,NH27_East_West,Rajasthan / MP / UP
Tamil Nadu,Chennai,2019,March,Thursday,13:32,Fatal,3,Truck,8,2,Rainy,National Highway,Dry,Daylight,,107,68,Female,Expired,Yes,Intersection,3,13,3,3,0,3,1,2,1,3,8,0,0,6.67,23.04166,72.64112,NH48_Delhi_Mumbai,Rajasthan / Gujarat
West Bengal,Durgapur,2019,May,Thursday,17:46,Fatal,3,Truck,5,4,Rainy,National Highway,Dry,Dawn,Signs,36,69,Female,Expired,No,Curve,3,17,5,3,0,3,1,1,0,3,5,0,0,6.97,22.9178,79.47718,NH44_Agra_Nagpur,Madhya Pradesh
Chhattisgarh,Unknown,2019,August,Tuesday,7:23,Fatal,2,Two-Wheeler,6,2,Hazy,State Highway,Under Construction,Dusk,Signals,91,20,Male,Valid,Yes,Intersection,3,7,8,1,1,2,2,3,1,2,6,0,0,6.06,17.61955,78.5838,NH44_Nagpur_Hyderabad,Telangana
Bihar,Unknown,2020,March,Tuesday,9:11,Serious,3,Two-Wheeler,9,1,Hazy,Village Road,Damaged,Dawn,Signals,88,20,Female,,No,Intersection,2,9,3,1,3,2,0,1,0,3,9,0,0,4.85,27.23332,82.47129,NH27_East_West,Rajasthan / MP / UP
Rajasthan,Udaipur,2021,February,Wednesday,21:36,Serious,3,Truck,7,0,Foggy,National Highway,Damaged,Daylight,,50,57,Female,Expired,Yes,Straight Road,2,21,2,2,0,1,0,2,1,3,7,0,0,3.94,16.55629,77.62948,NH44_Hyderabad_Bangalore,Karnataka
Uttarakhand,Unknown,2023,July,Sunday,10:4,Minor,2,Two-Wheeler,4,1,Stormy,National Highway,Under Construction,Daylight,Signs,108,29,Female,,Yes,Bridge,1,10,7,6,0,4,2,2,1,2,4,0,0,3.33,33.34907,75.35783,NH44_North,Jammu & Kashmir
Haryana,Unknown,2023,February,Saturday,1:53,Fatal,1,Truck,10,3,Hazy,State Highway,Damaged,Dawn,Signals,52,68,Male,Valid,Yes,Bridge,3,1,2,5,1,2,0,1,1,1,10,0,0,8.18,26.30721,75.19984,NH48_Delhi_Mumbai,Rajasthan / Gujarat
Jammu and Kashmir,Unknown,2021,November,Wednesday,13:23,Minor,3,Bus,0,2,Clear,Village Road,Dry,Dark,Signs,49,30,Male,Expired,No,Straight Road,1,13,11,2,3,0,1,0,0,3,0,0,0,2.42,33.48024,75.12152,NH44_North,Jammu & Kashmir
Meghalaya,Unknown,2022,May,Wednesday,6:27,Fatal,5,Bus,0,3,Hazy,State Highway,Wet,Dawn,Signs,120,53,Female,Expired,No,Intersection,3,6,5,2,1,2,3,1,0,5,0,0,0,4.55,25.27285,83.0198,NH19_Delhi_Kolkata,Uttar Pradesh / Bihar
Maharashtra,Nagpur,2022,January,Tuesday,2:2,Minor,2,Auto-Rickshaw,9,0,Hazy,State Highway,Damaged,Dawn,Signs,32,62,Female,Expired,Yes,Straight Road,1,2,1,1,1,2,0,1,1,2,9,0,0,3.94,32.16684,77.14012,NH22_Shimla_Manali,Himachal Pradesh
Uttarakhand,Unknown,2018,March,Sunday,10:16,Fatal,3,Car,8,4,Hazy,State Highway,Wet,Dark,Police Checkpost,76,33,Male,Expired,No,Intersection,3,10,3,6,1,2,3,0,0,3,8,0,0,7.88,13.29924,77.51365,NH48_Mumbai_Bangalore,Maharashtra / Karnataka
Chandigarh,Unknown,2023,August,Monday,9:59,Minor,1,Truck,7,3,Rainy,Village Road,Under Construction,Dark,Signs,65,64,Female,Valid,Yes,Bridge,1,9,8,0,3,3,2,0,1,1,7,0,0,6.06,11.17214,77.93608,NH7_Varanasi_Kanyakumari,MP / Karnataka / TN
Kerala,Unknown,2019,December,Friday,19:36,Serious,5,Truck,5,4,Clear,Urban Road,Damaged,Dark,Signs,44,23,Female,,Yes,Curve,2,19,12,4,2,0,0,0,1,5,5,0,0,6.97,19.85501,78.73148,NH44_Nagpur_Hyderabad,Telangana
Himachal Pradesh,Unknown,2021,December,Friday,12:1,Serious,1,Auto-Rickshaw,5,3,Hazy,State Highway,Damaged,Dusk,,30,36,Female,,No,Straight Road,2,12,12,4,1,2,0,3,0,1,5,0,0,5.45,22.96232,72.63349,NH27_East_West,Rajasthan / MP / UP
Delhi,Dwarka,2023,February,Wednesday,11:56,Serious,3,Bus,9,5,Rainy,Village Road,Under Construction,Dark,Signs,100,47,Male,Valid,No,Intersection,2,11,2,2,3,3,2,0,0,3,9,0,0,8.48,31.82877,77.44308,NH22_Shimla_Manali,Himachal Pradesh
Jharkhand,Unknown,2023,November,Wednesday,5:3,Fatal,1,Bus,3,0,Clear,State Highway,Dry,Daylight,Signals,118,68,Male,,Yes,Curve,3,5,11,2,1,0,1,2,1,1,3,0,0,3.33,28.85011,77.45931,NH58_Delhi_Badrinath,Uttarakhand
Meghalaya,Unknown,2018,June,Friday,22:52,Minor,4,Bus,0,3,Hazy,National Highway,Under Construction,Dawn,Signals,119,30,Female,Valid,No,Curve,1,22,6,4,0,2,2,1,0,4,0,0,0,3.33,23.5108,86.07622,NH19_Delhi_Kolkata,Uttar Pradesh / Bihar
Bihar,Unknown,2021,March,Saturday,3:0,Minor,4,Two-Wheeler,4,2,Foggy,State Highway,Damaged,Dark,Signs,72,58,Female,Expired,No,Straight Road,1,3,3,5,1,1,0,0,0,4,4,0,0,3.64,23.47805,79.30225,NH44_Agra_Nagpur,Madhya Pradesh
Meghalaya,Unknown,2020,December,Sunday,2:40,Serious,5,Auto-Rickshaw,6,4,Rainy,Urban Road,Wet,Daylight,Signals,99,60,Female,Expired,Yes,Curve,2,2,12,6,2,3,3,2,1,5,6,0,0,7.27,23.61853,73.25757,NH48_Delhi_Mumbai,Rajasthan / Gujarat
Chhattisgarh,Unknown,2020,September,Friday,3:24,Minor,1,Car,8,0,Clear,Urban Road,Wet,Dawn,Police Checkpost,107,18,Male,,Yes,Straight Road,1,3,9,4,2,0,3,1,1,1,8,0,0,3.64,10.84274,76.20837,NH66_West_Coast,Maharashtra / Kerala
Tripura,Unknown,2018,December,Tuesday,20:47,Minor,5,Car,3,0,Rainy,National Highway,Dry,Daylight,Signals,33,58,Male,Expired,Yes,Bridge,1,20,12,1,0,3,1,2,1,5,3,0,0,2.12,19.90297,85.46891,NH16_Kolkata_Chennai,Odisha / Andhra Pradesh
Bihar,Unknown,2023,August,Wednesday,2:7,Fatal,3,Pedestrian,0,2,Foggy,Urban Road,Under Construction,Dark,Police Checkpost,118,42,Male,Valid,Yes,Straight Road,3,2,8,2,2,1,2,0,1,3,0,0,0,4.24,17.22003,76.26058,NH9_Pune_Hyderabad,Maharashtra / Telangana
Uttarakhand,Unknown,2021,February,Monday,10:47,Fatal,5,Cycle,5,4,Hazy,Urban Road,Dry,Daylight,Signs,78,56,Female,Expired,No,Intersection,3,10,2,0,2,2,1,2,0,5,5,0,0,6.97,17.32102,78.53881,NH9_Pune_Hyderabad,Maharashtra / Telangana
Tamil Nadu,Chennai,2021,January,Sunday,1:15,Minor,5,Truck,4,3,Foggy,National Highway,Wet,Dark,Signs,74,43,Male,Expired,Yes,Intersection,1,1,1,6,0,1,3,0,1,5,4,0,0,5.15,19.23583,84.81545,NH16_Kolkata_Chennai,Odisha / Andhra Pradesh
Uttarakhand,Unknown,2018,July,Sunday,10:12,Fatal,3,Car,3,0,Hazy,Urban Road,Under Construction,Daylight,,86,23,Female,,Yes,Intersection,3,10,7,6,2,2,2,2,1,3,3,0,0,3.33,21.80786,79.06932,NH44_Agra_Nagpur,Madhya Pradesh
Meghalaya,Unknown,2021,January,Thursday,19:34,Minor,2,Two-Wheeler,8,5,Rainy,National Highway,Dry,Dark,Signs,47,57,Female,Valid,Yes,Intersection,1,19,1,3,0,3,1,0,1,2,8,0,0,8.18,17.3875,78.5417,NH9_Pune_Hyderabad,Maharashtra / Telangana
Meghalaya,Unknown,2023,June,Sunday,20:54,Fatal,1,Cycle,9,2,Stormy,Urban Road,Under Construction,Daylight,Signs,60,28,Female,Expired,Yes,Bridge,3,20,6,6,2,4,2,2,1,1,9,0,0,6.97,22.71431,88.55577,NH52_Barasat_Guwahati,West Bengal / Assam
Arunachal Pradesh,Unknown,2020,September,Monday,7:19,Fatal,5,Cycle,1,3,Hazy,National Highway,Under Construction,Daylight,,40,66,Male,,Yes,Bridge,3,7,9,0,0,2,2,2,1,5,1,0,0,5.45,12.61977,79.48065,NH44_Bangalore_Chennai,Tamil Nadu